PC1	PC2	PC3	PC4	PC5	V6	V7	V8	V9	V10	race	ldpred	residual_score	residual_score2
-0.0139188309093473	0.0273413244855008	-0.00545906914975434	-0.020050406970841	0.000872044828914627	-0.00425016447736493	-0.011516270501558	0.00341197683933965	-0.00283805041799545	-0.00202135034915688	EUR	0.521949	0.334293121130303	0.11175189083504
-0.0139107821606021	0.0276062122172822	-0.00519274073468958	-0.0192315038215832	-0.00089656469847471	-0.00448953702241133	-0.0134085681741409	0.00473146081002418	-0.00112841025906343	-0.000807073615898585	EUR	0.0258564	-0.160180349312394	0.0256577443058405
-0.0137631106070143	0.0268178069128956	-0.00560830064942299	-0.0188092975146057	-0.000149565541703524	-0.0056580551931557	-0.0147880217371457	0.00347922845576489	-0.00431626504566211	0.000112539664720619	EUR	0.29813	0.108339820398713	0.0117375166840254
-0.0136581679631946	0.0273021428821206	-0.00504394126321112	-0.019116734963055	-0.00022986588653186	-0.00409617601236394	-0.00679722415303435	0.00173409827975964	-0.00524698185229024	-0.00130500011553252	EUR	0.855904	0.667584660014013	0.445669278286026
-0.0137241777632608	0.0271968845266883	-0.00623592973842314	-0.0200771780873339	-0.000430745830025175	-0.00642552854682384	-0.0176082944821016	0.0020263534791086	-0.000981700122261805	-0.000610126675692587	EUR	0.571336	0.382696054238882	0.146456269930009
-0.0140411842543436	0.0268787505247743	-0.00554032180723072	-0.0184093676038306	-0.00156175140910867	-0.00500000680715683	-0.0174602458119011	0.00158473616238037	-0.000594858154397504	-0.00243930252068592	EUR	0.163706	-0.0246395029762864	0.000607105106918426
-0.0137123664638634	0.0268981650686315	-0.00547515737112318	-0.0195337717110615	-0.00138188688758277	-0.00377672810147794	-0.0107117401941853	0.00371340807106148	-0.0036165532495068	-0.00301032413580277	EUR	0.591097	0.400991045239391	0.160793818362179
-0.0138541713620961	0.02727318780259	-0.0051299835707226	-0.0188409789931885	-3.92590705605265e-05	-0.0046319508948054	-0.0106948490744878	0.0071194759604635	-0.00176085020052692	-0.00167973561845875	EUR	0.290964	0.103383072112209	0.0106880595993583
-0.0140332561105934	0.0271021421450809	-0.0046978295199433	-0.0183324909115719	-0.00022528818479617	-0.00323470624204772	-0.00729746066171572	0.00592885413911769	-0.0011200131554746	-0.00174297204909528	EUR	0.310075	0.122406476754974	0.0149833455515661
-0.0139809019158844	0.0266952855844219	-0.00568082573007193	-0.0190112573342641	-0.000472566329044274	-0.00558814498353697	-0.0168060029204447	0.00723710042564828	0.00115376895598057	-0.000718639905716652	EUR	-0.186928	-0.376659228991839	0.141872174784727
-0.013632979754211	0.0268705006793484	-0.00492205569205416	-0.0187922174125737	-0.000279900606312489	-0.00507474158826765	-0.0159514726632007	0.00427700422666568	-0.00226992288426503	0.00239794453975875	EUR	-0.494359	-0.684652869457631	0.468749551656568
-0.0136953800184814	0.0272220621627459	-0.00566397950113869	-0.0210773693105016	0.000158257073753411	-0.00366705656486273	-0.00894173036777235	0.00227491163206805	-0.00346599874043344	-0.00115753716472251	EUR	0.259724	0.0701971818800423	0.00492764434389974
-0.01379101979617	0.0267144404193316	-0.00526271823974276	-0.019894711246429	-0.000258380737104004	-0.00582489331801232	-0.0139485256515304	0.00393163699520779	-0.00224277403477122	0.00376284955209789	EUR	0.482436	0.291395673332112	0.0849114384366751
-0.0138152500056416	0.0274340714678381	-0.00532901575139422	-0.0182671742729009	-0.000811948420888503	-0.00545963811809093	-0.0178904343450293	0.00418890762669192	-0.00222240063101725	-0.000707995433273859	EUR	0.789377	0.602885301156058	0.363470686350031
-0.0139177723169708	0.0269243589727386	-0.00499131504587607	-0.0195950722163251	0.000788581099253831	-0.00261550760327191	-0.0145658808381453	0.00253822250186735	-0.00260880457348139	-0.00046464962567355	EUR	0.0747639	-0.114797172201083	0.0131783907453652
-0.0138584775930557	0.0275079762174851	-0.00497544610673431	-0.0191755617688643	-0.000591303796502506	-0.00385172649754403	-0.0129117658534311	0.004092689165294	-0.00411441711538202	-0.00200250651362937	EUR	-0.0788495	-0.265593627250964	0.0705399748363242
-0.0136731974299415	0.0269213552187847	-0.00458314230558383	-0.0205308183065201	-0.000787746185407599	-0.00582995449649419	-0.0142605557833713	0.0027016483534386	-0.00100121434225235	-0.0018423460154095	EUR	0.704652	0.513464806009568	0.263646107010444
-0.0135580699211523	0.0273141912294356	-0.00526644234355369	-0.0193700468596952	-0.00046103616126166	-0.00422767469009002	-0.0123689988665983	0.00282597369186668	-0.00285443664511757	0.001208964773208	EUR	0.1534	-0.0352543911018326	0.00124287209196097
-0.0139713900287115	0.0276484552819616	-0.0051790826993799	-0.0200567012088749	-0.00135299117299613	-0.00665616920273277	-0.0138439399219642	0.00589590246296273	-0.00243503458248666	0.00214370568028702	EUR	0.592247	0.406081244552128	0.164901977177005
-0.0140179914255585	0.0270235457455661	-0.00522555601259327	-0.0190942813449547	-0.000256272512631898	-0.00422010054996379	-0.0132726548339229	0.0043865002599764	-0.00183150656954971	0.00336538891699812	EUR	0.861149	0.672823514066881	0.452691481081307
-0.0138040275856312	0.0271185936995675	-0.00549137863152597	-0.0184260824183206	-0.000208424673033782	-0.0049438868037175	-0.0144611656465949	0.0057153579870278	-0.00182870064097005	0.00164464765861228	EUR	0.235297	0.047253502547918	0.00223289350304609
-0.0137421193176918	0.0271393425669574	-0.00588913394384504	-0.019193755659245	-0.00032760540562997	-0.00544264022293065	-0.0122667631688493	0.00374741793867956	-0.00121571482064872	-0.000221660642308142	EUR	0.11889	-0.0695634984718808	0.00483908031964736
-0.0140608465731272	0.0273385276637356	-0.00518458945711085	-0.0202419454328384	-0.000473579986775095	-0.00570041014884511	-0.0149633111419765	0.00377376365851716	-0.0022331469965916	0.000993923846777088	EUR	1.45967	1.27222562364746	1.61855803746517
-0.0139343467198281	0.0266276610333967	-0.00502367836850414	-0.0189683173833	-0.000488739573953424	-0.00368730333705956	-0.0147922486445844	0.00423240925840854	-0.00162554872505327	0.000578044819460287	EUR	1.29293	1.10243793838889	1.21536940799915
-0.0140309147162428	0.0275315780768502	-0.0055584372609079	-0.0203103792990848	-0.000496685586349676	-0.00395099582951722	-0.00982832406175585	0.00495622267405274	-0.0021346880697799	-0.000412289073912368	EUR	0.0390351	-0.147463953246174	0.0217456175069898
-0.0138646043298537	0.0276122575355679	-0.00414328716221331	-0.0185549239396358	-0.00094960451730861	-0.00407835028573773	-0.012480366630948	0.00435001958840615	0.00075375620658827	-0.000673304589280346	EUR	-0.205161	-0.391392180582637	0.153187839021232
-0.0137532351211915	0.026541245046414	-0.00578012617021387	-0.0188764474766748	0.000456444856644216	-0.0062422577351538	-0.0185208136989288	0.0040104479432345	-0.0023145311391602	1.69892236481512e-05	EUR	0.697567	0.506476302959181	0.2565182454592
-0.0139317761412134	0.0277225024564977	-0.00490647239888486	-0.0201859334000153	0.000641077527131701	-0.00404984469769941	-0.0114224248243939	0.00159222312482047	-0.000912064847018943	0.00324986725008451	EUR	0.783943	0.59778196361306	0.357343276021086
-0.0140960505090432	0.0273368393247069	-0.00586119458685265	-0.0197508642291277	-0.000897386260955076	-0.00385454382589279	-0.00615091337081618	0.00447278536539126	-0.00198649802211984	-0.000634231059602721	EUR	0.261779	0.0750793847461849	0.00563691401386566
-0.0137827339503838	0.0278744493938214	-0.00488583641737507	-0.0201255981424032	0.000551500115581689	-0.00365835447698	-0.0082082054580561	0.00668508640973524	-0.00363393044021868	0.000682101375596137	EUR	0.686263	0.500347444882366	0.250347565600312
-0.0137340690535003	0.0269194398361956	-0.00523466624875763	-0.0191934862834681	-0.00178505482232379	-0.00616242380029734	-0.0119632607995937	0.000764627570250937	-0.000653504673848922	-0.00121369956583689	EUR	-0.332757	-0.522587082347826	0.273097258636814
-0.0134578444895453	0.0276702964480569	-0.00472446735075849	-0.0196083891958748	0.00096298893465139	-0.00176750837559167	-0.00401317549004906	0.000660619288752651	-0.00233082953454023	0.000842432087494851	EUR	0.866549	0.678830308752445	0.460810588080939
-0.013552444947852	0.0272571088042932	-0.00494509671697678	-0.0197512085151944	-0.00165985302174427	-0.0027631114820808	-0.00662655973010406	0.00498653003795995	-0.00234855159428909	0.00273924059530009	EUR	-0.0907341	-0.280072556261162	0.0784406367706619
-0.0137693011981937	0.0275236671456602	-0.00559853505134194	-0.0196588637574934	-0.000343106722095087	-0.00310316580490831	-0.00613502499953367	0.00141579931971824	-0.00295452777572733	-9.17092872837308e-05	EUR	0.225188	0.0382066193722213	0.00145974576385379
-0.0138124736094216	0.0276997913225269	-0.00518141484750755	-0.0196189749818773	-0.000154681529629457	-0.00326288854414664	-0.00718995016140967	0.00437326038406398	-0.00320248608938408	-0.000202965847465476	EUR	0.643154	0.456976682403987	0.208827688260954
-0.0138258868203735	0.0268395705344577	-0.00569418168635289	-0.0195947486999281	0.000127018717026111	-0.00545345625618957	-0.0121727009898394	0.00270908183209328	-0.00171505926923106	-0.000647972804771165	EUR	-0.17482	-0.364755993123465	0.133046934519485
-0.0137666876931119	0.0274488801597091	-0.00526828018063833	-0.0196161088609769	0.00107428465776516	-0.00417864279776557	-0.00744769688849134	0.00249940051066172	-0.00145468823924883	7.8636425846588e-05	EUR	-0.225135	-0.412608129514539	0.170245468541487
-0.0136604562413527	0.0269477069682526	-0.0052806937782534	-0.0196420751844265	0.00135663732529599	-0.00286356836847552	-0.00886755226210674	0.000840863992098137	-0.0016353666449462	0.00111084782560821	EUR	0.159658	-0.0305498169995585	0.000933291318706513
-0.0137279311595015	0.0276949865974266	-0.00511767052107716	-0.0199214465000401	-0.00116516047017007	-0.00334870281182798	-0.00804907462014737	-9.63598167303296e-05	-0.00166763964349821	-0.00301057003208507	EUR	0.0622496	-0.124457473456004	0.0154896626990519
-0.0138195849002445	0.0274437427442617	-0.00519049470876186	-0.0192491970360951	0.000197905351504493	-0.00505214418055514	-0.0140860904290867	0.00314878418225624	-0.000681904288614912	0.000903454676515932	EUR	0.454795	0.267672114289497	0.0716483607682098
-0.013969150151392	0.0274251037113322	-0.00513917919610487	-0.0188083017733931	-0.00106352697055845	-0.00507032019249823	-0.0122808958632809	0.00498777726290511	-0.000141323803018159	0.000799300966388246	EUR	0.734496	0.5480441216008	0.300352359221192
-0.013645790583028	0.0273814018883092	-0.00431641026230432	-0.0203045198527962	-6.92297267835078e-05	-0.00223205369911649	-0.00825414189879367	0.00529772451797913	-0.000902043126826644	-0.000291221345767001	EUR	1.01626	0.827170938660923	0.684211761765192
-0.0138576155782793	0.0276764876513642	-0.00433827046670887	-0.0195657297321243	-0.000443633024328495	-0.00437697082759323	-0.00860120186015264	0.00271616885559639	-0.00158415100583048	-0.000139434783000049	EUR	0.528766	0.342263455939942	0.117144273271953
-0.0139952755530166	0.0268267633308514	-0.00534618523270213	-0.0200328418748638	-0.000238070709669429	-0.00345872138574041	-0.00895854845699914	0.00475188006630377	-0.00474085430641465	0.00149983699002901	EUR	-0.0868004	-0.276672202245776	0.0765475074955273
-0.0139623051271452	0.0272923507881958	-0.00573019680097341	-0.0202156105876269	-0.000416887225248803	-0.00283101291619247	-0.00546708177604573	0.00586241659724325	-0.000441192486637735	-0.000110461917332514	EUR	0.371808	0.184090525414947	0.0338893215475511
-0.0139376562470591	0.0276398203003185	-0.00517716221083361	-0.0204469213054503	0.000232731799643375	-0.00461435014639976	-0.0101855591697139	0.00575486607944975	-0.00174774472161132	-0.00234032315588916	EUR	0.340964	0.154394610334279	0.0238376957002738
-0.0134809028510367	0.0277858270286042	-0.00632587496613595	-0.0205706565070207	-0.0015073437539192	-0.00432119084123663	-0.0114958258678286	0.00465633532944593	0.000812840917857727	-0.000528429518163319	EUR	0.285437	0.0984896308833867	0.00970020739154576
-0.0136681335347326	0.0269444211291691	-0.00548201379974209	-0.020160349254912	0.000611876600511601	-0.00529896042865079	-0.0108724924004917	0.00270884275286358	-0.00266754377567884	0.000792528698716864	EUR	0.994657	0.804224990377507	0.646777835147702
-0.0135899415739462	0.0267270397920512	-0.00529248649370475	-0.0193240849143417	0.000324875840925779	-0.00212541801590493	-0.00644822305376172	0.0039745413613089	-0.00173166900878543	0.00139577977764488	EUR	-0.568223	-0.759501812791622	0.57684300363376
-0.0138571171489898	0.028293568113211	-0.00619958615027972	-0.0209908681403066	-0.000344761380785297	-0.0008869053166193	-0.00705566086406556	0.00257760782549206	-0.00157100062406089	1.33227773793398e-05	EUR	1.27104	1.08742716531367	1.18249783986211
-0.0139085783241937	0.0270658133187036	-0.0058735835536975	-0.0187809273345335	0.000867718028887816	-0.00471602147591336	-0.011903034144255	0.0049570942266884	-0.00133347710067047	-0.00126660367832095	EUR	0.611128	0.423142142851999	0.179049273057382
-0.0136540899381644	0.0274596556269273	-0.00546106260721913	-0.0200723694041785	0.000120517177208357	-0.00508683141514508	-0.0113042327560264	0.00163584725456589	-0.00219591198559362	-0.00204331666380542	EUR	0.796821	0.608821393696524	0.370663489422578
-0.0136740121264364	0.0268101322471459	-0.00612322365482609	-0.0190702123488291	6.7347518194994e-05	-0.00460450636248008	-0.0114522290448836	0.00222648463429116	0.000888009171914747	0.000374934568080387	EUR	0.482829	0.29278172700147	0.0857211396659636
-0.0137084991882176	0.0268852289352209	-0.00582077864258532	-0.0197746747619568	-0.000262005930783779	-0.00243694923885621	-0.0115658419919768	0.00456383990975432	-0.00281873724077331	-0.00207790623424471	EUR	0.270264	0.08009476798994	0.00641517185936231
-0.0139877206332147	0.027656573970094	-0.00632108907098548	-0.019661084072477	0.000473467861612749	-0.00479201198440666	-0.00904764405350481	0.000617988219208053	-0.00250718647929002	-0.00232854742005813	EUR	0.176217	-0.00906069154943467	8.20961313539969e-05
-0.0142162684067482	0.0219567038459799	-0.00690457697075209	-0.0170984703816345	-0.00226971510872005	-0.0208856137242666	-0.0865105013314902	0.00643840443439767	0.00743860857889359	-0.000674537927674168	EUR	0.43792	0.228399047827149	0.0521661250483484
-0.0141454843449768	0.0227784297415449	-0.0067981097323268	-0.0177981815615681	-0.000462418946475029	-0.0211758049475871	-0.0815120868310035	0.00963586233172476	0.00671451393981355	-0.00205713023649031	EUR	0.0689116	-0.137462456292673	0.0188959268900151
-0.0140366520055269	0.0243299366638303	-0.00754039627122776	-0.0196685633360105	-0.00114847936574108	-0.0153293794328555	-0.0624053244732806	0.00806467302311951	0.00355399962285624	-0.00137923241786134	EUR	0.520409	0.32015848505172	0.102501455550613
-0.01411035296637	0.0225138512417784	-0.00753276431887189	-0.0177699166825094	-0.000653676029715536	-0.0206058464196647	-0.0831491451364876	0.00955774072478209	0.00398309728595303	-0.00119924985381304	EUR	0.999096	0.791721469001169	0.62682288447737
-0.0136963944237351	0.0213530259075448	-0.0067321796009674	-0.0174559063747948	-0.000558184585603154	-0.0202002526041321	-0.0802760276738589	0.00396868205671498	0.00542648938996399	0.00210596184220137	EUR	-0.00538757	-0.219816262187008	0.0483191891218676
-0.0140673270750655	0.0229442245070273	-0.00698107710219614	-0.018675618486318	-0.000667235843172117	-0.0182595335347234	-0.074160777163668	0.00606046990648196	0.00477600939727541	-0.00120834462056841	EUR	-0.441745	-0.648070607825294	0.419995512727046
-0.0137822088956664	0.0224750096485183	-0.00627771640272303	-0.0181206609257005	-0.000969260607177552	-0.0173458955380058	-0.0727834230938978	0.00664761050356717	0.00643783323843453	0.00284994172112212	EUR	-0.622374	-0.831854592643309	0.691982063301765
-0.0141202428060579	0.0225635653319271	-0.0068131647145381	-0.0191493314155975	-0.00169164140422214	-0.0188386580580098	-0.0706147880621191	0.00525541844293355	0.00471481144211046	-0.0017325915177774	EUR	-0.221533	-0.429860280548915	0.184779860793592
-0.0131103542580019	0.0231510576379107	-0.00497400330780642	-0.0172268848686928	-0.00100964194648491	-0.0104764732822331	-0.0480185541835147	0.000311815774728424	0.00557374516719229	-8.07919762690259e-05	EUR	-0.505907	-0.714502404932477	0.510513686654293
-0.0139015249420942	0.0221705221319671	-0.00713766220775517	-0.0163679027946029	-0.00231764831178521	-0.0206811197315799	-0.0799465273330191	0.00535211194790152	0.00623898341210331	0.00133434397170857	EUR	0.10566	-0.103332465271921	0.0106775983791727
-0.0138262216695144	0.0227702100324922	-0.00570560717578204	-0.0187558426744749	-0.00167644203983541	-0.0209928729264233	-0.082965452580678	0.00642210864690737	0.00469700609037859	-0.00204359837225309	EUR	0.303161	0.0945459854050788	0.00893894335621737
-0.0141404229774201	0.0221628524594542	-0.00636809927398878	-0.0187653306925855	-0.00168353777807583	-0.0193068274271228	-0.0856039438130801	0.00931266078545628	0.0043496114118739	-0.00170190030637422	EUR	0.246325	0.0362059964268024	0.00131087417725763
-0.0138414323519142	0.0224060036000387	-0.00683363428950996	-0.0183308400143017	-0.00053954447339781	-0.0192822130079935	-0.0833334577576787	0.00636641027406002	0.00620556664375864	-0.000304533350132436	EUR	0.146971	-0.0625061673290966	0.00390702095417302
-0.0139441094342098	0.0213263894221278	-0.00738141525424869	-0.017701288640459	-0.00129478062447454	-0.0207623273083563	-0.0861016678885405	0.00550624629153357	0.00652461633724161	0.0018711466684479	EUR	-0.0150323	-0.228602158098881	0.0522589466874659
-0.0140076276605065	0.0235945803142423	-0.00674229040224856	-0.0187310428965572	-0.00126289164473325	-0.0185681504673738	-0.0704478708842063	0.0065391474930607	0.00553600374500859	0.000354127834868583	EUR	0.10059	-0.103013320655816	0.010611744232538
-0.0138310727418696	0.0226975312904007	-0.00727914309571183	-0.0182693783595818	-0.000841568424605832	-0.0181052163223593	-0.0698471284812122	0.00565363223169072	0.00312953177959142	0.000791959578298606	EUR	0.729297	0.521412850643816	0.27187136081651
-0.0137642008316175	0.0225867675659044	-0.00492969280663495	-0.0176333265300347	-0.000743077487663035	-0.0181226971058021	-0.0676789852116278	0.0101475618251545	0.00445315649331071	-0.00105306521450337	EUR	0.840965	0.631621448297934	0.39894565394998
-0.013631338210812	0.0268232722444274	-0.00558688813364481	-0.0183471581465797	-0.00116700154457518	-0.00253054623136586	-0.00242715263408312	0.00186655954565301	-0.000891024830580533	-0.00161809946363458	EUR	-0.00203872	-0.191961639414722	0.0368492710067877
-0.0136804418820219	0.0276885665162249	-0.0050136998898835	-0.0184766997331381	-0.000637680021402779	-0.0032521179304067	-0.007686849673909	0.00343172531806086	-0.00229554705434699	0.00101107438161069	EUR	-0.128208	-0.314234023998719	0.0987430218384272
-0.0137119623535181	0.0274148343391752	-0.00502471953853797	-0.0189458153082036	-5.40995574735629e-05	-0.00280946808711114	-0.00773236450184347	0.00196708642472197	-0.00113452216955323	-0.00170445193623233	EUR	0.377381	0.18987441750658	0.0360522944234632
-0.0138091201269525	0.0273770582257208	-0.0049210966636633	-0.020160815149937	0.000571763378639752	-0.00330735614825342	-0.00767726484472813	0.00174101085112984	-0.00162313482708503	0.000341973922104504	EUR	-0.182754	-0.370935795966284	0.137593364729141
-0.0137676808017168	0.0269743219031776	-0.00467069731399575	-0.019030523841355	-0.000114448971741586	-0.00223942180309756	-0.00914732517663013	0.00359833133572311	-0.000182417174668347	0.00207031013235773	EUR	0.973467	0.783844819319472	0.614412700773976
-0.01358952756291	0.027428447396122	-0.00482125882850477	-0.0201428538243696	0.00108872800373208	-0.00359924270670181	-0.00841715861631199	0.00259719949737774	-0.00116769096244587	-0.00190495393963301	EUR	0.244864	0.0561510396260604	0.0031529392510874
-0.0137657407059179	0.0273155994556819	-0.00483349467975438	-0.0200341968014919	-0.00114195691096049	-0.00400307931365709	-0.00769394238890833	0.00415149266938017	0.000145396628843939	-0.00152211060681883	EUR	0.0975016	-0.0910772119409851	0.00829505853494312
-0.0138651875964186	0.0272406992347037	-0.0048510890698957	-0.0199504074793521	-0.00110770690599059	-0.00522856011592605	-0.00738471634680281	0.00342824802956795	-0.00233051026823467	0.000436640744929191	EUR	-0.308078	-0.496614674767813	0.24662613519474
-0.013745869714237	0.0277543862167	-0.0049869418592969	-0.0192261126172757	0.000728950870250399	-0.00441188364851435	-0.0135903017782379	0.00169780372880727	0.000398041036625059	-0.000697613099489679	EUR	0.691915	0.505929571703599	0.255964731524187
-0.0139570837336623	0.0273228013207906	-0.0049238099140019	-0.0195258258271122	-0.000483722637347197	-0.00437840934117697	-0.00890541387445803	0.000834415956889114	-0.0031682629716689	0.00269737355968373	EUR	0.93873	0.751194929794464	0.564293822548909
-0.0137609397550767	0.02704820578155	-0.00621534901764271	-0.0183890591770048	0.000304275683806476	-0.00377332724585875	-0.0104004514681715	0.00508585823012829	-0.0015277415238677	-0.00135905235677461	EUR	-0.704354	-0.892507024680961	0.796568789104862
-0.0137670254180159	0.0277293808463104	-0.00550065757016858	-0.0189144066845607	-0.000610327027814932	-0.0039297690582488	-0.00901056858910824	-0.000852609204706504	-0.00241117365683288	-0.00141234419161025	EUR	0.134149	-0.0514406946223487	0.00264614506322974
-0.0137209375336332	0.0275437413794802	-0.00548125456251849	-0.0192625052062519	-0.00149688197609259	-0.00328701049612954	-0.002686621188209	0.00167449947607346	-0.00191052836030799	0.000736176941566876	EUR	0.148477	-0.0383753271447068	0.00147266573346327
-0.0136074017771961	0.0265243965486807	-0.00511336206169525	-0.0185765503201312	0.000608855605807734	-0.0033650696838587	-0.00665400851383689	-0.000550689851254	-6.9516520008025e-05	-0.000145724070476241	EUR	0.198145	0.00635882091919293	4.04346034823656e-05
-0.0136533133439795	0.0268658322412925	-0.00532473074399804	-0.0197566066691143	-0.000476727081763476	-0.00314664449103109	-0.00437253198603282	0.00379168557202308	-0.00220754908861652	0.000518530360493665	EUR	1.11569	0.92501944960725	0.8556609821517
-0.0138289649633863	0.0274291670961364	-0.00544327771045257	-0.0194099023086104	0.00169594740262994	-0.00365953299430359	-0.007135621984238	0.0031848146559176	-0.00181047033753574	-0.00258564958872711	EUR	0.239774	0.0526315679707338	0.00277008194705797
-0.014003339631057	0.0275650113206389	-0.00543796996965374	-0.0184924904561107	-0.000342962539463445	-0.0019966081494367	-0.00333762696847264	0.000966434904493317	-0.00153673310188609	0.0019244016115959	EUR	-0.221532	-0.40686499182365	0.165539121571658
-0.0137598172385158	0.027091756039754	-0.00626117149957234	-0.0203505147170403	-0.00097994650369805	-0.00455256583649533	-0.0113593405639452	0.00368689570989408	-0.000762149265368343	0.00217763582814313	EUR	0.324659	0.135480147694011	0.018354870419191
-0.0137023854464019	0.027320346796783	-0.00527710441418471	-0.0198958408261093	-0.000686404833810071	-0.00271156645314023	-0.00706636708301678	0.00358245655491348	0.000313507260935041	-0.0018644227436442	EUR	0.973124	0.784653721842463	0.61568146320123
-0.0137066693059135	0.0273467189096245	-0.00460624219214463	-0.0193878271073171	-0.000562491661017028	-0.00141080234798367	-0.00388503414621572	0.005606736847996	-0.00167095645415552	0.00317991231732517	EUR	0.0281318	-0.160194775187914	0.0256623659975064
-0.0136110039625479	0.027588974568244	-0.00539703287610488	-0.0191606438719701	7.23327304950544e-05	-0.00384076769449385	-0.00988173889757102	0.00248408604033806	-0.00351961502143816	0.000900195949718976	EUR	-0.0513647	-0.238347923908161	0.0568097328313305
-0.0138681959194038	0.0278992404974378	-0.00596097475060385	-0.0202043587059988	-0.00188253366220709	-0.00488049208533042	-0.0106906731235275	0.00217301490660878	-0.0016725335778011	0.000486100291214019	EUR	0.0596814	-0.125369034913457	0.0157173949151316
-0.0135314508318269	0.0276141833101583	-0.00531816343109184	-0.0183659049456417	-0.000891865874965282	-0.002761310068213	-0.00821290300076178	0.00281210598453553	-0.00229212288675195	0.00053525412450691	EUR	0.163342	-0.0233206790302525	0.000543854070432058
-0.0137285109861616	0.0274888837420478	-0.00605811132475943	-0.0205762244913878	7.66849304859492e-05	-0.00372201657975789	-0.0073993079591176	0.00335085976442647	7.95040385622125e-05	-0.000965097566976214	EUR	0.363835	0.17618632180189	0.0310416199900792
-0.0136485528434667	0.0274175992607447	-0.00518564505290096	-0.0197977330246752	-0.00046512344261958	-0.00280605336763702	-0.0055012654534959	0.00407071723832519	-0.00325294981004523	-0.00143484272775379	EUR	-0.2734	-0.461572805480762	0.213049454759381
-0.013921722081572	0.0274827668679888	-0.00541892420859364	-0.0189597391745588	0.000249493980397355	-0.00405854184238092	-0.0132032004171458	0.00538939238942919	0.000143891639180701	-0.00320344632284632	EUR	0.560776	0.374473601216071	0.140230478007733
-0.0137854905284045	0.0273631297246542	-0.00519085031079358	-0.0202209376458871	1.40720554073141e-05	-0.00355308847646892	-0.00737194378128417	0.0059700105000351	-0.000669504078013568	-0.00136125781236991	EUR	0.803906	0.61566893820437	0.379048241469696
-0.013964882908902	0.0273809861931528	-0.00584833616956335	-0.019262202383187	-0.000116787036120236	-0.00551241097767656	-0.00786434834872723	0.00431177635104851	-0.00199253490461685	0.00123990019435575	EUR	0.2448	0.0581733357689079	0.0033841369944821
-0.0138367484511494	0.0274114215961012	-0.00458986510641916	-0.0188640932749493	0.000586399130954317	-0.00258833233107793	-0.00554392736966003	0.00521144193258277	-0.00168295439802932	-0.00110786803794556	EUR	0.0989795	-0.088278534596037	0.00779309967042371
-0.0139391226331469	0.0276994641167193	-0.00619013022307581	-0.0193319544002399	-0.00126112334667221	-0.00308277165058078	-0.00723870881371865	0.00312878674067109	-0.001307265201285	0.000620246590294571	EUR	0.480502	0.295411007155825	0.0872676631488188
-0.0138292352817961	0.0276254840411297	-0.00505807514253035	-0.0193372316331721	-0.00107769601479277	-0.00335884986461749	-0.0114680389930584	0.00377333120963603	-0.00191751399694425	0.00303163278278787	EUR	-0.69799	-0.884341100144764	0.782059181405251
-0.0138268286688003	0.0225819376128969	-0.00645670741790866	-0.0195115089411614	-0.00126652313019829	-0.0182599292216273	-0.0809717151692163	0.00585795318286318	0.00649773180789027	-0.00102189533943871	EUR	0.477141	0.267514419195257	0.0715639644773756
-0.0138858410195242	0.0225176728661941	-0.00636815586202441	-0.0188647877187598	-0.00135100604534026	-0.0196646133942681	-0.0820256592514227	0.00469637362578526	0.00797920315144893	-2.34044785846826e-06	EUR	0.462555	0.253193079442054	0.0641067354773504
-0.0139813033178351	0.0234084254041707	-0.00585361420500446	-0.019833328106758	-0.000549317245909316	-0.0177517196569555	-0.0700012929232472	0.00746899947823315	0.00180098596686757	0.00282978940914474	EUR	0.619636	0.413940388510121	0.17134664523991
-0.0137631573874033	0.0230297507823489	-0.00677266828330497	-0.0177170391501986	-0.00140627069649397	-0.0215653088585339	-0.0866329067063663	0.0115004202985629	0.00641127813649824	0.00098914048602687	EUR	0.476476	0.270043873971313	0.0729236938694346
-0.0140325672156871	0.0213692680335514	-0.00672656136260393	-0.0189777234024417	-0.00119927002841215	-0.0240408790268483	-0.0970476964630624	0.00538757543220443	0.00781963302310706	0.00198155919756912	EUR	0.723733	0.509538486628461	0.259629469355622
-0.0139309010290423	0.0210884651888461	-0.00649943410971071	-0.0171166550829133	-0.00122396605136665	-0.02118981912158	-0.0859790200218002	0.00851566131923415	0.00685809199676336	0.00306717447820801	EUR	0.541828	0.327043230553468	0.106957274650849
-0.0139228465808471	0.0236173351559411	-0.00690379955200786	-0.0198483524783916	-0.00136487661445528	-0.0193363391241027	-0.0714337494367469	0.00631532412564863	0.00207350806585472	-0.000237486624292094	EUR	0.895939	0.691523270513005	0.478204433661002
-0.0138988548205244	0.0230770028140913	-0.00770736272889321	-0.0188428159044261	-0.00114661438539488	-0.0179881750482744	-0.072631701302979	0.00612680551030269	0.00231263350961642	0.00147224461766434	EUR	0.0200868	-0.185939069806643	0.0345733376805597
-0.0139737846301368	0.0235348259877717	-0.00710030123728687	-0.0193080738590006	-0.00110968444284199	-0.01738320030943	-0.0705164039227439	0.00666352577398697	0.00407025776403105	0.000726945767707702	EUR	0.26705	0.062853313200993	0.00395053898034212
-0.0138547874246255	0.0227052830799151	-0.00696092524937427	-0.0179193813533966	-0.000519678223637386	-0.0207283764903389	-0.08044051836943	0.00912766226957465	0.00585663158852631	0.00114665246082566	EUR	0.257371	0.049674855126291	0.002467591231818
-0.0140629981785802	0.0239746400111413	-0.00639441400617139	-0.0177826370748031	-0.00250231591227636	-0.0144841438792423	-0.0565673610228321	0.00686334683513652	0.00316598302338373	0.000822965101407285	EUR	-0.035882	-0.237065386089399	0.0561999972817159
-0.0140514748702756	0.0226410850311772	-0.00609954455582373	-0.0167072201218871	-0.00123155651418581	-0.0186587051866714	-0.0817863620602559	0.0103485926937166	0.00615576365209598	-0.00011620089695569	EUR	-0.159432	-0.366407692150345	0.134254596866942
-0.0139666917386701	0.0229825360712888	-0.00704027535548228	-0.0189954222774234	-0.000990237238851109	-0.0204973402875486	-0.0777941123987959	0.00545410882927189	0.00346251262768989	-0.0016350394840299	EUR	0.207378	0.000719599974929569	5.17824123918636e-07
-0.0140241067278602	0.0229139686431516	-0.00697588821635997	-0.0173005764463369	-0.00110314811248651	-0.01835130479265	-0.0763639935174375	0.00865311996413103	0.00235055178964012	-0.00211858161617849	EUR	0.97206	0.766319755485889	0.587245967647952
-0.0138942478077373	0.0227018948871515	-0.00696490358594032	-0.018449825724598	-0.000995631572365165	-0.0208308398893009	-0.0828477526246176	0.0066819456314887	0.00298557917262417	0.0032247266872627	EUR	-0.012476	-0.220391578228905	0.0485724477542277
-0.0139384974635664	0.0233631063582617	-0.006210212777638	-0.0188099447377993	-0.00123928198218932	-0.0192189951389358	-0.0764065466913592	0.00820691947385439	0.00638688973242109	0.00138041167565919	EUR	0.0510854	-0.154146656011864	0.0237611915596399
-0.0139523965799323	0.0221567157064829	-0.00688039080558388	-0.0178023397296722	-0.00183448133847129	-0.0225925152878927	-0.088858887497683	0.00748822254740909	0.00600940064322964	0.0022140344068758	EUR	0.189367	-0.0205558196495989	0.000422541721466837
-0.0141929385042866	0.0230891406991698	-0.00615680469615133	-0.0178160910844948	-0.00158101179221344	-0.0211169258243806	-0.0881835014781844	0.00676200522539362	0.00452918522116465	-0.00283004185840695	EUR	-0.00120015	-0.206263468930795	0.042544618615365
-0.0141651211076995	0.0220645633359747	-0.00668528285284214	-0.017771649173371	-0.00232054438760727	-0.0228974146434579	-0.0924679311081604	0.00659734327416105	0.00507633061327273	0.00121091587734706	EUR	0.762005	0.552288537468914	0.305022628619552
-0.0138571685340373	0.0225738130114331	-0.00673141426752166	-0.0176109242196093	-0.000916090117277348	-0.0225967019858683	-0.0901285476489656	0.00946607295905158	0.00721327201148842	-0.000734175155724708	EUR	1.10961	0.901388318218876	0.812500900221453
-0.0140407434929221	0.0241186673919669	-0.00617293985265539	-0.0175700794913541	-0.000898206943548425	-0.018169473979143	-0.0676087602177149	0.00974661784022681	0.00434707685823018	0.000682351679855991	EUR	0.885969	0.685421226636658	0.469802257924101
-0.0137110017743048	0.0220060221836178	-0.00669809390238816	-0.0182321716160205	8.82194732538415e-05	-0.0186784037712853	-0.0734412215730412	0.00767959492293391	0.00340392303614206	0.00037742793089168	EUR	0.145154	-0.066652157335756	0.00444251007751037
-0.0138205297508497	0.0232929048793503	-0.00725889997416031	-0.0183884223724781	-0.000662022695889177	-0.0194952862968188	-0.0766385098250285	0.00617012450817181	0.00535208262269851	9.19221373951369e-05	EUR	0.138043	-0.067150024717175	0.00450912581951721
-0.0139226442240011	0.0234265704506564	-0.00702813838874222	-0.0191101443859021	-0.000625380887844937	-0.0175712619374801	-0.0659323642092891	0.0084042461120725	0.00463202504462171	2.7938785386226e-05	EUR	-0.117195	-0.321983040075338	0.103673078096157
-0.0140024563336584	0.0242221393940062	-0.00659178399999895	-0.0190442307471129	-0.00144607716230266	-0.0157402673101011	-0.0573684465616842	0.00668192984616969	0.00358255509790136	-0.00292389094342068	EUR	0.214681	0.0137532743144938	0.000189152554369715
-0.0138906723548727	0.0218873075556641	-0.00719264605559349	-0.0186714678064676	-0.00116288246936665	-0.020559058868404	-0.0834747805323642	0.00651066444762202	0.00690403685936773	0.000143600404928348	EUR	1.33487	1.12306208625332	1.26126844957967
-0.0141311721982211	0.0225778780542866	-0.00722253189785076	-0.0172743134804777	-0.00106045027831278	-0.0190979345163437	-0.0751402900267243	0.00695979273467701	0.00496832133190539	-1.05699509575334e-05	EUR	0.408291	0.20145708965302	0.0405849589714649
-0.013951918659876	0.0237598534059365	-0.00581515814962349	-0.0191687465995353	-0.00137137988511282	-0.0204936796515966	-0.0753353850833782	0.00851601880588195	0.00321290674484388	0.000510921295478403	EUR	-0.467912	-0.671641432407717	0.451102213726689
-0.0139170031698219	0.0227045200017311	-0.00705169058709124	-0.0187161686791906	-0.000566459721461287	-0.0210705003678371	-0.0811831793923536	0.00811923652550191	0.00782123593197395	0.00186254220360359	EUR	0.376354	0.168398862512787	0.0283581768956005
-0.0139426898780596	0.0234131275340213	-0.00688600868853341	-0.0181246159760108	-0.00077292150986612	-0.0178126373242852	-0.0673052178511207	0.00761278460321731	0.00335327735902792	-0.00138185657357312	EUR	-0.817436	-1.02165991049807	1.04378897271893
-0.0141103218447395	0.0226119830539016	-0.00704590457353518	-0.0181121460582387	-0.00207863009966256	-0.0199575921789883	-0.077874221019693	0.00864170642347208	0.00445525142501766	0.00244746402111158	EUR	0.466344	0.258983421442984	0.067072412582314
-0.0139840575956195	0.0219830095365197	-0.00657163357612157	-0.019229625707249	-0.00088038390660521	-0.022553995801066	-0.0906185412195511	0.00904361932717397	0.00581187480875081	-0.00216673001023669	EUR	-0.404856	-0.616548864227592	0.380132501980334
-0.0138238225729978	0.0223408972789896	-0.00743270390962527	-0.0184751560341488	-0.0018536046555671	-0.0224361923128767	-0.0919197478800188	0.00932079674980387	0.00736781614372497	-0.000127141399572599	EUR	0.385397	0.175745972777578	0.0308866469475373
-0.0143036538511353	0.0219987759152862	-0.00747742308050722	-0.0181512375886699	-0.00158490316139578	-0.0230746895640173	-0.0916098696003056	0.00971702903372928	0.00377393309363467	-0.00229105850396574	EUR	-0.272942	-0.4823689820404	0.232679834834692
-0.0140667188405726	0.0234167242425168	-0.00731692921065132	-0.019264357508997	-0.00149549637416522	-0.0209236764414855	-0.0816258289672292	0.00581652194761471	0.00432954213491994	-0.00298750347609802	EUR	0.032441	-0.171870401572121	0.0295394349365623
-0.0138894203402878	0.0228761705442947	-0.00676428422092128	-0.0181786986721262	-0.00208620564788024	-0.0202565072874916	-0.0764420789109457	0.00654748598971402	0.00499821150261587	-0.000791821608923283	EUR	0.324047	0.117015682389769	0.0136926699251433
-0.0139274837335056	0.0228204175416718	-0.00703737902233389	-0.0176659088286802	-0.0012532893218307	-0.0208892250383103	-0.0772758890477826	0.00657650980791333	0.00406614658625681	0.00122888599079694	EUR	0.174475	-0.0322352689887681	0.00103911256677823
-0.0141086093392945	0.0239256574724358	-0.00633348997760892	-0.0184435916301606	-0.000930245441627822	-0.0187903205814094	-0.0684458639747689	0.00669946085951266	0.00239915347675905	-0.000549020915828786	EUR	0.545316	0.343604511653336	0.118064060428528
-0.013864362657947	0.023105763785856	-0.00703022764608062	-0.018031181661671	-0.000672316791215109	-0.0188919431810666	-0.0725541927919484	0.00468892107974998	0.00193122307782214	0.00171373336193085	EUR	-0.0122479	-0.21805864069033	0.0475495707797143
-0.0141038614595389	0.0235522911588244	-0.00682665181873353	-0.0171200211262299	-0.00230813553821874	-0.0184208593497889	-0.0743137722254716	0.00542178823292389	0.00544621261775013	-0.003677384260446	EUR	-0.40588	-0.608293308549716	0.37002074922636
-0.0139346844184718	0.022879619101263	-0.00659728332728546	-0.0180668024699639	-0.000476104967379512	-0.0184185421262336	-0.0688530401795587	0.00705869739951287	0.00652604437664277	0.00143785974950171	EUR	-0.285452	-0.492323031531775	0.242381967376637
-0.0139378882871253	0.0243573413536615	-0.00715590478119639	-0.019442571073408	-0.000984868015359042	-0.0171681957223142	-0.0692970838369517	0.00849335769233843	0.00422597662284703	-0.000305509455091207	EUR	1.06178	0.861288266848763	0.741817478611346
-0.014053682568642	0.0231249230203186	-0.00735427058864262	-0.0188457182191882	-0.000806319755403969	-0.0180577610941117	-0.0784040784066751	0.00712188684350134	0.00454865120338412	-0.00116950045810322	EUR	0.655839	0.450390027858729	0.202851177194587
-0.0140316224443032	0.0227872203159002	-0.00707413117377095	-0.0187444684627747	-0.000438250803836752	-0.0192375753221009	-0.0795221845651641	0.00683132689517981	0.00614361156159091	-0.00077473328096339	EUR	0.919053	0.71186624256074	0.506753547297547
-0.0140387965732833	0.0236921137650008	-0.0072302771917564	-0.0181910199850242	-0.00174328522315061	-0.0169159697554612	-0.0685913784577689	0.00812051756264557	0.00453220783081801	-0.00124833902014327	EUR	0.324499	0.122037039991031	0.0148930391297725
-0.0138202363468053	0.0229316526172589	-0.00613786863815507	-0.0172991711041266	-0.000759049862589113	-0.020645906831836	-0.0784987096199324	0.010926105754235	0.00550204685807255	-0.00304457973344641	EUR	0.407379	0.200639806541616	0.0402563319690573
-0.0137615546884792	0.022860070434466	-0.00599433133491102	-0.0174287104943858	-0.00160627189734122	-0.017893497316208	-0.0677982193875585	0.00747208993916884	0.00607826217467394	-0.000865578748766709	EUR	-0.11248	-0.319905211749843	0.102339344504712
-0.0132628525532697	0.0230596097410381	-0.00544983178553904	-0.0172300253251637	0.000430061307776876	-0.0116487399257576	-0.0464484672028746	0.00401601067658589	0.00260450825118153	0.000984049690360805	EUR	-0.300942	-0.509232731763265	0.259317975099077
-0.0141984122588502	0.0222350179821914	-0.00707162106838715	-0.0192200908878132	-0.000604640643388434	-0.0205394184220662	-0.0824130036617697	0.00216229868799456	0.00502306880827911	0.0012395310044639	EUR	0.756336	0.546797393164744	0.298987389171759
-0.0138003285381604	0.0227745440978616	-0.00648679072442255	-0.0180554759205488	-0.000884304824934181	-0.0195914710135772	-0.0812643755942758	0.00675646911311669	0.00389237911120186	-0.000927769764836473	EUR	0.458725	0.250860926557374	0.0629312044732243
-0.0140537917283752	0.0250269227516743	-0.00555507483019502	-0.0184562891901884	0.000551594501520271	-0.0119719681476538	-0.0473682271848992	0.00777371137143	0.000922975760884501	0.00184818379510301	EUR	0.129361	-0.0677113854879472	0.00458483172469738
-0.0140373986953022	0.0232817272788331	-0.00685190401600008	-0.0185950902815433	-0.0017220971049418	-0.0199219632820328	-0.0776311727714006	0.00801326297160865	0.00453533068200911	-0.00318515089208876	EUR	-0.27831	-0.483152211909504	0.233436059873046
-0.0139893170840141	0.0241614845241084	-0.00686423643696856	-0.0194749060316192	-0.000886828830520409	-0.0177699028111961	-0.0723982643461777	0.00874493074779385	0.00204947515063823	-0.000765435153577308	EUR	0.336235	0.134831789827494	0.0181796115480855
-0.0137728102695913	0.022467340365994	-0.00662361597245562	-0.0187832034101534	-0.00145068658854389	-0.0217370257919349	-0.0840628785875624	0.00826688050513124	0.00479494442563691	0.000288170408064457	EUR	0.394278	0.184471950209354	0.0340299004140423
-0.0137004649211139	0.0248493797726578	-0.00583248680989511	-0.0188828273288448	-0.00186328529936332	-0.0143698055490835	-0.0494876015399117	0.00566980336306791	0.00199128408710904	0.00359361521878758	EUR	0.144032	-0.0552060381164999	0.00304770664452044
-0.0138199782100337	0.0227239086843231	-0.00712699757384452	-0.0186341880291178	-0.00248072211186296	-0.0192316011555856	-0.0799985195672587	0.00705990204660112	0.00705606968806539	-0.00172502369567578	EUR	0.92242	0.714318437284442	0.510250829844487
-0.0139486965512762	0.0231705598135971	-0.00651279807717313	-0.0196901391062512	-0.00100545784228319	-0.0189558282465849	-0.078915807762163	0.0110807607561288	0.00662874367635786	-1.13138024499053e-05	EUR	0.45396	0.247435903206583	0.0612245261956574
-0.0142014934486944	0.0237045975878094	-0.0061510250066741	-0.0185731164208558	-0.000340179805974766	-0.0180929497713234	-0.0718367046586666	0.00426390377468698	0.00662764242109671	-0.00146337994934428	EUR	0.6952	0.49258728763691	0.242642235941488
-0.0138281773490507	0.0230482016149999	-0.00728831042095112	-0.0180281373387672	-0.000591527032858138	-0.0182053772001442	-0.0735648793936962	0.00884015365626724	0.00508976607059442	0.000447159120823642	EUR	0.985434	0.779354410490434	0.607393297150893
-0.0141229605103266	0.0229619600927306	-0.00602229836578239	-0.0181053997488698	-0.00114560025703476	-0.0194712934713459	-0.0757219196329925	0.00504575759284996	0.00557349185687137	-0.00223642064121924	EUR	0.089081	-0.117066378715518	0.0137045370255651
-0.0139906404112932	0.0222541738033026	-0.00844398129167311	-0.0192591577270689	-0.00186065780361167	-0.0230935469297974	-0.0950815269165255	0.00797064902607636	0.00557190275647947	0.000967750847423599	EUR	0.252619	0.0431001454736684	0.00185762253985138
-0.0139668062139163	0.0237966919382033	-0.00579581533108138	-0.0178454564896318	-0.00116734424864692	-0.0177167316184823	-0.0720399373822388	0.00674695009801997	0.00596083929094961	-0.00184265035411645	EUR	0.518971	0.316299380857361	0.10004529833075
-0.0139880882130957	0.0219933338827375	-0.00630247667165556	-0.0165860651993295	-8.03790402973369e-05	-0.0210545440086581	-0.090826853755353	0.00680513015424723	0.00701032556927175	-0.00126163546929394	EUR	-0.408035	-0.618109436366863	0.382059275325761
-0.0140755634314555	0.0229754008122235	-0.00682816251926602	-0.0169822703454106	-0.000492625664274596	-0.0192440908590261	-0.0732977796055214	0.00962742399578653	0.00287036690791306	0.00133768031136854	EUR	-0.183765	-0.388909634228371	0.151250703595645
-0.0139110305810066	0.0231970353411754	-0.00731260744124306	-0.0184741295904909	-0.00159077147855601	-0.0184262470313272	-0.0705249632943651	0.00805809267970301	0.00371636901679673	0.000516601571319654	EUR	-0.50429	-0.709660798957273	0.503618449576675
-0.0140726294926808	0.0230459478473075	-0.0067449715461133	-0.019111219416897	-0.00258970397608683	-0.0229967735103157	-0.091720501350377	0.00631297394158804	0.00472810230183242	-0.000215420361388575	EUR	0.262235	0.0560179367160734	0.003138009233926
-0.0140245244709008	0.0229830263473576	-0.00602402885550787	-0.0174535947266856	-0.000756733985428257	-0.0180361758505966	-0.0789190185117593	0.00857391706472064	0.00604376005864513	-0.000895389706964547	EUR	0.139074	-0.0668885928511119	0.00447408385360182
-0.0141777719414617	0.0224414308283198	-0.0068888784952517	-0.0167263781252156	-0.00139618154195561	-0.0170479132580842	-0.0714079258879224	0.00515828677203196	0.00309489083847337	-0.00324046023752461	EUR	-0.235573	-0.442704316502426	0.19598711184988
-0.0140912537486159	0.0218890625017002	-0.00753548636076256	-0.0180179218481004	-0.00189999320308804	-0.0231326199473083	-0.0965442740357406	0.00923624056587545	0.00981875695239068	-0.00280721965445156	EUR	0.17007	-0.0404763427669625	0.00163833432378864
-0.0140300051756546	0.0228759695690598	-0.00692945770135337	-0.0177001318928498	-0.0010220172817334	-0.0221134425785748	-0.0860656046638248	0.0108230249866444	0.00592579081472389	0.00213758287186927	EUR	-0.32807	-0.534246500963124	0.285419323791341
-0.0138819595083882	0.0229771113380414	-0.0068332723000814	-0.0182491426719355	-0.000346670364811105	-0.0207985378711829	-0.0809952904474597	0.0113744924985722	0.00523501882785371	0.00148815329119698	EUR	-0.150272	-0.356863718028118	0.127351713244852
-0.0141769063403743	0.0227937559471911	-0.00735001177437736	-0.018904763193866	-0.00120286221927051	-0.0196939647383263	-0.078705086256408	0.00950166399886574	0.00404863409054665	0.00105646229736535	EUR	-0.0971084	-0.303747093240119	0.0922622966518213
-0.0141343323643309	0.0211789735084374	-0.00770276412610052	-0.0184887167317071	-0.00225159478919741	-0.0214981445271743	-0.0858368870621231	0.00765549730843334	0.00370220204740719	-0.00093639996832983	EUR	0.447505	0.233529182382183	0.0545358790240911
-0.0139409522415494	0.0233268124566661	-0.0061784804299706	-0.0191239577111314	-0.00104969237993108	-0.019853496254643	-0.0827208343048334	0.00837529498678235	0.00739720927857546	0.000681689929424455	EUR	-0.496198	-0.701808349608447	0.492534959580133
-0.01401344728404	0.0243318378884529	-0.00601598766939444	-0.0195270743075612	-0.000873342255433898	-0.0175082031812404	-0.0707131515891195	0.00632810876209763	0.00264418208394697	-4.15273471479467e-05	EUR	1.07733	0.876376042794737	0.768034968384562
-0.014026693334581	0.0231242514973342	-0.0068740297115218	-0.0197816081817607	-0.0021571174001429	-0.0185416863263267	-0.077277207233948	0.00780060306494439	0.00700332167880263	0.00283711627143955	EUR	-0.0192174	-0.225584701737502	0.0508884576579979
-0.013949952531411	0.0231939398316559	-0.00658375440697505	-0.0164711501896048	-0.00203243791804036	-0.0183136135955351	-0.0766254848264782	0.00939105465230849	0.00490954853163346	7.78557477451737e-05	EUR	0.527907	0.323581906011082	0.104705249897765
-0.0139876083322159	0.0247476039229715	-0.0065195800942718	-0.0192112172200483	-0.000527003458696932	-0.014178319919792	-0.0554822478317518	0.00713400001857104	0.0024709364345405	0.000860906700959503	EUR	0.145313	-0.0533234934813012	0.00284339495705037
-0.0141374683570822	0.023578006787992	-0.00685230889486142	-0.0194139131456702	-0.000936639609193186	-0.0216748799711149	-0.0798271482778698	0.0126212796872453	0.00511951084839324	-0.00136487544219471	EUR	0.592585	0.388956964849424	0.151287520504876
-0.0140780912607128	0.0222139340018804	-0.00736776820455098	-0.017843695154455	-0.00147129405189794	-0.0231484297952857	-0.0866219812041254	0.00701786236777277	0.00416239102803446	0.0020364533286858	EUR	0.384095	0.175070099091132	0.0306495395957788
-0.0138912912406275	0.0230375803305987	-0.00771796763615376	-0.0193438407901165	-0.00184049433444872	-0.0218011186985784	-0.0906934125648167	0.00815194689981088	0.00597103779140057	0.000463276144474078	EUR	0.594258	0.387706386126035	0.150316241842911
-0.0140234399783215	0.023241700820097	-0.00625032936010334	-0.0186930383350929	-0.000223276682398417	-0.0195237699726069	-0.0783289397304259	0.00963869647602637	0.00435092009026365	-0.00112173827255433	EUR	-0.391518	-0.596944502966209	0.356342739621575
-0.0121467918099657	-0.0343066347874593	-0.00158390947857187	-0.0178698221453806	-0.000205302950077749	0.000785649634559387	0.000700297367470536	0.00197958553802046	-0.00126121228067574	-0.000660671140458153	EAS	1.10521	0.619977492971137	0.384372091790777
-0.0122797755081812	-0.0344233937458581	-0.00186111914301199	-0.0180967671918518	-0.000328832688849631	-0.000181436810141267	0.00143785709773094	-0.000438295766942728	-0.000633356541174893	-0.00114377441069981	EAS	-0.0985034	-0.583853333459037	0.340884714991229
-0.0121713077535445	-0.0347409900461153	-0.00111882292732233	-0.0180807909963625	0.00043642842999243	-0.00104581319473186	0.00174575119514441	0.00130681258020776	-0.000129737096592533	-0.000597446829024362	EAS	1.48408	0.996522905790694	0.993057901765527
-0.0123782564646452	-0.0346879745071991	-0.00162697088032447	-0.0185676483638574	0.000876153400280888	0.000235821464819368	0.00129150877042333	0.00190838701170161	0.000124232343638553	-0.000862576125371357	EAS	-0.110876	-0.597555928921503	0.357073088189241
-0.0124130755751753	-0.0346044720955612	-0.0029397735732137	-0.0179125225809459	0.000232601594320592	0.000695855796621271	0.00206399458889077	0.000538738800003493	0.000309308419892574	-0.00138668036345823	EAS	-0.141766	-0.626893194759649	0.392995077635959
-0.0123913972420606	-0.0344064436123393	-0.00176913773910561	-0.0165258144825476	-0.000455172938207934	-8.18977723273705e-05	0.000118452805680004	0.000560484002822593	-3.59872077002642e-05	-0.000119666689627018	EAS	0.176614	-0.307323767492099	0.0944478980655378
-0.0123701834369285	-0.0345622543042688	-0.0020460727931482	-0.0177043835644571	0.000275408375096399	0.000274307544617186	0.000561541501070644	0.00344160995415585	-0.00161799651075807	0.00131794588386417	EAS	1.02083	0.535465877098115	0.286723705536454
-0.012287620660962	-0.0344471718263674	-0.00150678266745428	-0.0176249568394494	-5.11550254946844e-06	0.00039041773255164	0.00166674338426694	-0.000297337812386522	-0.000462549889210245	-0.00041074939455174	EAS	0.618735	0.133431260216508	0.0178039012029654
-0.012302522124684	-0.0346433449807506	-0.00233284611050474	-0.018888173652782	-0.000391563970269506	0.00046573156140588	0.00165192713214279	0.00317126965054604	-0.00139091739253702	-0.000455582687570865	EAS	0.49903	0.0124377107514911	0.000154696648737758
-0.0124116313296152	-0.0344762671866597	-0.00232902493230367	-0.0178951060273624	-0.000724464436440652	0.000405301943349332	0.00182736906054586	-9.22225588713793e-05	-0.00156748137279066	0.00106835851815774	EAS	0.3817	-0.10310573015088	0.0106307915899461
-0.0123456574503184	-0.034470267824022	-0.00235466210141135	-0.0173344225223529	-0.000444424479616911	0.000656076409717518	0.00156514580725265	0.00133019487757016	0.000895646221710172	-0.000572876427114322	EAS	1.01913	0.53450028673084	0.28569055651535
-0.0123731866629198	-0.0347107418238147	-0.00175218783471032	-0.0177991620291478	0.00026891564303427	6.69460432807744e-05	0.000526647795177075	-0.000175977288585983	0.000859814318293846	-0.0012285289111201	EAS	0.631192	0.144936579360019	0.0210066120365831
-0.0125276738837522	-0.035095454057837	-0.00219817679422068	-0.0190462676719698	-0.000500060191055926	0.000815979789497134	0.00181262408755373	0.00166874684729865	-7.58980954887999e-05	0.000150053119394263	EAS	0.735818	0.247682178236852	0.0613464614161518
-0.0125033847332702	-0.0342895075656019	-0.00173190445157069	-0.0185733652823146	0.000177809996533142	0.000259543641919369	0.000192286547500975	0.00424267916411741	0.000790584153831446	-2.17788591947076e-05	EAS	0.922281	0.43794975728508	0.191799989906061
-0.012299563766653	-0.0341089676579926	-0.00158719752305921	-0.0177208421492479	-0.000829514992581832	0.00117604221848926	0.00110523389884187	-0.0016102847425407	0.000440675327688803	0.000192556166576521	EAS	0.304338	-0.179351096942553	0.0321668159744971
-0.0125952092435223	-0.0343700369603858	-0.00139790793220207	-0.0179132475020364	-0.000621843763029569	0.000216212514082548	0.00202277257531513	0.00086850182206705	-0.00044694852283587	0.000291583065856311	EAS	0.882037	0.397895721131063	0.158321004894409
-0.0122848371420141	-0.0342756799438089	-0.00234839846278219	-0.0165019318912677	-0.000240508441837633	0.000113011543185826	0.00144168786777169	0.00289697073650512	0.000777650132773754	-0.000183794748964383	EAS	0.173351	-0.310036667914628	0.0961227354516051
-0.0122841946855086	-0.0342213917679891	-0.00157721580812614	-0.0178160919926942	0.000319798724512177	-0.000639105365453528	0.000811002763320418	0.00225164037238036	0.00152128765897587	0.000595635579674876	EAS	0.938201	0.453863847485146	0.20599239205402
-0.0124268000862978	-0.0351483819607607	-0.00241676910935171	-0.0180646687963987	9.13128889332187e-05	4.45608641173126e-05	0.00125089212259215	0.000190688491366225	-0.000692413702806531	-0.000368008653054561	EAS	1.37849	0.89049446253323	0.792980387802347
-0.0123285681809436	-0.0342553082082636	-0.00233822083871421	-0.0173330400625655	-0.000980815520594209	0.000386997239450042	0.00169704585035223	0.00215604518438191	0.000732549001442753	-0.0021620394020908	EAS	0.686529	0.202850205425802	0.0411482058412899
-0.0124191221408102	-0.0345074630605411	-0.00189489831331713	-0.0180790696508075	-0.00116392743730849	0.000143878408389465	0.00120610628332616	0.0020166661131517	-0.00148175358557175	0.00130184747713249	EAS	0.408164	-0.0770874432730396	0.0059424739103741
-0.0123788995150024	-0.0345909316400209	-0.00234350945517745	-0.0173181540689876	0.00021854929692946	0.000265824837343168	0.00143643813870938	0.00297284274109619	0.000292829518505072	0.000225094194985079	EAS	1.07744	0.592357140958089	0.350886982444041
-0.012321675149385	-0.0345072106239999	-0.00264099744088878	-0.0172844545120754	5.96508251429378e-05	-0.000848292356494059	0.00141610511218487	-0.00155886398447293	-0.00134801807182843	0.000292076166386837	EAS	0.119276	-0.36544084921398	0.133547014274235
-0.0123039332915085	-0.0342735594454949	-0.00217584124801187	-0.0174727551084399	0.000409150476323299	0.00160597020163644	0.000615848693250439	-0.00269417138543907	-0.000669398902202337	-0.00145699666843815	EAS	0.675245	0.191231038858112	0.0365693102227526
-0.012322637279037	-0.0350046232483524	-0.00202212356979706	-0.0177986143423054	0.000467431454723748	-0.000185653254375677	0.000678223832120402	0.00150551392899587	-0.00135542742037289	0.000345541099504124	EAS	0.635457	0.147772348973754	0.0218366671212209
-0.0122382309340299	-0.0347648704357786	-0.000738409895356578	-0.0180920117244107	-1.66231520727031e-05	0.000304414561765408	0.00175462568522871	0.00208217920276387	0.000545283427538859	0.000613000564761979	EAS	1.1601	0.672467022706063	0.452211896627156
-0.0123955061421065	-0.0348198038268617	-0.00241090234824812	-0.0180429986066826	-0.000336989305791183	0.000620225577047418	0.000697573214348863	-0.000958055788825291	3.47297173289078e-05	0.000315258623077239	EAS	0.241264	-0.24527376684383	0.0601592207017616
-0.0125748554892546	-0.0347243433708464	-0.0019933048868551	-0.0177908052770609	0.000109926480503762	-7.7608846825642e-05	0.00151906713541316	0.000330629359043748	0.00178701725455033	-0.000820624078711997	EAS	0.69625	0.210727910525895	0.0444062522746098
-0.0121577077622464	-0.0350955565865863	-0.0021058669566704	-0.019147126289782	-5.01497370788535e-05	0.00109556697993641	0.00275405576225978	0.00352474006101676	0.00036266333497944	-0.000516048800736412	EAS	0.589085	0.0995974181948712	0.00991964571108407
-0.0125352660740187	-0.0344972863585098	-0.0013373329675691	-0.0182563320827994	-2.32193442443002e-05	-0.000553567832098641	0.00266432636047902	0.00463799042599682	8.26188604889581e-05	7.80300176645911e-05	EAS	-0.0104948	-0.495685861181297	0.245704472975044
-0.0125236784362916	-0.0342283750916604	-0.00278923502816239	-0.0171187143304305	0.000621797286799168	-0.000591317598601046	0.000676551894113308	-0.00571891327632782	-0.00165410266817738	0.000496364949855413	EAS	0.380906	-0.101639072596063	0.0103305010781878
-0.0121754079555095	-0.0346055773576873	-0.00150172294821004	-0.018342916870346	-0.000107708483576572	0.00118950130036261	0.000468887118676668	0.00173502224071633	-6.26839152226931e-05	8.09967986722394e-05	EAS	-0.183614	-0.670502733550403	0.449573915698563
-0.0124144394324725	-0.0343390129092933	-0.00204462986839672	-0.0177443749080873	-0.000615675741113221	-0.000957399777858852	0.000434491873918334	-0.00184749751665633	8.57010452591163e-05	-0.00102565800976037	EAS	-0.0883122	-0.572499386019058	0.327755546992199
-0.0124967975095073	-0.0339706311731679	-0.00234311133520145	-0.0168457563579045	-0.000466230962475084	0.00037013033724113	0.00142416754871476	-0.00486845416797748	-0.00047032649656239	-0.000224453407458447	EAS	0.616693	0.135236786467973	0.0182889884141842
-0.0123702935918922	-0.0347211139085668	-0.00203667493428784	-0.0176931417276081	-0.000183318868476874	0.00159873215202209	0.00188300437546135	0.0014672413637498	-0.000447623263169207	0.000885965122468766	EAS	0.410983	-0.0751283680002604	0.00564427167838254
-0.0124089265741061	-0.0342428254386935	-0.00186088077142627	-0.0181181814426487	-5.17059099518478e-05	0.000353960841854634	0.00306163109593791	0.00597048633477678	-0.00123754695435766	0.000574623534800318	EAS	0.994028	0.509951122682661	0.260050147525307
-0.0125804911427821	-0.034254507917055	-0.00207610354166008	-0.0176026436340163	3.91052376908484e-07	0.000176953144284491	0.00176425054599686	-0.000907935576051637	-0.00115653323769442	-0.0012423272686964	EAS	0.36727	-0.115854850296245	0.0134223463371654
-0.0123602360133447	-0.0344623980308345	-0.0025844330417321	-0.0174887351042525	-0.000881240770099518	2.05203975977913e-05	0.00129689019665845	-0.00101099358624766	-0.0010709895798398	-0.000738501185172417	EAS	0.531408	0.0468753545696449	0.00219729886602993
-0.0124237340304825	-0.0349409647087402	-0.0024982806709731	-0.017742653365313	-6.42313849263588e-05	0.000154770847789474	0.00156234582107707	0.00209356807287784	-2.93160352451127e-05	0.00118001586246494	EAS	0.786703	0.299920693816548	0.0899524225793995
-0.0123616725642521	-0.0347808504994487	-0.00173225151968199	-0.0177831906427292	-0.000292925304939313	-0.00115007171433493	0.00077751047199947	-0.00174622248632767	-0.000174424294381507	-0.000944328387738937	EAS	0.554	0.0673754580773532	0.00453945235113318
-0.0123391057047022	-0.0344737705635139	-0.00185796924833434	-0.0176317830914449	-5.78048827649693e-06	2.75332400224782e-05	0.000235214317534878	-0.000143633243769367	-0.000828128394670596	0.00265119596135247	EAS	0.0779379	-0.407155891930309	0.165775920333566
-0.0124880876595496	-0.0349385607957987	-0.00279483251940167	-0.0173828617139036	-9.70071071419909e-06	0.000260376024054683	0.00101384328378875	0.00577444590673158	0.000910779940777006	-0.000597831176342456	EAS	0.455227	-0.0309575536209652	0.000958370126194935
-0.00883214856952835	0.018740688080596	-0.0146159686720774	-0.00599887022891129	-0.00134023047945919	0.00914764779273361	0.0283870946392813	-0.0046755517485906	0.00681999880575011	-0.00176459545209707	AMR	0.258574	0.0265082424852006	0.000702686919654195
-0.00425766712717648	0.0130594238717105	-0.0195042581965154	0.00397895382470112	-0.000591782145811257	0.00729433759630149	0.0258220981201661	-0.00142766990800852	0.00512316684943644	0.00401636725929128	AMR	1.24105	0.975459843168716	0.951521905634736
-0.00950221450591307	0.020213469303751	-0.01222920503184	-0.00660020163367933	0.000417085614513438	0.00675671613397021	0.0277812939517432	-0.00569654423466667	-5.59992901295276e-05	-0.00110999436318378	AMR	0.519619	0.29524331448469	0.0871686147479054
-0.0125500526871802	-0.0343209651227664	-0.00262971899214428	-0.0170560364324204	0.000413383010225312	0.00106296764054354	0.00104786875684343	-0.00188009660853586	0.00182373971125067	0.000644614613234408	EAS	0.162656	-0.3202736556912	0.102575214529806
-0.0124657980540048	-0.0350597153835773	-0.00321126738756915	-0.0178627651760283	-0.00109123296135406	0.000901790922453268	0.00136463499811025	-0.00206343324487884	-1.67997553580099e-05	0.00180544384239197	EAS	0.134178	-0.352761453432391	0.124440643027733
-0.0122434792234108	-0.0338228976565855	-0.00232286769813695	-0.0176228726776237	0.000100184528560987	0.00060437507305584	-0.000166385291966478	-0.00632251029388458	0.00129329697719419	-0.000340480460823854	EAS	0.747411	0.265296677431383	0.0703823270561312
-0.0122950349299505	-0.0350625181159999	-0.00179607971168755	-0.0171192030862944	0.000230253066951556	-0.000685731834070713	0.000656314888578667	-0.00421018591821107	0.00106908169520253	-0.00121608500963193	EAS	0.237541	-0.250184473202546	0.0625922706316356
-0.0125425774111395	-0.0350119719545365	-0.00259100424879495	-0.0186150853141427	-0.000135389673492143	-0.000615088422980142	0.00200188490398139	-0.00410003889750971	-0.000756958817855277	0.000442774313048938	EAS	0.102725	-0.384505048677986	0.147844132458861
-0.0123827763413994	-0.0348029778252211	-0.00253398923805286	-0.0182803615129923	0.000910642756176477	0.000566116215542105	0.00072684530062248	-0.00198767814446157	0.000750748652166572	-0.00133721508081301	EAS	0.886157	0.399563225662638	0.159650771301932
-0.0123895436645457	-0.0341044828912288	-0.00112075651480475	-0.0169475281849504	-0.000704262685341303	0.000356761205872526	0.00106503955901928	-0.00452663268850447	0.000126035444943074	-0.00116324701118247	EAS	0.701552	0.218457355968389	0.0477236163766996
-0.0123595161970674	-0.0343834724775458	-0.00130582609029684	-0.0177792318127735	-6.27588554318882e-05	-0.000446662253291639	6.62281258672495e-05	-0.00593944527792539	-0.000160781693458449	-0.000532368544831914	EAS	0.433045	-0.0519100990120913	0.00269465837944512
-0.0124120709335193	-0.03446068150444	-0.000977101524712241	-0.0185836374760905	0.000398281764543526	-6.46959763954559e-05	0.00162508069302074	0.00990067497323058	-0.00125590758729473	-5.34809475101245e-05	EAS	-0.254722	-0.740533861933781	0.54839040067056
-0.0122551762009059	-0.0347210142474568	-0.00195597213739947	-0.017869419673153	-0.000643649927244502	-0.000681432366028816	-6.61880873329401e-05	-0.00450476352045373	0.000752463490587492	-0.000941350900915078	EAS	0.0498306	-0.436817767048199	0.190809761608975
-0.0123859397035022	-0.0345960682911719	-0.00207813114254811	-0.0161526781517832	-0.000453222525519143	-0.000313303657762328	0.000521386812828161	-0.00388041690090785	-0.000786605082810506	-0.00134959798482989	EAS	0.164379	-0.320088147407336	0.102456422110661
-0.012377920257037	-0.0335242895749304	-0.00080052967456551	-0.0174293514432284	-0.0001982569479815	0.000254829163981696	0.00256284730188467	0.00505055179713219	-0.00164354638522916	0.0011488407421417	EAS	-0.0790929	-0.559945441904836	0.313538897910002
-0.0124287362086177	-0.0330241696915933	-0.00446627317840144	-0.0155521611698011	-3.37780350058951e-05	-0.00113394100691682	-0.00197226552636934	-0.0261541197243267	-0.0015253379374396	-0.00178978188851866	EAS	0.580211	0.104829579804683	0.0109892408020265
-0.0124183202279788	-0.0347486747345614	-0.00187067793625059	-0.0165922725418517	-0.000189461636635838	0.000283648056635437	0.000166223167993534	-0.00435636281677938	0.000176168983162527	0.000433221187483292	EAS	0.401587	-0.0838707657501092	0.00703430534750969
-0.0123782916434313	-0.0345993117851679	-0.00148587526951397	-0.018931084105908	-0.000253967448741103	6.70417728596648e-05	0.00450825346338418	-0.00260911503785321	-6.2150202231283e-05	-0.00179322574877517	EAS	0.993451	0.506891362725934	0.256938853606154
-0.0124346378698088	-0.0347418794979499	-0.00161791451976616	-0.0178198973206699	-0.0009692881536153	-0.000696514811187561	0.00023235252472931	-0.00303857457513609	0.000845862248429953	0.000443645180160921	EAS	0.370747	-0.115526032954142	0.0133462642901214
-0.012549836360778	-0.0349396784410513	-0.00202788233568734	-0.0180581865024237	0.000191121098484555	0.000954419712467387	7.91387746200812e-05	0.00257009803966185	0.000610234451495235	-0.000446496666191457	EAS	0.864644	0.377866895584324	0.142783390778534
-0.0122483940416811	-0.0342521335109657	-0.00238927706658979	-0.0173707807196605	-0.000654234282980658	-0.000673846818338391	0.00107065778762315	-0.0101962581714814	0.00115150122731932	0.000855925509473696	EAS	0.877371	0.393438027148329	0.154793481206369
-0.0122996248097018	-0.0344317909046192	-0.00115251444024184	-0.0181247219512374	-0.000650350585471835	0.000414025387242237	0.00161042454682707	-0.00213084800728379	-0.00140386395590016	-0.000736777930972667	EAS	0.516578	0.0309004793123653	0.000954839621733915
-0.0124349060194492	-0.0348050041395754	-0.00202651252923899	-0.0187096145751472	-0.000136884319998188	-0.00010735900727141	-0.000158022819674099	0.00123644631826478	-0.000540066113669301	0.000214882297925591	EAS	-0.00147283	-0.488415677118494	0.238549873655117
-0.0123741006439511	-0.0344705526087774	-0.00120129439490431	-0.0180785139321628	-0.000910862689534844	0.00124333449046359	9.8210450788286e-06	-0.00753979620633803	-0.000970018465399253	-0.000683753234742112	EAS	0.139883	-0.345674722275215	0.119491013620047
-0.0125489859913976	-0.034409443181264	-0.00205426527214284	-0.0181496004739662	-0.000251188861832597	0.000240088236469427	0.00175729026175833	-0.00842807301895095	9.79706104493128e-05	0.000372127779069448	EAS	0.0479456	-0.436375701914607	0.190423753221466
-0.0123449624551	-0.0344474395988079	-0.00161281087723552	-0.0164777556377731	0.000539501767401147	-0.00166019377423471	0.000626356340358258	-0.00123126271223149	-3.10186652380009e-05	-0.0011418290737337	EAS	-0.168409	-0.652740114325828	0.426069656850094
-0.0121546931922921	-0.034373910531776	-0.000991294994201419	-0.0181551364245722	0.000251513879033723	-8.90257471004169e-05	-0.0010115104783233	-0.0020635309945611	-0.00112468795321982	0.000405258015692964	EAS	1.15543	0.669442853316246	0.448153733856197
-0.0123657738782326	-0.0341818412996144	-0.00287877187082049	-0.0185887084492513	-0.000126858621653668	0.000599602562103855	0.00206363070742992	-0.00235072377672756	8.36504774554279e-05	-0.00194587148140303	EAS	0.171586	-0.312163762803209	0.0974462148074578
-0.0124536359605972	-0.0346824049009353	-0.00171213911722854	-0.0175587029603357	-6.88108492780365e-05	-0.000763357316929469	0.000514494194664587	0.000651339072243673	0.00122920754641484	-0.000140624782459734	EAS	0.492319	0.00660188687209223	4.35849102719038e-05
-0.0122233467396771	-0.034589160192301	-0.00213733187945407	-0.0182428852211547	0.000325812125830928	0.000344529312706047	0.00074103778786316	0.000501785934074762	-0.00113879059137213	0.000602569581884796	EAS	-0.119974	-0.606258268285175	0.367549087864139
-0.012259921561877	-0.034488712057664	-0.00196794760970593	-0.017215423026481	-0.000581650270479647	8.94554936709119e-05	-0.000296944348987879	-0.000968098782595457	-0.000651353485827045	0.00201448235134918	EAS	0.949195	0.46408207970621	0.215372176704441
-0.0124409462478051	-0.0340037970807304	-0.000439850596115945	-0.0167393833006465	-0.00058643150263887	0.000374520356998241	0.000161047064997294	0.00732845516065738	0.000697175530248847	0.000210385622683901	EAS	0.289172	-0.193465426154018	0.0374288711169557
-0.0123650164647854	-0.0348633547519976	-0.0022228420039293	-0.0186691810720235	0.000393872963929075	-0.000557613455866092	0.00187007543358651	-0.00151625773675301	0.000793171072737019	0.00122167881048264	EAS	0.232297	-0.255037205936805	0.0650439764120525
-0.0122004399786704	-0.0341185311030628	-0.00214401099423264	-0.0180221050574883	-0.000297519475797504	0.000118276252028161	0.000836256413585351	0.000335949990812832	0.000676363841531358	0.000341669777462345	EAS	0.658056	0.17406141011977	0.0302973744928827
-0.0124620628953494	-0.0348724960309477	-0.00254166230154236	-0.0181182480417373	-0.000388007438272358	-0.000254673632730811	0.000202816766530032	-0.0024995192700931	-0.000407587974155712	0.00083665486368894	EAS	-0.118105	-0.604653779554322	0.365606193129327
-0.0126479112254053	-0.0349281193376476	-0.00248086157407856	-0.0183864913500632	-0.00050743227067577	-0.000858771993833957	-0.000541816728310837	-0.00251959413292863	-0.000587115171989164	-0.000419226310537864	EAS	0.503731	0.0173442053658762	0.000300821459773688
-0.0124698439231094	-0.0347652508125134	-0.00171781015590381	-0.018050682557304	-0.000793988428806398	0.0011351909328104	0.00179624545637522	-0.00183470124816844	0.000129428715389422	0.000187967923333651	EAS	0.881964	0.39559934301631	0.156498840194936
-0.012381308294067	-0.0342539503151538	-0.00137426241169973	-0.0188447452717923	9.04101373841431e-05	-0.000651082626384466	0.000743217425528008	-0.00371034459251364	0.00027861625391086	-0.000349910696669692	EAS	0.762658	0.277741625217009	0.0771404103781854
-0.00589253211730393	0.016692467093164	-0.014206798464225	-0.00379182156263351	-0.00128315954179283	0.00703806284017963	0.0217116541141755	-0.00672980073678888	0.00186291283502865	0.00129528990963291	AMR	0.0966928	-0.153713016463884	0.0236276914304264
-0.0049461580103004	0.0162595208145281	-0.0149568241056975	-0.00177798052688418	-0.00166690523641761	0.00853904685231077	0.0278888489185032	-0.00401985466964758	-0.0011827359656491	0.00387613617528726	AMR	0.757143	0.503151764107967	0.253161697724959
-0.00993954621371523	0.0196388595653024	-0.0116937750084958	-0.0086346909329471	-0.00103347082165089	0.00791131276881992	0.0281753523547714	-0.00716276652825922	0.00307923205692415	0.00581858408751137	AMR	0.00623247	-0.220938202681125	0.048813689403966
-0.00898909069551523	0.0175733711450246	-0.0165126172811296	-0.00309856304090747	-0.000313003659474694	0.00929544785195503	0.0260684498576579	-0.00278692392807374	0.00412720454196207	-0.000200728549569082	AMR	0.0770368	-0.157265825928826	0.0247325400050758
-0.0123293706845929	-0.0345524426338981	-0.00105160396009143	-0.0180115133801848	-0.00144454805379366	7.72046151089425e-05	0.00487864879956248	0.0180167064096675	0.000983317127768512	-6.69736770240903e-05	EAS	0.693584	0.207460733865043	0.043039956095822
-0.012337979237506	-0.0345706268008979	-0.00209635747423759	-0.0181479669692226	-0.000243988371109051	-0.0001408004167606	0.00347813892192091	0.0121506958882006	-0.000975767271423873	-0.000459761047377644	EAS	0.361646	-0.124124558110345	0.0154069059260884
-0.0123215055743811	-0.0342256299762389	-0.000698533207432546	-0.0189855717986672	-6.15444527135607e-05	0.000229821132295827	0.00386610312937149	0.0148593338025784	-0.000730152790995692	-0.000108911013505301	EAS	0.609279	0.123884536779156	0.0153473784529861
-0.0123310112593589	-0.0340249779650792	-0.000352103419247017	-0.0177387093857497	0.000119912097719914	-0.000289652266156661	0.00255828766925696	0.0092709390086625	9.61415617764741e-05	0.0011320671685541	EAS	-0.376646	-0.860431185703272	0.740341825330739
-0.0122302460394142	-0.0347622661966057	-0.000593568413642124	-0.0179526915144621	0.0003278551522699	0.000936556726035623	0.00401103042150036	0.0151862882045784	0.00127407655399044	0.00120843710698388	EAS	-0.159062	-0.646689601352162	0.418207440497018
-0.0124913759190904	-0.0345338747401898	-0.00111639746651883	-0.0189209168733103	0.000407002939244693	-0.000617869463931946	0.00133059862958174	0.0113477466129751	-0.000558970276517911	-0.00102814068717343	EAS	0.756645	0.270605266526657	0.073227210271963
-0.0122225635565492	-0.0344123277493502	-0.00136226357513824	-0.0176891839507652	0.000954083554805079	0.00143028778640794	0.0024731028116604	0.0126294778168326	0.000727554297169523	0.00134203632583477	EAS	6.71991e-05	-0.485400179741141	0.235613334492732
-0.0124934051890658	-0.0346454804683369	-0.00108083704867236	-0.0186130863219591	0.000156528896940666	0.000320373047590454	0.00341856442367679	0.0184039834874363	-0.00113308799490103	-0.00181935099112097	EAS	0.533595	0.0472141584031003	0.00222917675371305
-0.0123234716235596	-0.0348904954861009	-0.00147658291131662	-0.0175904017865023	-0.000290928086522441	0.00115980838959215	0.0023099904957824	0.0145642985085918	-6.9585346129943e-05	-0.000423272142154057	EAS	0.701119	0.213849521986075	0.0457316180536729
-0.012326453123291	-0.0347226592429421	-0.00146282460126927	-0.0181989744927308	3.22274772549781e-05	-0.000674008480841148	0.0036538249862773	0.0123754323877664	-0.00105401183960457	0.00163758063509969	EAS	0.897842	0.410981021985414	0.168905400432175
-0.0122083921160534	-0.0348108358281564	-0.00135965250097655	-0.018911950860846	-0.000933973055940134	0.000380165188620065	0.00176534059903895	0.0123496727993783	0.000561232643381438	-0.00142698579240492	EAS	0.239683	-0.248494384886339	0.0617494593200399
-0.0122119360740596	-0.0345107234986415	-0.00022999384564809	-0.0182153561009212	0.000328684446601243	0.0017032943301531	0.00478097020924129	0.012735722217785	-0.0018290234363745	-0.000728041420905089	EAS	0.68642	0.199578792228632	0.0398316943074394
-0.0125242286860984	-0.0343474035607612	-0.00174635759509406	-0.0171463051738347	4.78972863948575e-05	-0.000396845669806846	0.00193916573924491	0.0119702477688226	0.00127719298766882	0.000622770402059689	EAS	0.480535	-0.00308368583103347	9.50911830451656e-06
-0.0122173266977645	-0.0343893330848856	-0.0012403388877684	-0.0172031569925233	-0.00101354490900194	0.000974854452486792	0.00317124604390645	0.00979650431522166	0.000130802234761789	-0.00113522575810014	EAS	0.0132458	-0.47187890362109	0.222669699682642
-0.0123949025488578	-0.0349989224680872	-0.00140286748548419	-0.0185972246828256	-0.000958099411220756	0.00017382470560644	0.00268319040896255	0.0114420368353033	0.00043161078805735	0.000753034350003151	EAS	-0.0623481	-0.550566096079394	0.303123026152105
-0.0123171077510832	-0.0344916045127244	-0.00132768390876115	-0.0181520462314493	-0.000422656374421709	0.000247925008850677	0.00373774058437432	0.0162864406541998	-0.000582253934304572	0.000844459122886749	EAS	-0.398593	-0.884428425564579	0.782213639946641
-0.0123732419033857	-0.0341328736187231	-0.00088613268464943	-0.0174066754878371	0.000239986743635847	-0.00101485221398459	0.0021704848875004	0.0164853501849422	-0.000252804465201376	5.17015453854857e-05	EAS	0.769876	0.286188469440481	0.0819038400406852
-0.0123924612141282	-0.0342362662334004	-0.00107281355002564	-0.0179198712659966	-0.000947367752906318	-4.5643420544312e-05	0.00342409703731961	0.0106676763862526	0.000415261464996203	0.00117936905900845	EAS	-0.0812197	-0.565569177588091	0.31986849463767
-0.012191121742151	-0.0344853528277393	-0.00150059383373915	-0.0189628631965468	-0.000680565757987951	9.81833251071435e-05	0.0040728172304454	0.0154973724245761	0.00108110254331646	0.00100814205884222	EAS	-0.225652	-0.712315568349112	0.507393468912519
-0.0121381139419192	-0.0349403375107829	-0.00090275592206481	-0.0185621048651641	-0.000806714790833086	-5.07206968082973e-06	0.00234564976037337	0.00775369040796537	-0.00180429499882071	0.00157977523369873	EAS	0.82297	0.333950512890621	0.111522945059909
-0.0123266044371201	-0.0345159275938579	-0.000592885258931085	-0.0185069085692684	-0.000438400797475097	6.53035578994971e-05	0.00346658393710439	0.0107435539193579	-0.000662730622366175	-0.000787525728488166	EAS	1.4442	0.957706276755678	0.917201312537223
-0.0122819753773747	-0.0340450675030488	-0.001173047747832	-0.0178759982792861	-6.07897575360825e-05	-0.000998714964707755	-0.000209621408929133	0.0121993765461592	5.23466770620304e-05	-0.000653531152674904	EAS	-0.0938112	-0.577553285337832	0.333567797404523
-0.0121632741160421	-0.0345695304047479	-0.00035431148591179	-0.0188909096914171	-0.000454016037695293	0.000647355225889712	0.00231493027935494	0.0137971657515878	-2.89316429518787e-05	7.08053480155636e-07	EAS	0.097874	-0.38977973567317	0.151928242341446
-0.0124148610969688	-0.034644344045625	-0.0017636969370114	-0.0180867511991303	0.000287572217497007	-0.000833124827742301	0.00456796700707648	0.0114782881961736	-0.00246450735118146	0.000443843604398234	EAS	0.400489	-0.0854905199599321	0.00730862900301954
-0.0123288367075085	-0.0347043593324009	-0.000809584911467067	-0.0185784426864426	0.000485677635299842	0.000399475523848113	0.00240228741897358	0.00965402576872136	8.48646977585696e-05	-0.000748083838127723	EAS	0.500886	0.0135672275357268	0.000184069663006184
-0.0122089590151919	-0.0346798495035486	-0.00141854210060622	-0.0185043638611079	0.000278436003024185	0.000237798714766399	0.00419944986569104	0.0133699061144265	-0.000120839727491556	-0.00159810012246054	EAS	1.05303	0.565760822764591	0.320085308575267
-0.0124151513117015	-0.0342228956693583	-0.000985366789056709	-0.0193719752581778	-0.000376557537025617	0.00113324003523084	0.00351864433269928	0.0157672629226481	0.000778286546667592	0.000588863219800238	EAS	1.41822	0.933043299694364	0.870569799104546
-0.0124842809610584	-0.0347856579825895	-0.0013129080381797	-0.0186963722813294	0.000252257515016348	0.000733243848601812	0.00372683374662438	0.0152618576279709	0.000126244742079076	-0.00110270549654549	EAS	-0.454883	-0.941899321111246	0.887174331109827
-0.011768767831341	0.0227070338182874	-0.0107749622464373	-0.0132318173447217	0.000575138306210439	0.00919808746329614	0.0301115559829956	-0.00604952673356796	9.48425144039537e-06	0.000994883239737614	AMR	0.539089	0.329190817887067	0.108366594581156
-0.0102468803858382	0.0190650182914694	-0.0145733196812949	-0.00629573382836363	0.000394457247359327	0.0116128161192697	0.0315273004024973	-0.00934678329408589	0.00170509233984032	-0.00380990407815381	AMR	0.599807	0.373817434570384	0.139739474388783
-0.00810635037153864	0.0158200843583251	-0.0193285452204544	0.000332385788365324	0.000425256604141481	0.00844310112763535	0.0276744444510046	-0.00268761402908591	0.000427674792939675	-0.00108969336278983	AMR	-0.326976	-0.569001600415887	0.323762821275841
-0.0105098096870223	0.0203516667568318	-0.0147475338564413	-0.00668005129975398	-0.000267648870907201	0.00822774247126866	0.0245549128059536	-0.00539590782105235	0.00106287160248104	-0.000170407566359835	AMR	1.25827	1.03907887141832	1.07968490102796
-0.00913034300933433	0.0209968665703669	-0.0126764555594119	-0.00857922647617749	-0.000669795353620979	0.00845009114110947	0.0249343103574329	-0.00446606661453149	0.00264259915955478	-0.000381823912411328	AMR	0.773614	0.550640694805766	0.303205174776176
-0.0109693207906018	0.0237383644963955	-0.00969316779629363	-0.0129003900635712	0.00113665230384155	0.00370668721214601	0.0109722079647634	-0.000642735194390243	-0.000290434501279851	0.000894283862273119	AMR	-0.200991	-0.409007447278421	0.16728709192921
-0.00693414922405846	0.0160819452197636	-0.0175677806882198	-0.00276664698927623	-0.00205596917293939	0.00843509097044096	0.0303158747578056	-0.0027809783748235	0.00376294331618176	0.00536657195544879	AMR	-0.0343049	-0.281843638505095	0.0794358365657907
-0.0104282001619106	0.0234886732304772	-0.00930553395119971	-0.0141809523382583	0.000404915162595815	0.00778103641484795	0.0329788257997274	-0.00445069396016915	0.00186235242931103	0.00108117285441913	AMR	-0.0933281	-0.30534214147459	0.0932338233602884
-0.00909393762461654	0.0137382883318734	-0.0223150118065961	0.00378905085042725	6.72909349409122e-05	0.0077552047438048	0.0279426076138466	-0.00741007208466557	0.0027572741685398	-0.00408532084286535	AMR	-0.212945	-0.457863101533273	0.209638619745668
-0.0122714455632198	-0.0335514396602768	0.00107975299888831	-0.0187362018113417	-0.00161842886552587	0.0010690120626905	0.00773460990900482	0.0489291347904416	0.00110640635335372	0.00182397352587274	EAS	0.990333	0.507268195758152	0.257321022427731
-0.0120980851998175	-0.0336206218671855	0.00127449632626781	-0.019804924551192	-0.000796168001178811	0.00110173192556788	0.00679548670299678	0.051258539453317	0.00166341436144636	-0.00196153234382535	EAS	0.117842	-0.366905464788958	0.134619620092001
-0.0121267065145052	-0.0336135777088222	0.000694857495245646	-0.0195826387563997	-0.000326509026945123	0.000484497099881487	0.00830876145670273	0.0517305060174843	0.00158513343756275	-0.000638831510343712	EAS	0.803057	0.318856098062231	0.101669211271471
-0.0121265110349098	-0.0340780810504217	0.000160344475367391	-0.0192803472964472	-0.000384565057205889	0.00189342351256048	0.00645487061163314	0.052678506536144	0.000420411369863845	0.000100548474664548	EAS	0.47392	-0.0120288165196259	0.000144692426862825
-0.012281300927859	-0.0334912460398861	0.00204143632795217	-0.019427469236457	-0.000803102713309131	0.000780247863603414	0.00776364578710136	0.0486058297979633	0.000952471962220981	0.000918953960422724	EAS	0.238303	-0.245341863092977	0.060192629785933
-0.012060930122033	-0.0342677393827157	0.000350042854241719	-0.0198313571448702	0.00045604752888792	0.000619783050004839	0.00666544936102519	0.050928104588485	0.000519240828694905	-0.00075115400475495	EAS	0.926874	0.439367861619213	0.19304411782384
-0.0120133476199524	-0.0340167764636471	0.00183839298366188	-0.0196239440299509	-0.000169475251132205	0.00059338863749492	0.00746604429575696	0.0517664922218584	-0.000907366671781398	0.00037287052364816	EAS	0.710044	0.222987984917827	0.0497236414177129
-0.012182074711752	-0.0340951730592501	0.00108127680128777	-0.0192501134987994	-0.000281015738183021	0.000846929165365276	0.00821427849992707	0.0528211539852238	0.000521443988172121	0.00107748503680188	EAS	0.231312	-0.254949319559023	0.0649991555436088
-0.0119956798583829	-0.0334957552614164	0.000916831143985829	-0.0181374030261599	-0.000166865271000293	0.00093509008858533	0.00704117480824506	0.0441031189827691	0.000114267759530162	-0.00177909295386289	EAS	0.413905	-0.0693645200528139	0.00481143664215722
-0.012105584546469	-0.0334540689093337	0.000581923970959895	-0.0183675012457956	-0.000197738389070584	0.00150550101306558	0.00534650393059149	0.04147983628008	-0.00038499922901501	-0.000441545887653585	EAS	0.66334	0.180649273372893	0.0326341599701543
-0.0121658085935924	-0.0344418656689176	0.0014631094553143	-0.0195649662915561	0.000303363148983436	0.00167595726384198	0.00791742939563258	0.0523834565234427	0.000213866999086885	0.00137463486267223	EAS	0.374312	-0.114023507815895	0.0130013603346414
-0.0121319416817442	-0.0341889130615599	0.00132807723341262	-0.0182656048684931	-0.000617011440091911	0.00227105045406449	0.00867844320843648	0.0545937567594069	-6.53841952155137e-05	0.000866988845595765	EAS	-0.0828543	-0.569216955108194	0.324007941982643
-0.0121656048246204	-0.0340467637311399	0.00123464863149737	-0.019377562798224	0.000566359567858404	0.000867127611660158	0.00771973447765055	0.0515449722426612	0.000502382175941078	0.000702268323563141	EAS	-0.200356	-0.68659811049095	0.471416965329742
-0.0122639080643863	-0.0338556223311361	0.000663076354049977	-0.0190174426466177	0.000702681682762558	0.000251613109763591	0.00873486460456462	0.0541212318192442	0.000751452517559357	0.000860929069153421	EAS	0.472452	-0.0120559231551075	0.000145345283121856
-0.0122365445212376	-0.034493142584571	0.000559278904936067	-0.0195941441502519	0.000401605798892026	0.000541309711353623	0.00714019921897933	0.0520057420274051	-0.00171568905568532	-0.00092731056199441	EAS	0.217038	-0.270890986480746	0.0733819265565116
-0.00937842891946761	0.0207594928878181	-0.011726640123427	-0.00935173798343025	-0.000372244043934933	0.00595181543903143	0.0282711056781534	-0.00340260196504705	-0.00291068212048507	0.00163047284654724	AMR	0.315111	0.0909065754614379	0.00826400546212611
-0.00742054274412909	0.0172764238254278	-0.016038996436436	-0.00273614194169283	-0.00224235975614157	0.00708956518686191	0.0266170141935007	-0.00374450679591434	0.00405099542329494	-0.00265923978352794	AMR	-0.328022	-0.568991965167433	0.323751856425097
-0.00209940251160825	0.0146800245719331	-0.0156594539880175	-0.0013630514668781	0.00163475028918845	0.00528118408165395	0.0228913548979482	-0.00073197167142725	-0.00381641686259212	0.00526066917918096	AMR	-0.159832	-0.43025062451821	0.18511559989831
-0.0031635199137884	0.0127428838053313	-0.0175912853715732	0.00353576543303101	-0.00164265524148824	0.00775629768455627	0.0211650672720422	-0.00470446012173147	0.00391064851662361	-0.000653798609403776	AMR	-0.229184	-0.501137330980287	0.251138624502045
-0.00273266713430066	0.013568490291804	-0.0167004741236759	0.000758252921536861	-0.000458730664883369	0.00610387377942295	0.0187654595408797	0.000746185854465925	0.00426085945592838	0.000716984908859217	AMR	0.272253	0.000558541170888438	3.11968239577427e-07
-0.00995413596356978	0.0179312189928463	-0.0178164255382303	-0.00285548843589019	-0.00190900078626552	0.0110994531333989	0.0339749378085677	-0.00784904172755725	0.00471265393755356	-0.00403130183242384	AMR	1.20974	0.98114481500569	0.96264514801255
-0.00698344714578206	0.0193463903496768	-0.0124862123039554	-0.00840514911696556	-0.000450522797424145	0.00707890672817568	0.0284200748391768	-0.00553080833348873	0.00452250157213203	0.0013721517914928	AMR	0.206936	-0.0310261289099673	0.000962620675137911
-0.00675915625675859	0.0170223774419807	-0.0151808089406364	-0.0026668610869482	-0.00187317390435005	0.00592592267249784	0.021760338928992	-0.00137042889331636	-0.000668098211572822	-0.00426905524198102	AMR	0.455019	0.210262999255095	0.0442105288557482
-0.00878864438201909	0.0193508890563387	-0.0130926271216006	-0.00800470840033131	-0.000741549883356274	0.00886133227080697	0.0280929786820422	-0.00330058479525243	0.0038451171212279	0.00100464939524801	AMR	0.280097	0.0487652218327817	0.00237804686040041
-0.00999957031395424	0.0191410284167374	-0.0173296023559893	-0.00660407444149339	-0.000259688799248277	0.00861826358912625	0.0309367509823835	-0.00663688764268712	0.00308468954802266	0.000419223027189036	AMR	0.194894	-0.0304538696930313	0.000927438179280128
0.00433562274053677	0.011576002080702	-0.0125705355002932	-0.000561479237666353	0.00147668607126988	0.000627334632177732	0.0234022181292187	-0.00392129479512139	0.00811599293647069	-0.0049814855435178	AMR	1.34951	1.04185041559413	1.08545228847366
-0.00495401801815655	0.017316511570813	-0.0136373440035814	-0.00523241491560796	-0.000558870256300712	0.00665563945731619	0.028185934028341	-0.00527284365932386	0.00146252332385577	-0.00292548350307222	AMR	1.05271	0.800909652373293	0.64145627126471
-0.00992790635997306	0.019349270118755	-0.014319857509913	-0.00779660517635065	-0.00126452294525249	0.00746859129771057	0.0212204254690221	-0.00919427608951706	0.00387704820094245	-0.000101662012658716	AMR	0.200953	-0.0258424148705664	0.000667830406342473
-0.00950672481147343	0.0182561819802122	-0.0165880719920345	-0.00334051850920695	-0.00209291421315132	0.0101843924812646	0.0316752732972907	-0.00141958846868872	0.00171368542289629	0.000812255805029828	AMR	0.74216	0.512703424177918	0.262864801163762
-0.00888875457230229	0.0181567612347005	-0.0171244934065332	-0.00302231006586796	-0.00221202569426337	0.00879583369244966	0.0271029505440854	-0.00664291642149646	0.00378256035190428	-0.00129522927892447	AMR	0.171524	-0.0600209481338509	0.00360251421488642
-0.0106831598589942	0.0197491885183212	-0.0168627287977651	-0.00383181953166531	-0.000947979292626822	0.0109792143487717	0.0343826001866337	-0.00547869004125612	-0.000364260236370873	0.000229340869115827	AMR	-0.507356	-0.725990368131372	0.527062014619525
-0.00953506913201734	0.0195728028610323	-0.0170028537164888	-0.00469353374826445	-0.00239312364994622	0.0115803668271204	0.0374884193383105	-0.00749051135360508	0.00308260161835529	-0.0015487731043771	AMR	-0.25345	-0.477257574489046	0.227774792407167
-0.00921191691465298	0.0178007974632776	-0.0164045304353623	-0.00278810716512589	-0.000439193802870286	0.00893928128398692	0.0323241046331293	-0.00684936072809146	0.00392398099920631	0.00276888305927433	AMR	0.58069	0.348356661678912	0.121352363736076
-0.00899139101326129	0.0222451539973044	-0.00878647225730449	-0.0125075760343694	-0.000123413946656369	0.00568223468756749	0.0227155720316223	-0.00726597509471735	0.000484608170391453	-0.00225521564075663	AMR	0.290989	0.0690930638429375	0.00477385147120423
-0.00418225447130282	0.0137645261694482	-0.0186071667352649	0.00099172692111744	-0.00169613308189257	0.0110562042307821	0.0212707068237871	-0.00557811374708709	0.00321506774072889	0.000230266994522185	AMR	0.575946	0.311103318174225	0.0967852745790131
-0.00455613979034159	0.0164393922749681	-0.0143907265361244	-0.0032372469072622	9.58091890718704e-06	0.00895900305166063	0.0242424866583349	-0.00495401237887451	0.00545525159885109	0.00356893453693189	AMR	0.0517867	-0.2038642028557	0.0415606132059899
-0.00929828135174273	0.0156122633608679	-0.020153465213799	0.00225339823329099	0.000368693863556216	0.0072442399679204	0.0262081148880208	-0.00152701465175526	0.00374275815639712	-0.00467820440423821	AMR	1.26614	1.0287537938523	1.0583343683655
-0.0022607893144545	0.0142052195221669	-0.0148505772586104	-0.00216102771713903	-0.0019618786131554	0.00577402097674256	0.0238900733857469	-0.00354959619010233	0.000840172303891804	0.00120837403484365	AMR	0.242082	-0.0309297101827447	0.00095664697198858
-0.00848416469170534	0.0171064344089086	-0.0181716336787482	-0.00230839896965823	-0.00126167779587331	0.00863196528748737	0.0294560634385395	-0.00576088970887335	0.00124267141011935	0.00308349765890493	AMR	0.780769	0.54385628366261	0.295779657279306
-0.00708795519956003	0.0178937915798989	-0.0140117241809108	-0.00450233480201893	-0.00283572485918246	0.00836924487325482	0.0204490077420048	-0.00464905282253263	0.00613547967873722	3.79720985785992e-05	AMR	-0.50026	-0.741520369883819	0.549852458952636
-0.00596006879329465	0.0154599412130991	-0.0175418222663146	0.00117424884462781	0.00231847669673059	0.00615557595722011	0.0245604926063995	-0.00500976752741567	-2.20340164026067e-06	-0.00200551134028544	AMR	-0.444842	-0.69609342267988	0.484546053098189
-0.00403767504228142	0.0165857998465406	-0.0126046550568358	-0.00497530088306484	0.000872355507710729	0.00701876722082994	0.0235509744818632	-0.0034784236338511	-0.00100942459451334	0.00282974803718659	AMR	0.0460025	-0.212655204217795	0.045222235880912
-0.00600229539072957	0.0156754426203842	-0.0160780699060291	-0.000530510707963091	0.00208842687146345	0.00619232978387343	0.027194323914512	-0.00766317627039209	0.00213779690516895	0.00208978602454595	AMR	0.654956	0.403082544568844	0.162475537736094
-0.000697145596324752	0.0140242991919134	-0.0143432830341122	-0.00211368603576234	-0.00380206990842786	0.00836447501681451	0.021294753830656	-0.0042272619478268	0.00066258706002502	0.00390339347995389	AMR	0.31346	0.0341287123270271	0.00116476900510097
-0.00657336647864064	0.0180014330176874	-0.0136077614134348	-0.00512283294582618	-0.00237290427868805	0.00870384982494141	0.023458921714406	-0.00426423966347735	0.00436382382279195	0.0010175264554532	AMR	0.225863	-0.0172053677745939	0.000296024680259033
-0.00730768915728806	0.0189028400099625	-0.01389567362176	-0.0068175373539913	-7.34714054849297e-05	0.00781321260008028	0.0289789718148503	-0.00771999869628871	0.00373307000252288	0.00347501138786391	AMR	-0.568301	-0.805587232133101	0.648970788575872
-0.00870450640108946	0.0175031938346651	-0.0164792309957165	-0.00361753784399502	-0.00204336854216976	0.00823920992945031	0.0296010795474876	-0.006931691076423	0.00283412217884412	0.00295679448729096	AMR	0.988278	0.752341191331872	0.566017268174661
-0.00828296501429476	0.0176042176011679	-0.0166144243950178	-0.00376557963173137	-0.000388239438951288	0.00947153858122988	0.0324134996397456	-0.00722036186984122	0.0010158670619154	-0.000968872143819251	AMR	0.36092	0.124013838984222	0.0153794322596045
-0.0058792135556219	0.0162888151943839	-0.0177506701527694	-0.0007053470009003	-0.00315235032865499	0.00963780337804841	0.0297986238930297	-0.00343147162048713	0.00331645302197643	0.00142320499361715	AMR	-0.045718	-0.294424365767133	0.0866857071573787
-0.00460966687611494	0.0173037001114261	-0.0149919931760491	-0.00361700152118789	-0.0033299836531075	0.00983182150249931	0.0237793431360429	-0.00358236892668458	0.00235022824102652	-0.00308041309286749	AMR	-0.0048245	-0.25616945516734	0.065622789760732
-0.00889058810864587	0.0185458365922806	-0.0145709871626388	-0.00598708156367002	-0.000388242611207653	0.00875027291497856	0.0298895542639224	-0.00235240271046454	0.00212482923936442	0.0012565246154149	AMR	-0.246744	-0.479547564752635	0.229965866860182
-0.00928744323276857	0.0212227422591286	-0.0115112791858771	-0.0101221343873927	-0.00211947445553724	0.00809639379540725	0.0265269705246066	-0.00369986006047788	0.00116223222119835	0.00508448675798438	AMR	0.57719	0.354274681200059	0.125510549739404
-0.00211251897164623	0.0157464172418312	-0.0149985654773313	-0.00520979457773649	0.00338387169746996	0.00801318861675219	0.0287942200949819	-0.00256414068423548	0.00407982459930928	-0.00283526970283229	AMR	0.631094	0.362991458484227	0.131762798932506
0.019434462494104	0.00624943961737824	-0.00820872224231813	-0.001712955449516	-0.00739124104900703	-0.00588266515140433	0.00736581394896435	-0.00101349041111362	-0.0240766735646453	-0.000150782552694821	AMR	0.502274	0.115915110597624	0.0134363128648594
-0.00718866289560257	0.016599275501267	-0.0163936009419377	-0.0022503662237406	-0.00348282663342438	0.0100017263792415	0.0228228576775053	-0.00631997810630941	0.00337529035527899	0.000763830995391276	AMR	0.0792981	-0.165171248631576	0.0272815413745138
-0.00719635721168707	0.017096858550547	-0.0167231386268061	-0.00401435460738807	-0.00232375616444218	0.0101594573827489	0.0239310152031015	-0.006158602520285	0.00581576096774879	0.00475108336431875	AMR	1.00066	0.757599542665445	0.573957067046892
-0.0122278631506654	0.023980926599046	-0.0115059020270768	-0.0133424332147454	0.000962153683250687	0.00754543475949102	0.0300182937806288	-0.00239490072021598	-0.00122177930256589	0.00112054825199107	AMR	0.759322	0.557260141911314	0.310538865763018
-0.0130231910977544	0.013390868695861	-0.0261864089677644	0.00797497892376052	0.000223230234109385	0.00725662946323547	0.0216584169732234	-0.00358625488228747	-0.0040353553234782	0.00072135719476813	AMR	0.130152	-0.0986972840531388	0.00974115387946597
-0.012272379194797	0.020777554131393	-0.0152726718499597	-0.00757684196541617	0.00149591470441753	0.00863656241841737	0.0294938397604747	-0.00625734605055246	-0.00263062467176264	0.000149620745814112	AMR	0.465188	0.253609223815258	0.0643176384041774
-0.0115834809873606	0.0119660350514295	-0.0265363765853359	0.0119927088606122	0.00040530914055317	0.00533261940611535	0.0166535432485677	-0.0037582755683972	-0.00201198665605112	0.00292070628672408	AMR	0.506653	0.268962226408182	0.0723406792344463
-0.0104323347275497	0.0150425015062999	-0.023565060275205	0.00327174897680996	0.000857660803667514	0.00634238392853492	0.0170675774314198	-0.00224405707322343	-0.000865599104065653	5.60006067568996e-05	AMR	-0.2505	-0.484496302974331	0.234736667595794
-0.00628372408732649	0.0101121752070975	-0.0268558252723519	0.0125781832959588	-6.91634689090783e-05	0.00650743960427309	0.0147915452377319	0.00157157130157092	5.80522216838671e-05	-0.00610006172040435	AMR	0.497645	0.233915007918574	0.0547162309295464
-0.00914436389636343	0.0125098619184855	-0.0246622805824445	0.00767482948401907	-0.00277487413762567	0.00499972337479717	0.0210201917897923	-0.000567670616459697	-0.00240181827926826	0.000925790232758179	AMR	-0.0612833	-0.308242831422216	0.0950136431231848
-0.0104970979188638	0.0138034365225692	-0.0233798863831599	0.00679241888233605	0.000503770055891651	0.00482511411387103	0.0236566912173172	-0.00503614570210328	-0.000443153937892025	-0.000235427623667672	AMR	0.874779	0.637302880072166	0.406154960948277
-0.0102313592265306	0.0135544855834251	-0.0235008653411903	0.00732708775706049	0.000551603799339406	0.0055018684803279	0.0208310020801566	-0.00192927060646491	-0.00238775396170965	-0.00152749625593515	AMR	0.032528	-0.206618756154419	0.0426913103947994
-0.0123588460981823	0.0190232797125023	-0.0186995902960836	-0.00315000963746002	-3.82176441011012e-05	0.00488231092442457	0.0237117185047625	-0.00146630027504688	-0.00195321239515938	0.000988959647946276	AMR	0.76255	0.547425118493317	0.299674260357422
-0.00712478067806873	0.0133005804698635	-0.0213590040230517	0.00506790072351477	-0.00277192323205407	0.00497704875624188	0.0171080034319902	-0.000257271096200286	0.00317802216236337	0.000322128501588783	AMR	-0.414482	-0.667723865724679	0.445855160858309
-0.00904355871942639	0.0128155635306808	-0.0255982178029038	0.0091053518045392	-0.00212957920768633	0.0079192978293566	0.0196579317485257	-0.00144831151193589	-0.000581795499222488	0.00236938001282117	AMR	0.101539	-0.142959221134665	0.0204373389074301
-0.0124404855793204	0.0108093838102752	-0.0300106603053264	0.0138416752693041	0.000572434371512669	0.00657192994728549	0.0189122416574386	-0.0030387781815853	0.000266628967044926	0.0019797929126697	AMR	0.438213	0.200768196305434	0.0403078686477372
-0.00476499560392776	0.00906237127999538	-0.0258420081705159	0.0121432483882947	-0.000843240285018982	0.00177456266534764	0.0120559263971298	0.00126500533092258	-0.00392417882359143	-0.000284744346164059	AMR	-0.223902	-0.498452462243958	0.248454857117064
-0.0112280510145734	0.0140146938548344	-0.0234411300555134	0.00801708380138217	-0.00142035631401485	0.00600040457563966	0.0208306410351503	-0.00510381932941438	0.000281312096618726	-0.00131402672521431	AMR	0.00301387	-0.230199063599981	0.0529916088823081
-0.00410813085333698	0.00561827770252751	-0.0299874433887922	0.0186223693619232	-0.0041233174567363	0.00491327173663773	0.0134326771069601	0.00460971510417605	-0.000117265043312457	-0.00534923363625426	AMR	0.619562	0.332635449442345	0.110646342225711
-0.0106405711717024	0.0142783281419438	-0.0230558007155461	0.00535738297937122	0.000583468406675244	0.00606462055164517	0.0187759082945791	-0.000737957724751469	0.000424730866593872	-0.000565577080086579	AMR	-0.428677	-0.664496287715117	0.441555316387171
-0.0087013688212765	0.00443840938164126	-0.0358301838350121	0.0258236389488953	-0.000136111932306025	0.00377806328497956	0.0124849301766535	0.00217501170345815	-0.00253243197652957	-0.000472192747127656	AMR	0.563619	0.293918547093622	0.0863881123256257
-0.00426910451015685	0.0148512096124631	-0.0176380480603339	-0.00152358861548854	0.00152640745762742	0.00860704429843811	0.025014526917253	-0.000918040630588092	0.00672535592436461	0.00227092709885774	AMR	0.166223	-0.0952583403666267	0.00907415140940411
-0.00838150534940554	0.0177526743986268	-0.0165938739246095	-0.00230447485305625	-0.0018315924176653	0.0100043850078023	0.0262035625651711	-0.0056635505576373	0.00243272577488437	0.00128072360109667	AMR	-0.115181	-0.350133856650036	0.122593717572628
-0.00859426889715218	0.0192555278830104	-0.0147400302121936	-0.00662888496346807	-0.000542853809634034	0.00919684570302171	0.0317439043061255	-0.000739841368262223	0.0002879739771399	-0.00205443428432209	AMR	0.22652	-0.00425580946393925	1.81119141933549e-05
-0.00241919578947831	0.0150841062303554	-0.0148533305659265	-0.00256263829455587	-0.00273561716495725	0.0102770621477249	0.0218312156134775	-0.000382741283435758	0.00179253618012024	-0.00122171445814365	AMR	0.361375	0.0927920976273389	0.0086103733820816
-0.0113787973279373	0.0231703154073843	-0.00737565365323709	-0.0120098442565758	0.000134219460316423	0.00921877690760425	0.0326579221539349	-0.00720529022472975	0.00115058685256505	-0.000671797509858361	AMR	-0.544115	-0.753972740699806	0.568474893718377
-0.00731321456398854	0.017054814642029	-0.0160620234097985	-0.00259841192454713	-0.000615429953706933	0.00761814346593247	0.0242889002796696	-0.0024300707283327	0.00633897557164735	0.00196813403594609	AMR	0.576177	0.3338983969517	0.111488139486915
-0.0033664222958477	0.0155074911595483	-0.0145623221628007	-0.00176843624144895	0.00374569665030706	0.00488683490055044	0.0220948983383708	-0.00246382204439939	0.0027260108313723	-0.00508386434202066	AMR	1.68145	1.41841724267889	2.01190747432879
-0.00959672115820577	0.0225250689017512	-0.00934842750644534	-0.0141425027716965	-0.00143323291125924	0.00970477266907826	0.0325061508241809	-0.00371531002062067	0.00367744468766778	0.00162880122904586	AMR	0.468183	0.248868733473141	0.0619356465005252
-0.00993211220305151	0.0195453658650229	-0.0135260829430823	-0.00594822193575061	0.000322419604419722	0.00563748082110364	0.0257890291072684	-0.00293574005374719	-0.00341595833500523	0.00106094819604565	AMR	-0.716492	-0.941546904423029	0.886510573228588
-0.00893749687807551	0.0192477400841324	-0.0155920244087856	-0.00657885945141685	0.00104291439490668	0.00766801280050445	0.0241421455012153	-0.00174385573875527	0.00387833262378194	0.00108519191436693	AMR	-1.01688	-1.24610244912327	1.55277131371102
-0.00929904222655328	0.0161610475776534	-0.0186314945546422	-0.00031900269727794	-0.00127943439240286	0.00838525700203387	0.0277610838824691	-0.00482891815289022	0.0044427437580077	-0.00143994952735009	AMR	0.278661	0.0415071613802752	0.00172284444584821
-0.00648846496812272	0.0160328240562906	-0.0161771079253701	-0.00101503688278324	-0.00404266038056605	0.0104181743745659	0.0245261030005002	-0.00452179827520912	0.00501916866966668	-0.00245864041301898	AMR	0.150321	-0.0984924848340953	0.00970076956879448
-0.00729606759821916	0.0168499052006435	-0.0179440931495307	-0.0012409831254376	-0.00177162367097424	0.00786616687960549	0.0249568798312316	-0.00656738160139205	-0.00308762080653215	-0.0014894440796317	AMR	-0.672317	-0.913861700370338	0.835143207403766
-0.00371373529173643	0.00985216141864906	-0.0237062476230515	0.00901654692278952	-3.01595474873123e-05	0.00428700235421924	0.0191327059854445	-0.00487954234335083	-6.8392313162339e-05	0.00016107383019284	AMR	0.301473	0.024113373756306	0.000581454793911305
-0.00290462030537743	0.0119353296315605	-0.0197854731699356	0.00490323082080529	-0.000529529635920541	0.00968066208234611	0.0233963580866645	-0.00663758484870264	0.00406616316973987	0.00124737939053861	AMR	-0.395961	-0.670684358370074	0.449817508562278
-0.00581154274778883	0.012489210670583	-0.0203022389049174	0.00521425203837905	-0.00160866996642437	0.0077510856514612	0.0238572114780481	-0.000468113684676824	0.00456317020691634	0.00111831792637969	AMR	-0.311669	-0.573564815972796	0.328976598121907
-0.00896910802973174	0.0162814899194127	-0.0202075697424047	0.00168853364770952	-0.00149992112357118	0.0095887236024886	0.0269193080146862	-0.00666985219056976	0.0033791183023681	4.57588401208703e-05	AMR	0.102493	-0.133172584675178	0.0177349373090675
-0.0105336552771848	0.0191584963680125	-0.0160097389446802	-0.00544333848808707	-0.00206548746649907	0.00692789771438645	0.0279413935248153	-0.000977443970058874	0.00062802426109633	0.00181410008849086	AMR	0.163653	-0.0597056752898668	0.00356476766181901
-0.00348058070283857	0.0155637527833628	-0.0144958419570593	-0.00352514224249305	-0.00299209451204857	0.00901305610003185	0.0235802540819508	-0.00465643663233158	0.00176930186749815	-0.00345711193141236	AMR	0.0892144	-0.174319730766736	0.0303873685345872
-0.0111860286207957	0.0215071263445527	-0.0115510421029229	-0.0098426527479915	8.47066492893378e-05	0.00694140238770031	0.0264329729629754	-0.00769266819539431	-5.01087879549854e-05	-0.00253795771251118	AMR	0.90403	0.689034360314864	0.474768349694514
-0.00777482388903336	0.0180267038172377	-0.0139612336043485	-0.00594328591956476	-0.00151145376727777	0.00826503183217112	0.0279398779275201	-0.00310805083653515	0.00132158756938159	-0.0015823182151545	AMR	-0.16227	-0.40153656373232	0.161231612013959
-0.00747790058677533	0.0189030927213848	-0.0140290739216804	-0.00648738210755128	-0.00317682323782934	0.00943839893740038	0.0296291438837604	-0.000775236306084758	0.00226051082053375	-0.000398020667592826	AMR	0.558278	0.321838630835781	0.10358010429825
0.0198780173860169	0.00530739425465875	-0.00864221524029628	0.000196941802728897	0.00521007560181818	-0.00266968308026315	0.00982247660134961	-0.00059938923087032	-0.0105611317159881	0.00462350628767365	AMR	0.424437	0.0335610504244711	0.00112634410559389
0.0140071581759148	0.00959539235962141	-0.00558406737802877	-0.00340056682606502	0.00415058190373915	-0.00318496031277352	0.01150490111774	-0.00279894975445878	0.000489478815742613	0.00645886736595853	AMR	1.25694	0.902298391624954	0.814142387528978
-0.00375216021841782	0.0152761688939942	-0.0168345838626524	-0.00214869541528944	-0.00123767021188694	0.00612550857827429	0.0226152172361724	-0.00614359099782064	0.004303158756069	0.000892801638436546	AMR	0.337956	0.0759646428130205	0.00577062695770978
-0.00747056313344962	0.0182310677706194	-0.013062653305807	-0.00397367557260002	-0.000215814197485657	0.00846934840159685	0.0323761581449006	-0.00498435295377124	0.00456680777180815	0.00323273391163592	AMR	-0.322753	-0.561249090631488	0.315000541734672
-0.00914189922407685	0.0108544093962474	-0.0265190041232455	0.0104565342810694	-0.00235912311764927	0.00602063808997856	0.0168205257263023	-0.00612243893148889	0.00412596436561993	0.00109140949902276	AMR	0.286952	0.0348199218452756	0.0012124269573111
-0.0122758500978035	0.0139823614020909	-0.0248188714219376	0.00632197530853762	0.000625745557289134	0.00590905251086889	0.0209350055750097	-0.00210407753177569	-0.0029761543907801	-9.61112520281194e-05	AMR	-0.718737	-0.949006847404902	0.900613996421391
-0.0111289802729525	0.0154799649036008	-0.0209678490191657	0.00209803816124833	0.00099634865795512	0.00797286882002619	0.0202511010239778	-0.00391570460152558	-0.00155035131350977	-0.000990433500582989	AMR	0.298901	0.0673295119259421	0.00453326317618558
-0.00508516722347384	0.00848088147521392	-0.0258249280972312	0.0123078462176219	0.000788636476899791	0.00674599871964355	0.0176821149958442	-0.0018966662659166	0.000501826681385592	-0.00024512283605217	AMR	0.677086	0.400961670525106	0.160770261230284
-0.0130105161588646	0.0198050561173522	-0.01815801590378	-0.00456190587372792	0.000505366996656581	0.00880441258462918	0.0264586267027624	-0.00405585211958483	-0.00263251397550567	-4.05274784697242e-05	AMR	0.224444	0.0140443878725342	0.000197244830714187
-0.0129453018434683	0.0142000687206119	-0.0270124767488721	0.00982822524095122	-0.000439026100754522	0.00620761981460203	0.0161450947556033	0.000777725942845077	-0.00246666236338959	0.00303380151038627	AMR	-0.676169	-0.899884829897746	0.809792707080094
-0.011801927240991	0.0200861593778608	-0.0154525530035814	-0.00788189247746862	-0.000846164718397441	0.00869779529946843	0.0278012677884568	-0.00426342811582048	-0.000718522261225945	0.000140325508327675	AMR	0.120666	-0.0958679278422861	0.00919065958877378
-0.00744702025090455	0.00953060007207296	-0.0278297753326223	0.0128734061674864	-0.000581783582010517	0.00524566274625387	0.0182415464790055	-0.00396509521121128	-0.0023433459716767	-0.000498654854551254	AMR	0.196628	-0.0652889516746114	0.00426264721076974
-0.0096823443585407	0.0139963005656607	-0.0257483629347202	0.00601639641363473	-0.00242982392836861	0.00623722315679767	0.0182284574720212	-0.00197191948779198	-0.000333961837668649	0.00240395564147486	AMR	1.10055	0.861878518465253	0.742834580591859
-0.00974200479573285	0.0140815510439249	-0.0228708328469652	0.00576657310369744	-0.000190052327235202	0.00700707423839485	0.0186155546868493	7.84603022417156e-05	-0.00384434691610533	-0.00168613485550467	AMR	-0.358677	-0.598272266467133	0.35792970482372
-0.00336515494921396	0.00791738012936082	-0.0259720810325178	0.0140362206303108	0.00193888812048374	0.00383639562357952	0.0154929764286731	-0.0035820148804792	-0.000788365451392003	-0.00196208086855623	AMR	0.874189	0.590794660810365	0.349038331242035
-0.0126251950838506	0.02527390776801	-0.00903919585775486	-0.0154096650403438	0.000378217816716429	0.00729934632777987	0.0254509830609719	-0.00562520291483476	0.000692963325747085	0.000563694460800367	AMR	-0.0185144	-0.215623669054552	0.046493566656547
-0.0131602799642945	0.0117619644117852	-0.0302355642141247	0.0133077896409969	-0.000972644021988941	0.00778302528004223	0.0198855664072114	-0.00205287901575873	-0.00289080382381481	-0.000250381320213188	AMR	-0.207741	-0.438501247058275	0.192283343671662
-0.0124808577765192	0.0147609113889331	-0.0254917131130318	0.00643403848523834	0.000635034353802786	0.00742041908432902	0.0216010680850959	-0.0015309049378386	-0.000920591347978833	0.00258372545124458	AMR	-0.267086	-0.492598613081619	0.242653393609935
-0.0119793610793174	0.0147449074179918	-0.0240101161722235	0.00515937145777961	0.000495084940631677	0.00704880388999778	0.0220584605767183	0.00176354580023786	-0.00175804116151007	0.00227174353460401	AMR	1.27033	1.04154043517906	1.08480647811299
-0.00982360022003555	0.0155348992813347	-0.0216547163910015	0.00345248177745896	-0.000673060992511333	0.00670091030765049	0.0249819920818283	-3.9744416977836e-05	-0.00129546684149546	0.00392794957617797	AMR	-0.915621	-1.15013000227768	1.32279902213924
-0.00143804382295677	0.0144947858990492	-0.0151234331527346	-0.00119408086251921	0.00113964374146765	0.0040517591831103	0.0270826033222293	-0.00790729706728213	-0.000393020345423424	-0.00189091399891457	AMR	0.572169	0.298506058310172	0.0891058668478757
-0.00757591893686898	0.0151619829394272	-0.0188873548648398	0.0020371540635653	-0.00195113676534763	0.00931949959915566	0.0287460882543694	-0.00112548787224952	-0.000557712495965985	-0.00224762303261043	AMR	0.723987	0.477947083624921	0.228433414745568
-0.00746582653982701	0.0149012453052379	-0.0185290812882215	0.000786951768661051	-0.00214542476053847	0.00534819226232302	0.0254067322175717	-0.00753700244823117	0.00330247117172613	-0.00497908296935592	AMR	1.00818	0.759571939128803	0.576949530711891
-0.00602448586194914	0.0147702113766402	-0.0178929519186021	0.00170763077751534	-0.00133299945571656	0.00681056168088323	0.0207777729261178	-0.00228166916837533	0.00285910098801697	-0.00106079701389248	AMR	0.834593	0.580807052575822	0.337336832321814
-0.00130247839722171	0.0137634922966661	-0.0171320634619051	0.000514663529744956	-1.47923969724874e-05	0.00768177625893993	0.0290371647629379	-0.006836217881542	0.00455121224114505	-0.0012891357118097	AMR	0.717128	0.441598849948744	0.195009544276053
-0.008779948801693	0.0200485973919393	-0.0117043775336742	-0.00993742262825768	0.000283216393419557	0.00910046728794614	0.0242592642967063	-0.00256365891157351	0.00033282622475464	-0.00155146995677219	AMR	0.370555	0.140598265011607	0.019767872124274
-0.00637969845088165	0.0174515139861266	-0.0153981401407649	-0.00402725401761661	-0.000614126122005108	0.00806923774097943	0.0263697413169449	-0.00265954195248131	-0.000978709224628623	-6.60127556086925e-05	AMR	0.061898	-0.182869511900762	0.0334412583828228
-0.00746277641518449	0.0173125202672838	-0.0156029906288656	-0.00352733441528055	-9.20493700899966e-05	0.00995507651946837	0.0286249108080673	-0.00377435902449065	0.00445586302508191	-0.00384133380292518	AMR	0.0943485	-0.147020331324005	0.0216149778226202
-0.00588380027764883	0.0191129009950973	-0.0119487973672122	-0.00834044163361234	-0.00293447262117068	0.00981633491366603	0.0278645251967878	-0.00556379371434884	0.00424044504780625	9.39917020480033e-06	AMR	0.659192	0.416217857272339	0.173237304712377
-0.00814672026729629	0.0165653695278324	-0.0194069131556432	-0.000334244007110522	-0.00162539428005068	0.00810300843763763	0.0266763040829021	-0.00468467932722375	0.00432447853857142	0.00170624693266555	AMR	-0.638538	-0.877295315499945	0.769647070598147
-0.0136588288717332	0.0269045787101769	-0.00584186097729093	-0.0188836638079254	-3.96873859732181e-05	-0.0029059709059266	-0.00666035679339291	0.00384264153816813	-0.00136175522266872	-0.00305866138553268	EUR	0.252503	0.0628358901408705	0.00394834908979555
-0.0136339596528029	2.92895983130563e-06	-0.0468000328924565	0.0379353013941256	9.56614198690853e-05	0.00133367368258629	0.00466426087289633	0.000235073496827111	-0.000610085111367685	0.00250185345694281	AMR	1.28726	1.02611449630709	1.05291095953155
0.0033163193198528	0.00642615612665584	-0.0224809475970666	0.0102103865399978	-0.00185120597045602	-0.00404711941344023	0.0122919460747314	0.000481913501395128	-0.00124752802621908	-0.000753922957396839	AMR	0.782731	0.46574596820684	0.216919306900926
-0.0122480317911594	0.00763253323187299	-0.0354998701774522	0.0210487747954172	-0.000528018977483758	0.00315378889661064	0.0108378934562412	0.00210490167982956	0.000624697880710881	-0.000731412775138801	AMR	0.660399	0.414503299326137	0.171812985152253
-0.0111204066666407	0.0156292883202186	-0.0209172143211952	0.00248947315789611	-0.00105107065613426	0.00688592779515255	0.0172445246684686	-0.0008477011613552	-0.000150042857504252	0.00475294740100988	AMR	-0.892643	-1.12331273490693	1.26183150040409
-0.0116640578521949	0.00944261916799378	-0.0316884016518802	0.0176020801878942	-9.7404481803081e-05	0.00432875993921271	0.0174610270428436	0.00261446958378022	-0.00290912378062755	-0.00105439219809282	AMR	0.48829	0.244973904795424	0.0600122140307176
-0.0100627649489262	0.00796794601653919	-0.0317152282880464	0.0189455776476633	-0.00113861465166702	0.00365881103976174	0.0141385747335119	-0.00279521218600833	0.000468215320916918	0.00325983162397383	AMR	0.894692	0.639898880412815	0.409470577153574
-0.0129028454013547	0.0150224897939527	-0.0263833992086428	0.00721269915718791	0.000959543422802704	0.00685693357296974	0.020488052797109	-0.0031896103559446	-0.00281897349872583	0.00309274829156593	AMR	0.200501	-0.0214383265885066	0.000459601846915467
-0.0120455914582209	0.0168347483354924	-0.0208375878065876	0.00314379390349234	0.000674347811310954	0.00817558146886328	0.0246097521164792	-0.00426196569163258	-0.000510623344848413	0.00119531665548135	AMR	-0.0469569	-0.268445370875667	0.0720629171445747
-0.0125648706522561	0.0198733292358614	-0.0171337189797309	-0.00324497924695947	0.00211952642511356	0.00772348056128191	0.0284604415799017	0.000480625597280454	-0.00221807797060506	0.00222009693575076	AMR	-0.231467	-0.442689528329524	0.195974018492616
-0.0108845356819603	0.0118614357827759	-0.0280066954455094	0.013376484148182	-0.000664076727980754	0.00478678531410622	0.0194304538724696	0.0019756318157461	-0.00134915833646642	0.00206065859009799	AMR	0.155729	-0.0832239823115054	0.00692623123178577
-0.0130577200839197	0.0124042862320256	-0.0279778061800471	0.0101744146702574	0.000179872122632978	0.00517179516248274	0.0200089442497367	-0.00107854220928222	0.000111472973541121	0.00254620700728071	AMR	0.131362	-0.0997783664974719	0.00995572242090382
-0.0115949848951827	0.0142974757940884	-0.0241297782688636	0.00617829469424978	0.000218559629569124	0.00670542972510833	0.0216794306928712	-0.00409305852329079	0.00139469640690253	0.00429331930945057	AMR	0.139105	-0.0923834226898927	0.00853469678789938
-0.0105635225229222	0.0140223638059966	-0.0227509013771921	0.00564111786362036	0.000299114065351663	0.00576262392299252	0.0204789458572082	-0.00265646075100263	-0.0010532281042382	-0.00104167746315299	AMR	-0.047281	-0.284532303499247	0.0809586317345875
-0.00779390257182268	0.0132747879648434	-0.0211682557697933	0.00526730380961317	-0.000107801269770605	0.00652559811157251	0.0201325623290936	-0.00295061532778766	0.00248035004769817	0.0038349716067151	AMR	0.283372	0.0322930359593271	0.00104284017147039
-0.00547186851148738	0.00797143550672943	-0.0276489560518948	0.0121234374620333	0.000982430577735848	0.00256782307621361	0.0122972993964026	0.00146685241976522	-0.00183640184690535	0.00476551300637622	AMR	0.49362	0.217138411332634	0.0471490896760604
-0.00631448099727385	0.0109064628498719	-0.0236368040662669	0.0104548379521182	0.0014352815023542	0.00116448039648157	0.011556088023479	0.00321903947419718	-0.000391433806475952	-0.0014169917977966	AMR	0.276296	0.0135381262371533	0.0001832808620131
-0.00789161841048464	0.0121515886414677	-0.0237499242285687	0.00566072134981848	0.00114080770468235	0.00223902993246088	0.017281199512859	-0.00130994823592887	-0.00177662905954458	0.00396219984321023	AMR	0.939021	0.684443141538954	0.468462413999712
-0.00760499836684837	0.000963080727756551	-0.0413606812960515	0.0331807501359807	-0.00122794670841373	0.00368869545995055	0.00927180906235789	0.0033098877086052	-0.00286762101980645	0.00479526171127181	AMR	1.11106	0.828576786367188	0.686539490906577
-0.0116531728870535	0.0121316738959161	-0.0292065676343674	0.0121440251616682	-0.00136801072552582	0.0065358536164744	0.0158349145923358	-0.000205508595152755	-0.000286853056596223	0.0022990159445491	AMR	0.264538	0.0292293262201159	0.000854353511281956
-0.0125848230288858	0.0151956207504376	-0.0244180037865621	0.00732464323081449	0.000211736945874334	0.00691141992463355	0.0225536850989961	-0.00486223357114529	-0.000600999387000505	0.00173789411340265	AMR	0.0891365	-0.133916602161241	0.0179336563344121
-0.00642132193304216	0.00929976472171346	-0.0271938736961498	0.0127077811759335	0.000181213636749684	0.00422790502040426	0.0136989205903365	9.1290000615573e-05	-0.00390469054608217	0.000731501192201135	AMR	-0.461146	-0.728007495115474	0.529994912944307
-0.00760994337312444	0.00999749117548649	-0.025421546325217	0.0116673081009564	-0.00167378173199489	0.00797653724923429	0.0147171673507592	-0.00230761810777001	-0.000173604475056443	0.00323410424909391	AMR	-0.967963	-1.22904034768131	1.51054017622859
-0.0114717119289654	0.00838458057982181	-0.0328021298322265	0.0172806618908731	-0.000667867325070447	0.0021600074757236	0.0135750021666875	-0.00364252041201375	-0.00204820416298975	-0.000443181004019369	AMR	0.521805	0.273169991200301	0.0746218440923726
-0.0118553658476963	0.0156783011194918	-0.0237031451702316	0.00450443856844873	-0.000934536675953299	0.00602513071356339	0.0199136312137218	-0.00156443314938176	0.000257952673776902	0.00565040354311979	AMR	0.089145	-0.136215827332002	0.0185547516157418
-0.0106825951150366	0.0152084923838502	-0.0228112628737451	0.00281798698644147	0.00112166460210165	0.0084035279139998	0.0258731202391956	-0.00425042117433739	-0.00231348167600767	0.00129701436161801	AMR	0.355954	0.122935243592307	0.0151130741170999
-0.0103478559960202	0.0188479563080044	-0.0154731834250737	-0.00467806667218596	0.000921783290246262	0.00654228549131068	0.0255601319179229	-0.00400935383705355	0.000402443574870398	-0.000956267473536626	AMR	-0.672586	-0.897803230153116	0.806050640073369
0.000493700951046418	0.00601871395748127	-0.0254273169163169	0.0154250688189293	0.00207991489084578	0.00143462247052022	0.00957558788820106	0.00466622247570286	0.00016876003044413	0.00223633291033928	AMR	-0.187651	-0.492353511836488	0.242411980617722
-0.00510445905084438	0.0153463818628858	-0.017522222663193	0.000342818182302167	-0.00190829705145609	0.0106020812391087	0.0234677593337067	-0.00120661527865944	0.00530869000894182	0.000940232886025875	AMR	0.378203	0.123001262041519	0.0151293104638064
-0.0030596921688771	0.0154614483674744	-0.0145379309155587	-0.00306763542665643	-0.0026657742155418	0.00714674057935164	0.0228885935951365	-0.00224184734166936	0.00534322876289913	0.00133226973774908	AMR	0.393066	0.127945876280552	0.0163701472571983
-0.00938975592320795	0.0197342279774031	-0.0149446370730191	-0.0058620658481332	-0.000938284296789949	0.0077999065861152	0.0302215388372162	-0.0067408883597699	0.000121002169066194	0.00394040790906025	AMR	0.210646	-0.0146101426525841	0.000213456268328857
-0.0048279452835312	0.0136177277158987	-0.0181392497939187	0.003904010098076	-0.00166828395697186	0.0073980724276741	0.0238570077386129	-0.00387412012687047	-0.000268947750676493	-0.00126508288176201	AMR	0.65747	0.395736437032795	0.156607327595411
-0.00521835047678368	0.0150842582667618	-0.016803267312063	-9.02252984760777e-05	-0.00222181882221446	0.00949196336936666	0.0246072143437006	-0.00880966524836209	0.00602369355873423	-0.0008366654293885	AMR	0.239787	-0.0168876814198148	0.000285193783737158
-0.00569941595460356	0.0144167852007145	-0.0185145436636542	0.000995139879709416	-0.00336574735621807	0.00891126180457429	0.0224334467871493	-0.00516281608770489	0.00191233418550651	0.00245214002999868	AMR	-0.396336	-0.653041933653726	0.426463767110197
-0.00465721734964238	0.0143263398543055	-0.0173560326150048	0.000170848115585122	-0.000840372668337503	0.00621561531185563	0.0239702919180999	-0.00480327334458423	0.00489308458592327	0.000794095914241835	AMR	0.160379	-0.101331850461768	0.0102681439180062
-0.00815101484008274	0.0188899574659443	-0.0130967447795671	-0.00654637364731877	-0.000835441809290607	0.00980498815481208	0.0297909577143134	-0.00206236612922815	0.00141410364521151	-0.00310679412124699	AMR	0.349256	0.114535631356426	0.0131184108502152
-0.00916067133600331	0.0151680369467228	-0.0224087933495506	0.00483805744737453	-0.00177879889173186	0.00798031198305912	0.0297524604792307	-0.00479708324435719	0.00382269543642684	-0.000373730091087844	AMR	0.704023	0.466794817135564	0.217897401304625
-0.00651185730690616	0.0149516071649303	-0.018930119971357	0.00273183539551571	-0.00208590150694723	0.00876881336646129	0.0241478250929431	-0.00207645814969916	0.00236645722355206	-0.000652871448687147	AMR	0.214631	-0.035515098492816	0.00126132222095442
-0.00623526680387156	0.0156720040430015	-0.0164140490405603	-0.00112386588085747	-0.00473230852795183	0.00727792246428602	0.0221077228509347	-0.00475652158977921	0.0016732506124334	-0.00652201051692035	AMR	0.308343	0.0570178329540138	0.00325103327477182
-0.00769622978010678	0.0121287171368569	-0.0245183884575413	0.00872857614023558	-0.00136185718210754	0.00663493330814925	0.0184666396774435	-0.00313336905779964	-0.00479593007871578	-0.000179871650234261	AMR	0.432235	0.179212197123691	0.0321170115979009
-0.0122212999344927	0.0145726377008572	-0.0231598401667048	0.00458666196478067	0.000527169590197586	0.00470768458333856	0.0202749521460843	1.37217600237846e-05	0.000971723398475273	0.00128183307372898	AMR	-0.253587	-0.483146251360718	0.233430300203914
-0.0116608014622015	0.00261177052501252	-0.0410774374861895	0.0314447601416477	0.00127359894795558	0.00266206262133854	0.00624479131262558	0.003975132273912	-0.00155950547607843	-0.000512686236696041	AMR	-0.130426	-0.392734642825936	0.154240499675615
-0.0124937342188241	0.0215169533624937	-0.0144502443245184	-0.00977919121249487	-0.00109873775445179	0.00848187782966817	0.0261382488856212	-0.002900068221028	-0.00103468683714497	0.00194207875951157	AMR	-0.0482406	-0.257377235536736	0.0662430413725323
-0.0122904589740163	0.0249490204058615	-0.00848272032831022	-0.0163493738481018	-0.000418515078735711	0.00832756600254295	0.0279133835504068	-0.00294654353350544	0.000456953436280719	0.00123054140303581	AMR	-0.681745	-0.882376651895947	0.778588555811101
-0.00507032495322337	0.0124179704363659	-0.0219914933575421	0.00634130203990382	0.00196778625150639	0.00416205845377525	0.0124094113245918	0.00120194686041269	6.58215555434542e-05	-0.000848199623020766	AMR	0.265014	0.00181201095715361	3.28338370884474e-06
-0.0126727322933102	0.0074210452558297	-0.0327442803305221	0.0200470231693863	0.00127542479803053	0.00420768451857011	0.0123457494322046	-0.00167443816857657	-0.00218334289511175	-0.00438631247893537	AMR	0.279916	0.0325005358918812	0.00105628483325946
-0.0117921050346999	0.000342476228668753	-0.0451534148314769	0.0358033480954517	-0.000430990323363488	0.00152267776347616	0.00894997056628888	0.000309019796527234	-0.00299073981672471	0.00208501494554254	AMR	0.689516	0.421644457632852	0.177784048652502
-0.0080750233691253	0.0114325317129271	-0.0245937367508645	0.0080283944868026	-0.0011423511843021	0.00393443142172422	0.018774593614088	-0.00114298310835633	0.00128098969284375	-0.00157746213117161	AMR	0.46048	0.205031623500163	0.0420379666351127
-0.00999608431143483	0.0130555202320249	-0.0235035960233383	0.00727381926449164	0.000382633875214544	0.00444883493836014	0.0167760011773181	-0.000288484379461362	-0.00155433496957669	-0.0014796508142546	AMR	0.593939	0.351612381563309	0.123631266868622
-0.0120817418108335	0.0080460445462428	-0.0354334634447479	0.0190904205943933	3.93468331248551e-05	0.00553112003784736	0.0186593599961593	-0.00424383267501618	-0.00263754808459502	0.00416945369393643	AMR	0.12804	-0.117740524850646	0.0138628311921056
-0.0111066826349204	0.0073579984399097	-0.034527941250406	0.0207023485333642	0.000177794182332652	0.00587236066210411	0.0157152451654459	-0.00279836479163916	-0.000127544931745261	0.00133401191172409	AMR	-0.75982	-1.01153014599454	1.02319323625573
-0.0122776473286161	0.00817339313845382	-0.0352294178949117	0.0222508766669634	-0.000362310323372239	0.00301822071830593	0.011383873524516	0.00221120050160511	5.26879204187495e-05	0.00180725532796745	AMR	0.0840276	-0.15857681545722	0.0251466064005531
-0.00463725225550435	0.00470084737969581	-0.0314249678318638	0.0204022320837621	0.00134560063281525	0.0024823722803439	0.0105707060321838	-0.00171571925663066	0.00209446905689741	-0.00534179919932681	AMR	-0.701831	-0.989495596458832	0.97910153541142
0.00043555003938194	0.00413405455395468	-0.0270902733685132	0.0178004199018425	-0.00122574730433947	0.00314678560321587	0.00788024290159024	-0.00357125074549386	3.10349204053187e-05	0.00513257897393116	AMR	-0.671754	-0.982858912915508	0.966011642697454
-0.00372753396594771	0.00668603610961049	-0.0279353657329698	0.0158658512375828	-0.00215149164885504	0.00601775923250613	0.0134649526069003	-0.00244538178118368	0.000669428411868523	0.00280228309346392	AMR	0.0136196	-0.272274103471255	0.0741331874210758
-0.0123320257263639	0.0177374085843048	-0.0200946383280698	-0.000411208775837635	-7.70177057173112e-05	0.00945877207816337	0.0286861903379624	-0.00276797311110619	-0.000173629458086918	0.00346027242022965	AMR	0.174831	-0.0440494736795484	0.00194035613144522
-0.0120303850724003	0.0175807289578591	-0.0181033527207019	-0.00189144348216189	0.000599150506968291	0.00949098225401602	0.0291493321588287	-0.00313410744094717	-0.000919249878866451	0.00311313290737142	AMR	0.478839	0.256315477798387	0.0656976241590152
-0.0123429702853658	0.0195530560157496	-0.016822527709327	-0.00368552009978277	-0.000228761601770742	0.00821731879281593	0.0225406359244685	-0.00342206605635623	0.00335091933717073	0.000178842437280916	AMR	0.405315	0.191405608380008	0.0366361069193211
-0.0119405517612907	0.0219333536736953	-0.0150055552793674	-0.00870093468260546	-0.000327796005562905	0.0104686294990065	0.036747948478605	-0.00485048836628768	-0.00269123208176266	0.00254858642599586	AMR	0.11663	-0.091447875122496	0.00836271386441963
0.00459861206910758	0.00444155790600213	-0.023593011921423	0.0145474257512343	-0.000483861184491048	0.00201241129587685	0.0118270767101618	0.00383071101630022	0.009466510292842	-0.00950497412760595	AMR	0.507152	0.179776257709791	0.0323195028361371
-0.0120020986744933	0.00993876243476163	-0.0312726185760681	0.0163495834188838	0.00100894187660238	0.00405472038473976	0.0149977808917816	-0.00276993319810585	-0.000920515520725557	0.000314157696803781	AMR	0.670865	0.430032589317352	0.184928027874986
-0.00592762192802844	0.0171561192395638	-0.0139230640279422	-0.00402873814627081	0.00256064127265837	0.00547396188929735	0.0206874207684226	-0.00509344946759861	-0.00552573444256722	-0.00198746579853783	AMR	-0.0737485	-0.322132324376206	0.103769234408018
-0.0123690887664744	0.0214649285442195	-0.0138606670490825	-0.00753667422241421	0.000309119162846502	0.00872824907070675	0.0288337572705561	-0.00363086142422583	-0.00319700114464171	0.000223042952722965	AMR	0.0951265	-0.113526346128257	0.0128882312652328
-0.0123851201284876	0.0196314880054142	-0.0172668750724653	-0.00383074435868801	0.00147586006842329	0.00873025077244575	0.0277075241071719	-0.00306960855718714	0.000299743147999945	0.000763670759908026	AMR	-0.00793533	-0.221213954919556	0.0489356138511514
-0.011920010452468	0.0172298956117747	-0.0192149784337622	0.00179466654848984	-0.000344407213428937	0.00629529171340655	0.0236402471403112	-0.00307268046581151	0.00216043008666607	0.00225980649828426	AMR	0.317034	0.0953591644640887	0.00909337024728911
-0.00881416620256535	0.00531491210384515	-0.0344956895062114	0.0227106202601534	0.00070207609291194	0.00414692387935168	0.0110058963345096	-0.00341478498254603	0.00049293767011341	0.00218120943713085	AMR	0.589087	0.321287938790733	0.103225939612398
-0.00712628245685034	0.00535982138746136	-0.0325693346360263	0.0185265419293484	-4.8898659841124e-05	0.0039877359884265	0.0131270106026221	-0.00242120293337259	0.00121242470378153	0.000899357608859099	AMR	-0.6753	-0.952139590305721	0.906569799427546
-0.0116528987021657	0.00953603255668297	-0.0325233228005282	0.0167491060598839	-0.000756309555357984	0.00481462097809241	0.0181889207176979	-0.000215882750610303	1.78855035249815e-05	0.00351372089532055	AMR	0.111382	-0.131676914722427	0.0173388098708174
-0.0111200336531595	0.0100150848556668	-0.0298522140792895	0.0142245188727601	-0.000192144733857847	0.00551514590617189	0.0181233860085877	-0.00501660337595653	0.00125604683157206	0.00303785732447754	AMR	0.680867	0.435402279025216	0.189575144580352
-0.0119170913755364	0.0261772667505598	-0.00443975522975734	-0.0195401421622047	0.000886970694509775	0.00694642343368036	0.0195463768849686	-0.00584734069291353	4.46416891934825e-05	-0.00109066690839558	EUR	-0.0265702	-0.226609660136744	0.0513519380672905
-0.0118433473580713	0.026253111215656	-0.00468466189606472	-0.0199144907312943	-0.000280103516638245	0.00752305620914444	0.0205267852100221	-6.34031410028055e-05	0.000704259730874174	0.00238022620137352	EUR	-0.188675	-0.388726097427228	0.151107978821002
-0.0127620705374685	0.0267471252690435	-0.00483911759912607	-0.0216560954064382	0.000256440396731128	0.00685599257686191	0.0218754461885435	-0.00572534948021957	-0.000862394650154571	0.00210217448212284	EUR	0.0219415	-0.173725315037816	0.0301804850849885
-0.0126664879272854	0.0265765941277581	-0.00524111498051166	-0.0210736246430026	0.00136012695889293	0.00741275232979645	0.0264249174290048	-0.00452763986351689	-0.000637741116132911	-0.0020343068447429	EUR	-0.103077	-0.299308288008277	0.0895854512704458
-0.0122697193536374	0.0271369603025085	-0.00484221398416856	-0.0204919890269183	-0.000706021825610079	0.00906838546098736	0.0272871099469558	-0.0028458220580656	-0.00169015383340928	0.00254695518450106	EUR	-0.078126	-0.27286291155396	0.0744541685017045
-0.0126396274948504	0.0268685849390319	-0.00477847783142739	-0.0207818817511087	3.09851803187648e-05	0.00628610387804152	0.025765008483073	-0.00369099759387048	-0.000564870802173729	-0.00235571962665683	EUR	0.43645	0.241473508975239	0.0583094555368149
-0.0120502662058048	0.027165274048029	-0.00456880517119668	-0.0202180316478283	-0.00159091887948283	0.00803116361506957	0.0264445046794623	-0.00377809280805984	-0.000783707925691355	-0.00343395488542075	EUR	-0.0651663	-0.260462317005042	0.0678406185796347
-0.0125906355356126	0.0272620538829442	-0.00559902345558382	-0.0200921695336977	0.000781298333646638	0.00836715000962247	0.0246357122858061	-0.00631550192547093	0.00131023042505992	-0.000929453053977744	EUR	-0.561328	-0.753781320691688	0.568186279423705
-0.0130173329302835	0.0274965748797636	-0.00513745481642554	-0.0214453685652455	-0.000182212494185524	0.00651208772539032	0.0212334070798256	-0.00558809130899072	-0.000547187234710735	0.00417212169766117	EUR	-0.318672	-0.509665317763946	0.259758736131424
-0.012913123891152	0.0272991167848762	-0.00612873395475782	-0.0222660043316978	0.000516939573910838	0.00590349379915745	0.0230916359576866	-0.00615916113659173	-0.000641125755118936	0.00355131730361747	EUR	-0.0494616	-0.241789294191016	0.0584620627853897
-0.0135060446795319	0.0278696188786902	-0.00673370250984663	-0.0221962186192942	0.00077966075915218	0.00527450808398794	0.026466835788605	-0.00455619505012187	-0.00125713102723354	0.000533762774647908	EUR	0.718141	0.530832167788909	0.281782790359472
-0.013357438991737	0.0280102799675153	-0.00713907297447288	-0.0229303964879287	-6.45760497303133e-05	0.00372123163980854	0.0224571908098039	-0.00483763653989228	-0.000455549543346249	-0.00443748064878904	EUR	-0.0753257	-0.262744536042067	0.0690346912199611
-0.0133474275219949	0.0274783817220253	-0.00717627205169817	-0.0231256429079903	-0.000114013388775429	0.00672180349751472	0.0225814968855808	-0.00365488506206844	-0.0023470700236269	0.0010882922686851	EUR	0.699306	0.509234616793206	0.259319894940523
-0.0133357207687561	0.0282206138012143	-0.0068272510006202	-0.0234273708143253	-0.000419884232436761	0.00602962295400673	0.025648253757648	-0.00143085121918919	0.00124526741980624	0.000928809024446598	EUR	0.0620099	-0.124953294223045	0.0156133257371909
-0.0135549363344601	0.0283415112531445	-0.00657129740677377	-0.0238796078082583	0.000462170052316111	0.00580675835071105	0.0245655469632281	-0.00407891355973566	-0.00285150673032642	-0.00159619551632002	EUR	-0.481708	-0.667773336695036	0.445921229200822
-0.0136400846898147	0.027867309435328	-0.00737053956641083	-0.0225484501134011	-9.27170499432547e-05	0.00279898379498686	0.0228451058829193	-0.00283702759124971	-0.00227146430174545	8.98284960367705e-05	EUR	-0.395401	-0.58219202672178	0.338947555978413
-0.0125578018412171	0.0276179170355448	-0.00525044881344499	-0.0212198978057547	-0.000572850863505634	0.00727870878462669	0.0260751296412083	-0.00381539577316958	-0.00127485059002789	0.00128948499686936	EUR	0.948811	0.757044035041598	0.573115670992064
-0.012471376437846	0.0265917123819264	-0.00492892113797086	-0.0212583306876838	0.00015657669378214	0.00687464734412995	0.0240212518723078	-0.00585465777325575	-0.00322828511368749	5.80310860921407e-05	EUR	0.503089	0.30600745198125	0.0936405606680571
-0.011638613207283	0.0270569803777164	-0.00564156491823576	-0.0207704983243273	8.07051637638019e-05	0.00836740907897282	0.0287196855608326	-0.00469187308748395	0.000192939984367808	-0.00187789608178807	EUR	0.0284195	-0.168613259562062	0.0284304313001432
-0.0120553946672958	0.0269975508421541	-0.00546208478114025	-0.0209679863794244	-0.000995235515679872	0.00727253441579216	0.0251780734619389	-0.00845126699128235	0.00132260676717296	0.00152921863228035	EUR	0.655436	0.459311885067121	0.210967407763912
-0.0119087333514525	0.0263153543141237	-0.00509417512266366	-0.0208572444038228	-0.000693884745585419	0.00632641749455776	0.0235102906477334	-0.00685387871644702	-0.00214230359864452	0.000799884361387591	EUR	-0.705934	-0.905877331828273	0.820613740320312
-0.0123213117014928	0.0270817013119537	-0.00535221267850514	-0.0213432719655404	0.00010144423219656	0.00555740881182267	0.0211571794168888	0.000426359966604013	0.00149002116729158	-0.00270993699138401	EUR	0.435028	0.239903564593897	0.0575537203048582
-0.0127191896744107	0.0273468491256983	-0.00648577997785388	-0.0216744441045567	-0.00118206736151551	0.00429966809464848	0.0165376727828569	-0.00541719724774813	-0.000983765932337457	0.00135898513294543	EUR	1.23049	1.03828265924587	1.07803088049068
-0.0129565495530927	0.027133214712883	-0.00490540954111479	-0.0211573562624268	-0.000394789412326139	0.00565969903271716	0.0214135377125283	-0.00425421800500495	-0.00258806564911245	-0.00158834641780773	EUR	0.296496	0.103655433273067	0.0107444488470273
-0.0104039014197242	0.0158866263961015	-0.0204590322530068	0.00170825455695841	0.00150449386912296	0.0076797286823412	0.0228588636799406	-0.00350078490432973	-0.00185085440509323	-0.00188891193405138	AMR	-0.480873	-0.713450331017871	0.509011374829509
0.00615991823369605	0.00558146489562969	-0.0203870987664398	0.0102749662566933	-0.00192319155851577	0.00578854794282647	0.0106786378608493	-0.00509919696020764	-0.000317849255732951	0.00195790996847973	AMR	0.675106	0.343622329335664	0.118076305218067
-0.00203922525314586	0.00587051930513161	-0.0277462940190146	0.0182273853078085	0.00106883331613651	0.00224537318397893	0.0142963415381784	-4.78095031015567e-05	-0.00196191797918521	-0.000842155850180139	AMR	-0.172869	-0.466872944035638	0.217970345872504
-0.0139415939594867	-0.00454347784109848	-0.0535568741764786	0.046161511418167	-7.65897597643555e-05	-0.00165423832242001	-0.000509979543667622	0.00281518879235707	-0.0019959700877741	-0.00165809796791814	AMR	-0.317861	-0.590993823542822	0.349273699465764
-0.0131003617773875	0.00477397144958813	-0.0384479845106206	0.0277700609931626	9.34751650956716e-05	0.00142666163530757	0.00655562210631259	0.00159205797629066	0.00180907878664815	0.00072033580575973	AMR	0.251082	0.000232038379831545	5.38418097148484e-08
-0.0142581908385928	-0.00245779771715129	-0.0517441988528877	0.0435926455812457	0.000510281961898963	-6.99278176651378e-05	-0.00324209203170503	0.00124115693700044	-0.000316368101921873	-0.000303544968492369	AMR	0.247781	-0.0169352081100822	0.000286801273731795
-0.0148702079595946	-0.0152257934496832	-0.0723526480805273	0.0741341270986617	7.75945089563762e-05	-0.00564829782367834	-0.0155436512504785	0.01580364197802	-0.00022224130694482	-0.00316871126283425	AMR	1.02909	0.735377587701027	0.540780196492981
-0.0110199356592543	0.00535842603707088	-0.0361572705998837	0.0249262338889584	0.000165731519577605	0.00407421942002171	0.00932889786010789	0.00264987745435488	0.000501121457033637	0.000945836090318543	AMR	-0.215936	-0.473916564464678	0.224596910074003
-0.0136756330537179	-6.94038844755058e-05	-0.048388263858482	0.0404552568226945	-0.000205046629637384	0.000258311844115547	0.000662939627629273	0.00621847259874401	-0.00178215411205336	0.000293392448364727	AMR	0.0122643	-0.246722572652091	0.0608720278560661
-0.0115188156532882	0.00778408002319873	0.025899691784548	0.0186334589574094	-0.00179137403784238	-0.00210613709785014	-0.00447492106984683	0.00122216501880239	-0.000189391170513218	0.000335705087850699	SAS	0.412485	0.134131578465952	0.0179912803417679
-0.0118337778097705	0.00820231295184903	0.0250864776858538	0.0174340386539896	-0.000313463431216232	-0.002268911914529	-0.00506131250125228	-0.000939210232513716	0.00145764032392107	-0.000494562015075782	SAS	0.318499	0.0428017175337673	0.0018319870238404
-0.0118055996227809	0.00872686340589802	0.0250626728196217	0.0181753659834216	-0.00142939511347123	-0.000843925984266964	-0.00247330056583782	-0.000359347726004485	-0.00221893449735314	-0.000215873719558232	SAS	0.52451	0.251679109396242	0.0633423741064856
-0.0116113298654981	0.0102469945422258	0.0249408757086436	0.0171671483316705	-0.00101797910938151	-0.000262828001589632	-0.00095180614627886	-0.000462991725411455	-0.00228546742006067	-0.00130881632896047	SAS	0.286226	0.0193376779499481	0.00037394578849591
-0.0119870148317513	-0.0334016894682909	0.00114250455772122	-0.017550848357995	0.0013932314796957	0.000158380754125439	0.00618290389551639	0.0396969885417678	0.000598075861961139	0.00102523396194693	EAS	-0.267459	-0.750046961734689	0.562570444807437
-0.0122171552031875	-0.0327919591073808	0.00120010342897094	-0.0169045458149874	-0.000705201061065717	0.000353060329943832	0.00375895285108922	0.0388892689347983	-0.000157761378503499	0.000995808514197372	EAS	0.896012	0.417461509014158	0.174274111508378
-0.0122615230736733	-0.0337043546464112	0.00113973988630283	-0.0187606619511924	6.2670021242673e-06	0.00188639577629861	0.00759632138025688	0.040967670194593	-0.000554763665627555	-0.00023646416926995	EAS	0.340728	-0.143136473376519	0.0204880500106671
-0.0121329102288179	-0.0331112993600349	0.000503474794503876	-0.0176002029871098	-0.000195019491360106	0.00198729453582077	0.00807288848968647	0.0400651157314139	-0.000910260699773072	0.000507943321193644	EAS	1.33703	0.856576116336099	0.733722643077434
-0.012216630841533	-0.0334142136842892	0.000915834876322292	-0.0174933610929357	-0.000395310529249982	0.00121370536196697	0.00570915874630143	0.0345526931581447	-0.00106925634947823	-0.000305838600250131	EAS	0.870115	0.388383795986869	0.15084197298517
-0.0121943322576509	-0.0337062038084205	0.000808030391101462	-0.0168809721888282	0.000359911201025603	0.000784942880090333	0.00691924031078674	0.036316728792251	1.55789658590214e-05	0.00084251932746441	EAS	0.535169	0.0524251294804876	0.00274839420104589
-0.0120130836633346	0.0264311067985412	-0.00505913949231057	-0.0205019410399931	-0.00082154794132107	0.00803311835416861	0.0221130419259213	-0.00258799289689706	-0.00252552294537673	0.00094904013671028	EUR	0.223656	0.024819702885506	0.000616017651324794
-0.012192215696482	0.0267341331168258	-0.00548852350899132	-0.0208701337775642	0.000255102178356518	0.00911771244022482	0.0237880243518996	-0.00601999943326789	0.00148682855026852	0.00197451352323021	EUR	-0.0423027	-0.2391363185947	0.0571861788710261
-0.01272853469024	0.0269521763967894	-0.00535170723261616	-0.0204631472341113	-0.000290061667425705	0.00568772004707765	0.0243222976576783	-0.00571286408918734	-0.00194024884959066	-0.00249521441683519	EUR	-0.534807	-0.72861442175742	0.530878975592899
-0.0128135150150426	0.0272486138205877	-0.0054037458773532	-0.0216708387346273	2.34343237241766e-05	0.00271753208669997	0.018344061044994	-0.00235832337222793	-0.00106910313695517	-0.000174853284543263	EUR	0.252415	0.0595486153875135	0.00354603759457001
-0.0127809847682045	0.0272265508342152	-0.00475088221273667	-0.0210486470901125	0.000260552346849594	0.00505774609430601	0.0229252683345899	-0.000493478903975038	0.000317824103468004	0.00309944729447184	EUR	-0.432502	-0.625495855800939	0.391245065624149
-0.0124565300893379	0.0270051043059892	-0.00612745116019189	-0.0218463137075928	0.000831475678188546	0.00752672431373845	0.0274653120011599	-0.00155874582255332	-0.000380697741873417	0.000903887861123781	EUR	0.0874363	-0.107547525100776	0.011566470155302
-0.012314101663355	0.0266236390630811	-0.00520857413356205	-0.0212880064805548	-6.40543080753279e-05	0.00923303466541208	0.0277535409702579	-0.00337896460950241	-0.000919894567501162	0.00306237873958412	EUR	0.418813	0.221467795880969	0.0490479846123745
-0.011815822880662	0.0266821389359134	-0.00501307340130518	-0.0208671956667358	-0.000834885879052633	0.00790034819630625	0.0236645474619392	-0.002349632117764	0.00208523264576276	0.0025259850642322	EUR	0.6263	0.427731945063562	0.182954616827858
-0.0128530887844129	0.0271599277479138	-0.00433265290502083	-0.0201365460084695	0.000783394076817068	0.00617589118300336	0.0251299337841022	-0.00775723204394404	6.7859943645704e-05	0.000489820288256279	EUR	-0.38279	-0.575473989096414	0.33117031212654
-0.0127176991410103	0.0271137929295619	-0.00367453389297824	-0.0207566313161022	0.000650169839158787	0.00626640048239174	0.0214068338052837	-0.00506274047524011	-0.00304333590304762	-0.00349936636010421	EUR	0.177522	-0.0165426585039006	0.000273659550376675
-0.0125412613495528	0.0260898228888209	-0.00494526715526891	-0.0212871356809652	0.00104207927204587	0.00649416182283648	0.0261328145604029	-0.00345752934525092	-0.00158402080382675	-0.00148740343325658	EUR	-0.810155	-1.00938277753452	1.01885359158331
-0.0124820653018462	0.0265712047496717	-0.00675114336575581	-0.0194194906253274	0.000175671422435154	0.00684869908437703	0.0237974245762445	-0.00421408568453028	-0.00108149896071793	-0.00387408566576389	EUR	0.686584	0.491479067898591	0.241551674182468
-0.0124218079118085	0.0270941432235182	-0.00393780122316581	-0.0201833612876094	0.000145082650101156	0.0084797902153718	0.0263845391127407	-0.00290357139416021	-0.000131497395558719	0.0004889364486223	EUR	-0.501297	-0.695958376403988	0.484358061686876
-0.0119874910693758	0.0264686688761861	-0.0055827175386009	-0.0203581263287816	6.11412725835666e-05	0.00596112179959229	0.0211736488482831	-0.00381710531317946	-0.00152597596161509	0.00200427314556165	EUR	0.186664	-0.0117403990933932	0.000137836970872148
-0.0121387015934622	0.0272551825781163	-0.00619527252792631	-0.0218293935211481	-0.00149639781848543	0.00799105534258107	0.0274621092664931	-0.00477322127701463	-0.00250492315328619	0.00340987109141617	EUR	0.497468	0.302640378647015	0.0915911987876088
-0.0122322627661857	0.0263851791569677	-0.00547894155151492	-0.0209924518958937	9.11661731773482e-05	0.00754894203194843	0.0292937110200095	-0.00417721391195429	-0.000971159618090011	0.000296085126631339	EUR	-0.143668	-0.342097674325921	0.117030818779204
-0.012801274761529	0.0269072167833016	-0.00577206532276989	-0.0215623570072955	-0.000386316906494364	0.00572944950360827	0.0231565550066333	-0.00250029252909487	5.16168764532929e-07	0.00205445787932015	EUR	-0.595545	-0.789820788542628	0.623816878014099
-0.011795863960974	0.0255107323490896	-0.00355438149021749	-0.0189604476572295	-0.000125346768490704	0.00968777933631954	0.0324303264638413	-0.00562195835653217	-0.00192944561637838	-0.00163139610527962	EUR	-0.396075	-0.599721460853617	0.359665830608397
-0.0102424885401092	0.0256966833410885	-0.00397653356669825	-0.0188052713882974	0.00027114799608468	0.0116886467647789	0.0336435337165849	-0.00164702692687859	0.00170160741519346	0.00143067588447897	EUR	0.393357	0.185668715815664	0.0344728720326379
-0.0110058936530147	0.026263593704623	-0.00450355006928072	-0.0210298454863644	2.03392545452896e-05	0.0103624472432669	0.0296253272823583	-0.00816580943524972	0.000986690050400427	0.00463985355913315	EUR	0.151974	-0.0516381851045199	0.00266650216088866
-0.0130266296181729	0.0272440553564989	-0.00484345971642744	-0.0210783112795807	0.000880257286165275	0.00681547207289107	0.0244503616469062	-0.00297561776527025	-0.00271365679395673	-0.000131755536485819	EUR	0.480033	0.287972334202675	0.0829280652661369
-0.012742680540838	0.0267275160834143	-0.00467708789796054	-0.0206775032388121	0.000825502343740092	0.00705960745292218	0.0242269096186795	-0.00532363450667924	0.00135260162873445	0.00164263201208593	EUR	0.233392	0.0381138027037978	0.00145266195654403
-0.0119100803831389	0.0262114766627687	-0.0045469586704155	-0.0194203770357779	0.000441407806006195	0.00449855543919167	0.0210649287176771	-0.000433321196387869	0.00133664139385259	0.00133805895395809	EUR	-0.0954137	-0.29518788994035	0.0871358903674364
-0.0108111828795411	0.0261206514602482	-0.0049950369073039	-0.0205946626363808	0.000835883929653763	0.00610199744985748	0.0217492380518321	-5.49447588565876e-05	-0.00115426556706562	-0.00190346358391298	EUR	-0.192061	-0.396491732321801	0.157205693799542
-0.0126963299762429	0.0271622711059608	-0.0044489032009825	-0.0215498440235488	-0.000497731657578476	0.00680803807255301	0.0247390794685165	-0.00539708815622375	-0.00189851000433401	0.00263253818616274	EUR	0.383598	0.189553270033964	0.0359304421805688
-0.01262811755306	0.0266643033863097	-0.00520466990982658	-0.0205752674034	0.000575585649010831	0.00448605203105777	0.02102591709356	-0.0020951822243722	-0.00297558532570985	0.00203237849965945	EUR	0.19806	0.00241419178043628	5.8283219527261e-06
-0.0131265858634964	0.027520197213064	-0.00519702639337449	-0.0216756250948073	-0.000268504676712544	0.00482847930579916	0.0245583790086674	-0.00613031140308378	0.00228182144963311	0.000431580422233811	EUR	-0.519201	-0.709834006353218	0.50386431657546
-0.0130344273382514	0.0277985263559661	-0.00516699670792961	-0.0202901608361558	-0.000202407410406747	0.00659583337892291	0.0286603230561383	-0.00671764459554189	-0.000808990053211197	0.00293761385099008	EUR	0.466507	0.277747226286968	0.0771435217101041
-0.0132100246537215	0.0283605972302329	-0.00682336483214465	-0.0223912097230493	-0.000903564564485999	0.00798304912319914	0.0267131826247796	-0.00398578651093424	-0.00301638654635034	0.00162252691032385	EUR	0.0658467	-0.120219468070487	0.0144527205031509
-0.0128929802529772	0.0270445498127806	-0.00577783611452029	-0.0223976529954581	0.00054393513766747	0.00877028357538473	0.0287974885208592	-0.00463952571209006	-0.00275176269616793	-0.000227318595030179	EUR	-0.051018	-0.244866380383865	0.0599595442422957
-0.0123920420957434	0.0271354166420522	-0.00566439757456978	-0.0217750342472311	-4.78666579091867e-06	0.00572999135361271	0.0239632465073956	-0.00169785840316241	0.000160945860425643	-0.00028628386489232	EUR	0.1919	-0.00285972882346872	8.17804894377777e-06
-0.0125868792125566	0.0265880519964916	-0.0060240742759616	-0.0214794774365274	-0.000797967116027783	0.00517885626768832	0.0210465640508873	-0.00234987808592325	0.00320341212363199	-0.00109644883475959	EUR	0.360863	0.16453194265293	0.0270707601531472
-0.0130414427779925	0.0279397085946174	-0.00522105737726759	-0.0214538788306761	0.000166349372142949	0.00826511123105131	0.0259269254641479	-0.00528461033301802	-0.00140041171093559	0.00378719271836164	EUR	0.230564	0.0417789767720526	0.00174548290011971
-0.0128712313791315	0.0275849981459738	-0.00541941737933516	-0.0215915546356039	-9.54674229733492e-05	0.00520534295248209	0.0214064833614024	-0.00452689820177961	-0.00302256784589817	0.000409932357771246	EUR	0.738706	0.547680284945658	0.299953694518158
-0.0120622730008969	0.0273133737848315	-0.00570072040692903	-0.021099323730735	0.000683240624738857	0.00784366082614972	0.0215046561149165	-0.00539176375022062	0.000910864224502581	0.00214332332936839	EUR	-0.232532	-0.427111577974395	0.182424300039778
-0.0122436969780736	0.0269151523816879	-0.00429124744899001	-0.0202421107783173	0.000575833252138066	0.00686763601931345	0.0175254103188942	-0.0024051171141158	-0.00151520338858431	0.00112153248065409	EUR	0.340297	0.14432232442237	0.0208289333266758
-0.0108171408513535	0.0260428778622166	-0.00463750952695828	-0.0199514876814466	2.84015075331106e-05	0.0091549533596049	0.0272478446534883	-0.00214638342519763	0.00295171386822614	0.00288994256163871	EUR	-0.801253	-1.00579125645758	1.01161605156651
-0.0107371115969646	0.025942596147695	-0.00468246739664459	-0.0202356412402392	-0.000933821336201363	0.00853864087356388	0.028548755409047	-0.00309198114979797	-0.00169694253996672	-0.00149807742822488	EUR	0.307921	0.102480543250404	0.010502261744898
-0.0121282766855837	0.0265580163972907	-0.00577801425232936	-0.0191221089550292	0.000832414134071545	0.00728179609851634	0.0257768296307762	-0.00414178544219024	-0.00212396247320319	-0.00141976569114042	EUR	-0.635914	-0.832543115687053	0.693128039477905
-0.0119841288663212	0.0268644814158352	-0.00479106967231692	-0.0207162968632012	-6.45769170149601e-05	0.0086509577239042	0.029322202860181	-0.00299606798379743	0.000596943439423845	0.0013700008544056	EUR	0.383577	0.18642630850618	0.0347547685032415
-0.0136063212543513	0.027588570280919	-0.00758024716471427	-0.0226266167549392	-0.00109811308667434	0.00569994306424888	0.0226331494544097	-0.000150779569274614	-0.000160406308617306	0.00114343193056807	EUR	0.848828	0.660656892895162	0.43646753012989
-0.0137153556125573	0.0278899048398218	-0.00733681727032048	-0.0229864475134647	-0.00101851156288715	0.00611655912333718	0.0254539262761566	-0.00465362458842779	-0.000428418883484231	0.000553044128702599	EUR	0.780097	0.593370565040025	0.352088627455918
-0.0119529539035109	0.0267018201363121	-0.00437752544441806	-0.0196387413461933	-0.000818170135481389	0.00910419146557541	0.0223180826661241	-0.00489526389798508	-0.0015834711443041	-0.000455771118552888	EUR	1.20024	1.00270617092534	1.00541966521176
-0.0122436544736949	0.0269709669852204	-0.00443314765606608	-0.0208933724036671	0.000417656852066014	0.00808304672438118	0.0253093314300801	-0.00386461022325213	-0.000733344126526475	0.0011173338608954	EUR	-0.333743	-0.529801632836154	0.280689770155855
-0.0121489533745978	0.0268924358162036	-0.00457112777267158	-0.0212189662562272	-0.000320348574512325	0.00660378600866761	0.0215909020328303	-0.0024487703523137	-0.000672020547735899	0.000892430195487737	EUR	0.490077	0.293187413338285	0.0859588593399946
-0.0121438249378953	0.0269122398912441	-0.00499450556824611	-0.019909934012412	0.000221332707392773	0.00800875956998345	0.0219503687338779	0.000340997926496302	0.00107215132092503	-0.00226416584946637	EUR	-0.381171	-0.576949134011282	0.332870303236368
-0.0120503533437125	0.0269042586268537	-0.0057845881718895	-0.0203653741358597	-0.000271480999833523	0.00591062251792987	0.0254519180584792	-0.00386129858566267	-7.27835826778675e-05	0.00439661754796771	EUR	0.981273	0.785228498782673	0.616583795300491
-0.0121894922986183	0.0272582020669748	-0.00412193172657005	-0.0209427266517376	-0.000140857747263306	0.00799202452808486	0.0228795882165235	-0.00289965408946935	-0.00306594894933784	0.00012687384778533	EUR	0.177957	-0.0171063552458167	0.000292627389796081
-0.0127246902043095	0.0275846342205099	-0.00594282014835915	-0.0223932842669089	-0.000928867831180867	0.00828527110689725	0.0269906772567144	-0.00472733832243278	0.000978955055405201	0.000257275891368458	EUR	0.519662	0.327880213073733	0.107505434125277
-0.012811919121495	0.0275881097831218	-0.00496866211140061	-0.0210556106312095	0.000610964827683317	0.00562803592467855	0.0255926618773749	-0.00421615164891251	-0.00317882246004645	0.0010629807575008	EUR	1.10509	0.914006847194808	0.835408516718994
-0.0125125330548138	0.0262796357420923	-0.00422120978241393	-0.0207131442514078	-0.00177516502380983	0.006930795402244	0.0279285979253201	-0.00241440587301929	-0.00458062770000512	-0.00168276215558026	EUR	-0.364913	-0.563319308271603	0.317328643071597
-0.0118291858157436	0.0267515970136716	-0.00440589376740183	-0.0204658104161165	0.000666438765844037	0.00980842719135658	0.0273300174543122	-0.00664929277177069	-0.00413140575253792	0.000729233351105187	EUR	0.442638	0.24440999751579	0.0597362468856685
-0.0128685012405954	0.0281277903504792	-0.00596020111554091	-0.0220156253082661	0.000742915146289348	0.00678275889879765	0.0246590273745444	-0.004672873821417	0.00138026572141893	0.00104881511486771	EUR	0.0465806	-0.141903731394395	0.0201366689836526
-0.0128710984756388	0.027338210431401	-0.00482560771137764	-0.0208682028272289	0.000602123184432224	0.00402194621018497	0.0215500230818446	-0.00227436076622611	-0.000325272753973833	0.00116536420201488	EUR	0.285784	0.0937707897990739	0.00879296101954209
-0.0124630708149948	0.0272524847515703	-0.00546882011226244	-0.0206189302969384	0.00014730869166618	0.00664919873484458	0.0204972665733035	-0.0019401407136237	0.00101407960572465	-0.00202594091016748	EUR	1.0716	0.8782753877314	0.771367656694741
-0.0120290839015673	0.0270046234642154	-0.00419023804344863	-0.0201902223222753	-0.00134118671417933	0.00852523225359936	0.0287540968427553	-0.00394041667196188	-0.000248995038457385	-0.00100031027931131	EUR	-0.0215202	-0.217808387296313	0.0474404935766208
-0.0120059269898497	0.0270323988968047	-0.00540206352783983	-0.0202966555708907	0.00159724810173288	0.00715887062602477	0.0292251616613201	-0.0015122421569225	0.000883603963427753	0.00215959583772612	EUR	0.191098	-0.00462860761198367	2.14240084257131e-05
-0.0120526691334784	0.0263332435791179	-0.00553872260399251	-0.0214210475296919	-5.17947699099561e-05	0.0083371595360435	0.027922921846297	-0.00530438781136223	-0.0030658955086155	0.0016176007771172	EUR	-0.130489	-0.330012053694798	0.108907955583858
-0.0122806059869889	0.0272653484205263	-0.00630657375839405	-0.0211855400676461	0.00117137428300117	0.00797059937406078	0.0265094837436927	-0.00308075418274377	-0.00180529206542004	0.0014260369450211	EUR	0.45444	0.260600280547135	0.0679125062212456
-0.0131056602211336	0.0284208312502008	-0.00605873327417854	-0.0217913642619402	-0.000240981365273005	0.00574462484300731	0.0234929682029978	-0.00632612018590289	0.00066596404785985	0.000142622318761801	EUR	0.0359589	-0.150154778280485	0.0225464574404616
-0.0128046526990178	0.02784422147607	-0.00542890688924236	-0.0216420919957441	1.46859972082828e-05	0.00642811361013613	0.0231252109582712	-0.00363799112622941	0.00118936532024937	0.00227722035231323	EUR	0.095632	-0.0944207767037196	0.00891528307333368
-0.0129930880440785	0.0279057764039987	-0.0055698305235716	-0.0216509046404413	0.00175740367746103	0.00566742980514333	0.0210878293651591	-0.00425046499053209	-0.00209587726943402	-0.00208416868878362	EUR	-0.174583	-0.363650502444535	0.132241687928163
-0.0131739612056028	0.0268488593503305	-0.00526812122324868	-0.020840034457384	-0.00011895978245758	0.00499124859894116	0.0242265413831329	-0.00334479900949786	-0.00259252373935275	-0.00406648679046842	EUR	0.212678	0.0195994858056508	0.000384139843845908
-0.0132356266881367	0.0274050429874857	-0.00506227136173237	-0.0217450058781006	-0.000721820039395459	0.006613635887594	0.025502455128512	-0.0058106988281527	0.000398733712786313	-0.00192294657047044	EUR	0.0568928	-0.134025946334875	0.0179629542909587
-0.0127257651434743	0.0277707764303546	-0.00576583720932469	-0.02268902633364	-0.00111207303340107	0.00491701281055433	0.0197596979051026	-0.0022746962421674	-0.00157223341237313	0.000947150230562121	EUR	0.377074	0.185902469473977	0.034559728156523
-0.012841763552395	0.0273250514618769	-0.00511199551891444	-0.0209852443669637	0.00152725842565025	0.00678782673057785	0.0255811861478529	-0.00598064620921572	-0.00142654385531022	-0.00105184817481507	EUR	0.0122345	-0.179877865507428	0.0323560464995085
-0.0121727576335397	0.026975722024018	-0.00527552111937868	-0.0200946016654019	0.000370431991583237	0.00794686879144919	0.0285124043996218	-0.00262443486138295	0.00105744469596423	-0.000460259625899863	EUR	0.193827	-0.00153815103155705	2.36590859588002e-06
-0.0125347038024543	0.0268934413831862	-0.00565087404067499	-0.0220146782779648	-0.000375641929147421	0.00729060063654504	0.0249625250627408	-0.00451010871769464	0.00128214376040535	0.00102268954934273	EUR	-0.20629	-0.401872326194618	0.161501366561073
-0.0131566555337579	0.0272576379275114	-0.00484829451285038	-0.0210039141294136	0.000256085630005721	0.00449559553946506	0.0201783074937264	-0.00273152760454671	-0.00128304205340374	0.00201277265980141	EUR	0.238727	0.0472170869255958	0.00222945329773927
-0.0129828012183146	0.0271198420868334	-0.00528963264001628	-0.020435473678293	0.00108452086367652	0.00559087040497535	0.0195126571115934	-0.00492158813339251	-0.000604401964645743	0.00102905887568128	EUR	0.162031	-0.0301420183030181	0.000908541267379475
-0.0137462840152223	0.0270591888347631	-0.00603891091829809	-0.0203854142229445	-0.00124444805705924	-0.00360888829087131	-0.00799577596591758	0.00504334733978446	-0.0030509319963444	-0.000264544915078044	EUR	1.05114	0.861633977933661	0.742413111929785
-0.0136552778375904	0.0270138224719157	-0.00530890135893292	-0.0191035924109881	-0.000371685649526929	-0.00374754221703491	-0.00858378407232432	3.24679501978884e-07	0.000958116036878702	-0.000124920677185686	EUR	0.72164	0.532083496320878	0.28311284705705
-0.0136035351525522	0.0268824443480563	-0.00433062000992715	-0.0187498738810886	-0.00155318584270696	-0.00306018100996001	-0.00591355421953722	0.00417284035596571	0.00123993081434226	0.00183648189595083	EUR	1.06293	0.872339455250663	0.760976125187023
-0.0120962128041058	-0.0345811539878634	0.00120916252353356	-0.0204206816960429	0.000247056033597258	0.00108563055122421	0.00828869815142249	0.0543330549705656	0.000598237090252118	-0.000174479030102348	EAS	0.51971	0.0300583464712657	0.000903504192586648
-0.011986150369339	-0.0333885615710415	0.00182188346842584	-0.0181532666772244	-0.000510189122624147	0.00231714877956787	0.00694998093711324	0.0451487877093047	-7.80197040740005e-05	0.00014705628798569	EAS	0.686312	0.203076448899449	0.0412400440976104
-0.0120870249096032	-0.034077744253691	0.00123855562576419	-0.019181627494797	-0.000208612269066661	0.00158966623525459	0.00761854264278823	0.0502576376884585	0.000896504731706309	-0.00117563676088721	EAS	0.426757	-0.0597725143676697	0.00357275347383328
-0.01217171171912	-0.0339769724454801	0.000749883943853268	-0.0188780872960833	-0.000100407132017102	0.00157239038531674	0.0076294212427156	0.0534115219487314	-0.00214359193846751	0.000952972995946367	EAS	0.731622	0.246278646674279	0.0606531718077146
-0.0124177024263168	-0.0340176320474708	-0.00188146947168267	-0.0169845173795013	0.000556500645796219	0.000710385493456778	0.00177996067376547	0.00674816721058013	0.000150295478064667	0.00115411034510309	EAS	0.0458902	-0.436361600940175	0.190411446775072
-0.0122628882096484	-0.0338463356438101	0.00134671829181559	-0.0180800610625584	-0.000234929431540397	0.00104642077394939	0.0085292310978877	0.0546383253581527	0.000508885856784104	-0.000782001948631677	EAS	0.655544	0.171348712919505	0.0293603814191711
-0.0121653627047331	-0.0339186727987897	0.00012618454426424	-0.0189687990092937	-4.63817271488877e-05	0.000892493119425792	0.00905570148618002	0.0519905423899878	0.00205421324727523	-0.000240797034027124	EAS	0.146311	-0.338539661254157	0.114609102242079
-0.0121898950445429	-0.0333508088766506	0.0018462481642968	-0.0191968140864544	-0.00100805858617784	0.00044773006933535	0.00616506259885572	0.0528128738777995	-0.00106452387402684	0.00168205178413558	EAS	-0.156761	-0.639809989302677	0.409356822411492
-0.0122081193439404	-0.0339095170431232	0.00070344401429667	-0.0178005554119042	-0.00134234802747641	0.00142311020855119	0.00570751206746642	0.0436436612785003	8.77766782234254e-05	1.97662578069112e-05	EAS	0.01177	-0.472423912705587	0.223184353296056
-0.0122604394512632	-0.033576180097885	0.00137599912120771	-0.0183261962675506	0.00100371761144342	0.00108509451393713	0.00637923496190757	0.0476913048355889	0.000931584905527966	0.000571879658403041	EAS	0.562714	0.0796157401212249	0.00633866607505042
-0.012129191114736	-0.0343407490734081	0.00155477112495688	-0.0197695948617149	-0.000407675086526115	0.00108467589448329	0.00764506908790589	0.0493341807778066	0.000629628929559098	0.00176553238043677	EAS	0.389921	-0.0982338905445493	0.0096498972515185
-0.0120474774772401	-0.0341259683302265	0.000712479596715404	-0.0199073331618991	-0.000174011993212133	0.000924556332528267	0.00803116815665343	0.0513495629355038	0.000156682383665797	0.000132286318235391	EAS	-0.0996892	-0.586791616633511	0.34432440135137
-0.0122701780538825	-0.0337473917942028	0.00174125263148319	-0.0191965131212232	0.00036802280887475	0.00243559818750853	0.00760332253425992	0.0508461376988872	0.00136418197625476	-0.0015750243560864	EAS	-0.0560587	-0.540660927280596	0.292314238287914
-0.0121156093868276	-0.033923541617731	0.00124249824509801	-0.0193492473015238	0.00075062891877379	0.00180937922124713	0.00574798391933182	0.0459467231342683	-0.000944929111261536	4.17125684722796e-06	EAS	0.680209	0.194395193886243	0.03778949140607
-0.0121539580532248	-0.0336470615087686	0.00155407847807654	-0.0194560099028431	-0.00034221726764138	0.00116839683222786	0.00738674905625972	0.0512839332004108	0.000632849295519366	-0.000414657002216709	EAS	-0.229382	-0.713977218154077	0.509763468043035
-0.0121606677834317	-0.0337577765786346	0.00117787928451106	-0.0188921527659263	-0.00140631210398512	0.000430186645516912	0.0069448462316616	0.0503314309499778	0.00271456190103505	-0.000168703434456792	EAS	0.320055	-0.164502574643923	0.0270610970644794
-0.0122688409306829	-0.0339564179610152	0.000977255877685696	-0.0204169015455849	0.000348827769300573	0.00123805815936979	0.00949930414787671	0.0513015435484022	0.00136510467035778	0.000469981584121022	EAS	-0.076049	-0.562057265351697	0.315908369534628
-0.0120950111679112	-0.0337549073159537	0.000955368217963707	-0.0182339400728269	-0.000567536896933892	0.000444349472961427	0.0072696111030615	0.0506265048556747	0.00111555653425222	-4.03859167295771e-05	EAS	0.308488	-0.175751566898619	0.0308886132673198
-0.0119649175999942	-0.0339443688147091	0.00117259757732264	-0.0195562714861948	-0.000216300911891145	-0.00101092260930592	0.0072022446312866	0.042166119347774	0.000140636373145779	0.00189520517463541	EAS	0.855207	0.368689817780869	0.135932181735291
-0.0119828184426326	-0.0333963345336335	0.00101959234715844	-0.0187573929641816	0.000221781329747285	0.0014103982721493	0.00668583321824302	0.0510090028903792	0.00116065544223676	0.000542872568017199	EAS	-0.542907	-1.02619396644831	1.05307405677491
-0.0119757486476469	-0.0335065372080321	0.00137860659242732	-0.0199072447696087	-0.000119234481257018	0.00191671377154626	0.00677108494775068	0.0513168402752145	0.00120033671360416	0.00206622969153236	EAS	1.6779	1.19316562914266	1.42364421856741
-0.0120125615008398	-0.0344154929290578	0.00174205968435791	-0.0194446330740977	0.000986013057014843	0.00140367145734488	0.00692440154471766	0.0526629157008394	0.000733116518753185	-0.00110792956169911	EAS	1.26239	0.773608183634439	0.598469621786175
-0.01199130600766	-0.0335270081583731	0.00231350173229239	-0.0181281143411315	-0.000780164019340734	0.00133887269910465	0.00603114019243159	0.0374048081059387	-0.000884053999430554	0.000100203582477912	EAS	0.278843	-0.205246778105467	0.0421262399226747
-0.0122922882186742	-0.033298323846478	0.00142387217193716	-0.0180859469651893	-0.000997755867087354	0.000174658383184295	0.00674410472025121	0.0395902014189097	0.000555114478958239	-0.00122725844029162	EAS	0.848918	0.367369393710782	0.134960271435428
-0.0120619954578773	-0.032973675921623	0.0018113031957252	-0.0186287138012796	-0.00111619185509272	-0.00122787089332095	0.005525078641458	0.0436624280101039	0.000750351588001203	0.001194816252616	EAS	0.726607	0.245287996833975	0.0601662013908239
-0.0121885180196772	-0.0332427243552936	0.00144533648415112	-0.0180500221028303	-0.00133840385762619	0.00203846249805948	0.00689063058816031	0.0389927913550152	0.00131354212666215	0.000785707879920457	EAS	0.833573	0.351950993665668	0.123869501942251
-0.012062904318315	-0.0338468284297054	0.000464881576031564	-0.0181435376711036	-0.000546142050236057	0.000957544279738517	0.00702637460733232	0.0386251483007065	0.000185891485800795	0.00124667195000639	EAS	0.989049	0.504558125200783	0.254578901706129
-0.0121624705234899	-0.0334266437706541	0.00136107804090157	-0.017595977016838	-4.56820634207259e-05	0.000336637847089242	0.00538090021447388	0.038427966320709	-0.000659471332314997	-0.00272486965792285	EAS	0.307164	-0.175084904596658	0.030654723817621
-0.0119321302564301	-0.0333540934999115	0.00202160287061858	-0.0178251473233595	0.000258722884368088	0.000221349364741524	0.0055192880836381	0.0364317090399	-0.000469033060140358	0.000949255285502154	EAS	0.252645	-0.230495176901719	0.0531280265749545
-0.0121280192831488	-0.0326894653862493	0.00217551138302818	-0.0166585480424459	0.00060053361881375	0.000216404063611461	0.0061208024966209	0.0432941053441982	-0.000591525666852842	0.000941010942506752	EAS	0.506511	0.0278381636849631	0.000774963357350799
-0.011914854522926	-0.0330458418669654	0.00187227577368886	-0.0172457133102839	0.000478556245884681	-0.000541907825037275	0.00484420700416844	0.0366883098275969	-0.00021695151520696	0.00187754528279012	EAS	0.507448	0.0261457788271751	0.000683601750479556
-0.0121601128204042	-0.0327430722954785	0.0024634450049324	-0.0179797383143899	-0.00072513726926939	0.000922011350001878	0.00674907288036291	0.040523676629256	-4.99595426999635e-05	0.000745423462958075	EAS	1.27087	0.791073298503776	0.625796963605645
-0.0121618173137002	-0.0331284854692584	0.000334509498415955	-0.017907996181335	-0.00021309996694982	2.05921926914203e-06	0.00507219612669719	0.0340806740943318	0.00212971234136177	-0.000425758648874639	EAS	-0.0427733	-0.523326986881665	0.273871135198642
-0.012218212981409	-0.0339515390169006	0.00083604369282361	-0.0179346287390392	-1.93806364484118e-05	-2.30710959681955e-05	0.00674979189272828	0.040625600358951	0.00289820155325753	0.00173318618111679	EAS	0.334751	-0.149755908147326	0.0224268320250303
-0.0123193465364358	-0.0330677854236992	0.00232985575197	-0.0179160781014694	-0.000231308442445249	-0.000303202614756938	0.00569531607905482	0.0370225516486712	0.000904919846861797	-0.00193332503120738	EAS	0.258986	-0.221705250086772	0.0491532179160381
-0.0121955748146265	-0.0330142892866497	0.00139533662633556	-0.0176216413847023	0.000273937882480238	0.000446597434964209	0.00684707069157214	0.0426994022025183	0.000125567399477352	0.000919949888989359	EAS	0.641319	0.161096289551578	0.0259520145072859
-0.0121415254792047	-0.0325259261247838	0.0014555360796298	-0.0170669061355946	0.000382340427854959	0.000158940635552556	0.00577402188974502	0.0391391604580851	-0.000393946999981647	0.00160722441071776	EAS	0.678998	0.201225037893794	0.0404915158753588
-0.0121282611651896	-0.033252721038401	0.00147963306868662	-0.0176844813665989	-0.000184914843730396	5.84904588875013e-05	0.00540252992938232	0.0391635360618907	7.85814209149739e-05	-0.00178246235824223	EAS	0.370179	-0.111476132058245	0.0124269280186672
-0.0121860746099637	-0.0331464099118625	0.00155601452614046	-0.0182977345761654	0.000360017279251474	0.00120243099327542	0.00633641387778952	0.04043621047445	-0.000596352844127571	0.000997710403575167	EAS	0.332188	-0.149197724667031	0.0222599610458191
-0.0122262904501722	-0.0339205193571706	0.000363538509039987	-0.0186130949197924	-0.000375669268507399	0.000588938749013618	0.00508218828783754	0.0397883951983537	-0.00151606782270289	0.00101816808863141	EAS	1.39	0.905459123374592	0.819856224102285
-0.0121584131518349	-0.0334439465608029	0.00176417114827382	-0.0176886887672891	0.000253927412140416	0.00102337594277633	0.00688733523249361	0.0442594635788359	0.00139806311129367	-0.000862788019580126	EAS	-0.345741	-0.828335920991941	0.686140398005567
-0.01229843408209	-0.0333386904465686	0.00144603862470697	-0.0176471141856694	0.000409819269344036	0.00083073246468912	0.00577506566658204	0.036487142677235	-0.0010696557877285	0.000791344862460168	EAS	0.274393	-0.207056592182126	0.0428724323660754
-0.0122460854998362	-0.0333662158338443	0.00152392485743789	-0.0175418222306528	-0.000457865198452464	0.000188141953236583	0.00545972702459763	0.035663675115178	-0.00357715601007869	0.0016634361393451	EAS	0.134822	-0.346903442971309	0.120341998745348
-0.0123796179434984	-0.0336478095140467	0.000264821066477924	-0.0177806398688231	0.000348837402021817	-7.4214463363176e-05	0.00507789064501001	0.0375924235812955	0.00151588345123872	-0.000399096014672442	EAS	0.440078	-0.0420824040405461	0.00177092872983177
-0.0121392452629446	-0.0334571948983413	0.0010686668808719	-0.0177311166634528	6.48431925613504e-05	0.00141839938381975	0.00554594981099251	0.035917056057471	0.000142772887755659	-0.00112919151032062	EAS	0.175991	-0.306427341528566	0.0938977156362643
-0.0122597450233244	-0.0334874340876318	0.0011973987504239	-0.0189373292500027	0.000181193076900839	0.000803640774836808	0.00476944509838934	0.0400228419393328	0.000493398587139903	-0.00136383438763286	EAS	-0.202431	-0.685416861398767	0.469796273889736
-0.0121020081313193	-0.0324160905685039	0.00105363237735658	-0.0163941212447935	0.000360927182813166	0.000254608306520686	0.00595670371146857	0.0427533032466445	0.00230701133521085	0.00168006739798128	EAS	0.266766	-0.210001357284313	0.0441005700612537
-0.0122462064089003	-0.033103535165555	0.000927789305118814	-0.0177111317210533	-0.00132771728425913	-0.000182745443463629	0.00605329113677105	0.0363016003411502	-0.000146863307436871	-0.000390477174956925	EAS	-0.700062	-1.18037087067693	1.39327539234261
-0.012363726128382	-0.0334273424165785	0.00195730487015695	-0.018413242310896	0.000982574868094088	0.000660572092842337	0.00708865110088465	0.0451098275178632	0.00178436919551414	-0.00122941078152399	EAS	1.10597	0.623590016563539	0.388864508757715
-0.0121306781725447	-0.0332877890932985	0.000679580776626324	-0.0181115535306451	-0.000845226361838933	-0.000503819045242483	0.00429886688442758	0.0407963542683291	0.00180554664879895	0.000949701971887489	EAS	0.40471	-0.0769944208266181	0.00592814083842637
-0.0122884113608512	-0.0336039986613051	0.000647311494261936	-0.0183312504230345	0.000349077662604678	0.000845068981628971	0.00759371687208042	0.0392130237393842	-0.000444936209088663	-0.000203870934267525	EAS	0.199329	-0.283463518075712	0.0803515660798597
-0.0121563136772325	-0.0330646230497816	0.0017670058188613	-0.0171668989238076	0.000397329337937308	0.000107593884581963	0.00609507300335247	0.0395236765892796	-0.000833368877952253	-0.0028623564625954	EAS	0.0791889	-0.401290438462237	0.161034016001215
-0.012103007516955	-0.0329865131255114	0.00102720854783848	-0.0165829670462471	0.000451633690975279	0.00109922945279908	0.00525485524575909	0.0300939208072854	0.000505370432445451	0.000472431050253785	EAS	0.647413	0.167847095445307	0.0281726474494261
-0.0121899272652641	-0.0330024873106561	0.000854579442301804	-0.0182604398714427	-8.56880922287139e-05	0.00144275632801942	0.00666972894563494	0.037969967212898	-0.000193888390944398	-0.000335705209054423	EAS	0.418831	-0.0615048526851387	0.00378284690382061
-0.0122604734230029	-0.0331473935630529	0.00144246823521984	-0.0173584640184447	-2.26742044818077e-05	0.00116192136084348	0.00582186597815389	0.0390559780025769	0.00152082671190446	-0.00119327712232893	EAS	0.472599	-0.00788905287559821	6.22371552739844e-05
-0.0120470842131196	-0.0331655079280235	0.0014248415220609	-0.0176447560927	4.64021597935821e-05	0.00121597465774456	0.00576637775592881	0.0390165598199147	-0.00129939302901092	0.00170779132257701	EAS	0.101685	-0.379779633667162	0.144232570148363
0.0276064563852098	0.00279297566234006	-0.00070239858563811	-0.00243248992882612	0.00605796977540705	-0.0181666993826647	0.00297072708986413	-0.00104448799468901	-0.0111865741176064	-0.00794324623834202	AFR	0.481795	0.0476253338220199	0.00226817242165884
0.0146763805147395	-0.000510026592658834	0.0112529128252583	0.00747140065763485	0.0079789847486477	-0.0200451249273548	0.00437760895456627	0.00579198080479841	0.000396243717009789	0.00551176323505866	AFR	0.613095	0.207398702649333	0.0430142218606264
0.0333804474558682	0.000265286926626175	-0.000519666522931515	-0.00104576149534639	0.00505735630489287	-0.0203658019415898	0.00347054935510168	-0.000135311588875491	-0.00984362182067687	-0.00664155744009121	AFR	0.81938	0.354666783045564	0.125788526995889
0.0286871617201036	0.00275789665945589	-0.00093635107856978	-0.0026870848926887	0.00278446756322015	-0.0214236293061917	0.00434391327800702	0.000940864709055809	-0.0110828198828098	0.0156531053189839	AFR	0.380343	-0.0576746825828775	0.00332636901103567
0.0325763888320468	0.00116644015274068	-0.000560941251060403	-0.00120406546201812	0.00145770744534288	-0.018387848488995	0.00517743982994291	0.00176973027335415	-0.00730279394446585	-0.00868807053685718	AFR	1.2047	0.746863563070253	0.557805181841994
0.0303286411361933	0.00234187005121729	-0.00108332307827031	-0.00176941761460523	0.00280572381385831	-0.0177391784765497	0.00295002585431152	0.000283268562676354	-0.0244600103091673	0.0048543038257985	AFR	0.625683	0.180839189050086	0.0327028122962928
0.0338002574948598	-0.000431242894103824	-0.000298141261707837	-0.000655083222624316	0.00472728756918455	-0.0177867386010396	0.00633950711793976	-9.76798388477228e-06	-0.0133432965853475	-0.00379456818782421	AFR	1.00516	0.535889954072541	0.28717804287587
0.0291632330166722	0.0028442922651417	-0.00159140501743892	-0.00246240556729998	0.000878230714884379	-0.0145671769250799	0.00479979209911429	0.00142414403168572	-0.00774380091656652	0.00583828358291873	AFR	-0.191515	-0.630269814962901	0.39724003965337
-0.0110430372482845	-0.00745460745693093	-0.0557755004621857	0.0523783441347063	0.00165148221089257	-0.00172504381092252	-0.00560527941635849	0.0067982920108055	-0.000735049241374681	0.00330954905127545	AMR	0.136673	-0.154934071037512	0.0240045663682568
-0.00802964260689499	-0.00123974339507309	-0.0457928671429598	0.0369855869477802	0.00462476169140636	0.000608866449042839	0.00166544788593623	0.00344403036667196	-0.00584133600017679	0.00327370709857956	AMR	1.55707	1.27014005682757	1.61325576395795
0.0311334985435954	0.00147358574629779	-0.000225033594681311	-0.00252899830196716	0.00332502307361352	-0.0225339978435883	0.00397666815667971	0.000451135884098778	-0.0112836371425006	0.00670796387292297	AFR	0.0523176	-0.400223507256793	0.160178855760928
0.0330913655013396	-0.000169875877195197	-0.000722632880730139	-0.00121232625011562	0.0044588600883562	-0.0244779863049394	0.00414756207111867	-0.00103263340864667	-0.00701186051502723	-0.00724758513498201	AFR	-0.0236323	-0.489439105053171	0.239550637555249
0.0304526942026864	0.0016093302494846	-0.000778198416844902	-0.0016277479232125	0.0050575864304304	-0.0157102870698825	0.00112658955597904	0.00184345935603622	-0.00740860268617164	-0.000644473683963176	AFR	0.395907	-0.0528682913504613	0.00279505623031726
0.0285559340797377	0.00299983766766387	-0.000583925871972807	-0.0022485997860426	0.00270745947726859	-0.0191055816962154	0.00464627307029441	-2.85183709274998e-05	-0.0137398709107445	-0.00294701131465819	AFR	0.289619	-0.14670320654683	0.0215218308111219
0.0315456534622753	0.000871619762817017	-0.000742152767603373	-0.00191404259111316	0.00152818353402595	-0.0190201459273745	0.00539531726175834	-0.00036449456660282	-0.0245537019525159	0.0059590156521483	AFR	-0.00897896	-0.465110571535313	0.216327843753905
-0.0140342715267196	-0.011311067190464	-0.0672156569662441	0.0666024853517344	-0.00141911165032768	-0.00460532578999091	-0.0142733770332169	0.0112671426018867	-0.00156548558731524	0.00154331839041016	AMR	0.648842	0.363570653021299	0.132183619738333
-0.0144361382751948	-0.0074774730745876	-0.0591301961143431	0.0554941851651792	0.00167036670116965	-0.00068913649511939	-0.00510307977116709	0.0091321954260774	-0.0016449185774471	-0.00136314243021063	AMR	-0.115111	-0.391845203342871	0.153542663382816
-0.0149727588349511	-0.0163224601603561	-0.0740912922643368	0.0751449580542316	0.00105054038038314	-0.00627763684689969	-0.0163741841050173	0.0140420137943151	-0.00174757718058589	-0.000140648873675434	AMR	0.660424	0.363346866122809	0.132020945121267
-0.0144225457455918	-0.00726565171941921	-0.0584968585009401	0.0526876096617016	0.00119837566590625	-0.000920303768512362	-0.00412831227294289	0.00291207460559843	0.000114291371465682	-0.00115291236424052	AMR	-0.079873	-0.357741367111635	0.127978885742902
-0.0148047460601796	-0.0155116107638786	-0.0707587057242338	0.0709490940413391	0.000660775358477246	-0.0051697197701443	-0.0145591255702887	0.0111031181092984	-0.000153943337494087	-0.00136159739827608	AMR	0.615278	0.317209047700606	0.100621579943125
-0.00861890896625419	-0.0110218217087683	-0.0546223281755974	0.0520061533520492	0.00141811534463025	-0.00282569288532499	-0.00787112699134418	0.0102620084625989	0.00139444324510298	-0.00142593303950699	AMR	-0.150794	-0.468180083191443	0.219192590297147
-0.0150552451228976	-0.0183031702768151	-0.0740715713379418	0.0749981328107918	2.50004804396122e-05	-0.00510435202138533	-0.0167064035666262	0.0126202944326615	-0.000585853977521246	-0.000942438763577652	AMR	0.856903	0.550645034926348	0.303209954489039
-0.0152559182097713	-0.015794644090385	-0.072700516316648	0.073531716454086	0.000537457643756373	-0.00528345937437239	-0.0152558811735526	0.0106731016899397	0.00077842316165173	0.000833514265805752	AMR	0.0146738	-0.280647711075412	0.0787631377318682
-0.0145069443726823	-0.00842583988522936	-0.0626729833703295	0.0600175360128721	0.000621294700174394	-0.00165330483341489	-0.00709254757615268	0.00931427581445067	0.000291435559429424	-0.00117012668264601	AMR	-0.450675	-0.727084988353809	0.528652580289459
-0.00973861014591927	-0.00758399875382629	-0.0491789579534195	0.0446115270583563	0.000995687253598045	-0.00184267410326872	-0.00350095200349278	0.00871411543402915	-0.00151608495881584	-0.00150458431790101	AMR	0.535104	0.230419444298983	0.0530931203110522
-0.0139449074439937	-0.00672188394404741	-0.0578144525102569	0.05366260174334	-0.000618297001662863	-0.00208122363897133	-0.00952994077016294	0.0102244891664272	0.000898534349642112	0.000916586220984937	AMR	0.615964	0.339355705959124	0.115162295167015
-0.0126068824504129	-0.00298629311424688	-0.0514446438526254	0.0455649799904488	-7.25562661626052e-05	-0.000299102669634447	-0.00293846870245484	0.00622085572986987	0.000887957949727912	-0.00261236364863486	AMR	0.75547	0.483823057884472	0.234084751340681
-0.0148691761581687	-0.0177955226727159	-0.0746942875973457	0.0768756311518168	0.000112486365667413	-0.0064759826271905	-0.0185897701536236	0.0113617749621847	0.00177550240137675	0.00107500026442381	AMR	0.704242	0.401248517233738	0.161000372582273
-0.01370205843624	-0.00738189091007267	-0.0606850042845094	0.0576877434731558	0.000852437479392029	-0.00169426784591573	-0.00913740476570192	0.0103192254033611	-0.0010242306894215	0.00225776872262043	AMR	0.448294	0.171681031844414	0.0294743766951628
-0.0121897342789836	-0.0120233871244645	-0.0627716811467106	0.0613474611375196	0.000138034807023569	-0.00331232816098348	-0.0111658147801217	0.00463110032264098	-3.41795952191641e-05	-0.00122728551918652	AMR	0.871578	0.571284356096346	0.326365815520417
-0.0142391541556114	-0.0121814693227678	-0.065096708720347	0.063910249829815	0.000468473848549016	-0.0022704207750395	-0.0123352820135071	0.00360131686582829	0.000104808903993994	-0.00293892498110213	AMR	0.0455631	-0.245853050978083	0.060443722675232
-0.013485730039184	-0.0183764162254241	-0.0412498141797453	0.032513642142216	-0.000250630390854095	-0.00151633750204072	-0.00352606541531483	0.005982931822287	-0.000456769020562016	0.000722636124178758	AMR	0.921464	0.566920979552387	0.321399397056638
-0.0142353922246435	-0.0090593952246436	-0.0601887576058342	0.057106445027659	0.000379446688280575	-0.00102341560035537	-0.00623440921273692	0.00592926160750902	-0.00114746762949984	-0.000268706319611472	AMR	-0.293715	-0.577065085902538	0.333004113367704
-0.0128976883708957	-0.0023953001804145	-0.0493690774552731	0.0419014426024993	7.15904833269642e-05	0.000266813542297692	0.00219640532273557	0.00193271179300283	0.0027757536036919	-0.00120009800646248	AMR	0.0941113	-0.177087554152111	0.0313600018355768
-0.0056957934404416	-0.0112280090950743	-0.0509345647670143	0.049206892252565	0.0029337183632767	-0.00522603797927715	-0.0059576332421638	0.00806593205403325	-0.00339964780416098	-0.00702977242595082	AMR	-0.363111	-0.694829201304205	0.48278761898504
-0.0119748917561674	-0.0132009821506603	-0.0665086078191847	0.0651365073655975	0.00098613245803925	-0.0031637509641885	-0.00898454854172103	0.0106311769658455	0.00136873282799649	1.61178021836015e-05	AMR	0.216445	-0.0859424273410625	0.00738610081727381
-0.0140068671354756	-0.0170329394411872	-0.071737644188472	0.0727631100774768	0.00133926205783662	-0.0048285226650542	-0.0142488493942924	0.00676652688406261	-0.0006130281624402	-0.00190946313894326	AMR	0.19939	-0.10692443129409	0.0114328340075645
-0.0142065875643374	-0.0130772753355058	-0.0674327061025811	0.0662548165544188	0.000825618334370591	-0.00221407946090194	-0.0115698252451656	0.0111453871859826	0.000495916220932798	0.0001878609249038	AMR	-0.339582	-0.632734624759947	0.40035310537011
-0.0147916311457124	-0.0146015897664124	-0.0696532822694031	0.0700368421760969	0.000234533727959968	-0.00367848385675508	-0.0132320930367696	0.0134051371434493	0.00118202916728047	-8.2185373766737e-05	AMR	1.12842	0.833498525248839	0.69471979159199
0.0315137716878381	0.00179820575823865	-0.00117098367930954	-0.00191400334919907	0.00794469209364166	-0.0219417675394147	0.0033703931437172	-0.0037994831462069	-0.0173682921700266	-0.0154172753545695	AFR	0.500274	0.0488297322168932	0.0023843427483735
0.0280046978398029	0.00249488633976412	-0.00137233013236872	-0.00302304126573702	0.00202618990370861	-0.017929761154949	0.00240244677709664	0.00340476719932714	-0.0232358769882107	-0.00939185957357047	AFR	0.388712	-0.0482615020109645	0.00232917257635433
-0.0150049442571769	-0.0181128457787747	-0.074796639551933	0.0768809800204049	0.000788221946985099	-0.00477215660462866	-0.0154076518776272	0.0118331263531457	-0.000284067036356672	0.000467422416633985	AMR	0.459744	0.155760029563496	0.0242611868096212
-0.00998180831153977	-0.00351330784384508	-0.0478518017774974	0.0418575946769012	0.000239147716642891	-0.00153655774289461	-0.00205521493723489	0.00503501396307337	0.000837516516515897	0.00144523834899886	AMR	1.02775	0.740723714396538	0.548671621069405
-0.013638356304516	-0.00153775496220768	-0.0512577495608301	0.0428484523044636	0.0020791887401868	-0.000279500683861478	0.000442347331562984	0.00804285631463989	0.00195553810464425	0.000335201339977535	AMR	-0.673673	-0.936831803625892	0.877653828284942
-0.0149224329620675	-0.0168172402880125	-0.0726470759895065	0.0721424591581371	0.00155138211892715	-0.00454362072798343	-0.0143512784922981	0.00947429313349132	-0.00065155639711827	-0.000221830667592084	AMR	0.369403	0.0672206833798318	0.00451862027405159
-0.0139230273300886	-0.00333550692820111	-0.0513487916617441	0.0454496252371142	0.000558471942318384	-0.00125811226851483	-0.00506932965545472	0.00438988847961908	-0.00105139828390206	-0.00190243720585117	AMR	-0.0878775	-0.356870394114677	0.127356478195565
-0.00509343277006345	-0.00339320783373059	-0.0448372226299884	0.038463842669235	0.000111188422262205	-0.00774367106154002	-0.00503312342952588	0.000915160992418499	-0.00421933392123091	-0.00380933720933093	AMR	0.49377	0.18729034694724	0.0350776740596176
-0.0127534739857789	-0.01114872516437	-0.0635417179352513	0.061721707244252	0.00193095062271121	-0.00470259352687685	-0.0120684334708955	0.00948328174477135	-0.000851755310495297	-0.000648236873491363	AMR	-0.148489	-0.442152843448363	0.195499136969473
-0.0144217280525749	-0.0166009671955198	-0.0716929873032298	0.0728772676398702	0.00119279123306039	-0.00326995026104096	-0.0130526595990336	0.00959764022446776	0.00059361481208769	2.02752205490455e-05	AMR	0.0803858	-0.222442884822821	0.0494808370082986
-0.0140237069347047	-0.00403844589336808	-0.0550506258576117	0.0492145938577167	-0.000395286118976378	-5.23807190793444e-05	-0.00440891599125796	0.00697514598981324	-0.00114849117499878	-0.000123818543313394	AMR	0.585066	0.317249358595682	0.100647155529372
-0.0145850924423499	-0.00939754219339855	-0.0637401997108801	0.0602168514053179	3.64848544978613e-05	-0.00151542632977791	-0.00541293384542782	0.00672280017396138	0.000371209018606586	-0.000513920753720466	AMR	0.266881	-0.0132216013792068	0.000174810743030642
-0.0140912996959601	-0.00593825004776404	-0.0565198267688045	0.0522859475252898	-8.08883879945831e-05	-0.00105053456684703	-0.00762072794163387	0.00807806694836087	0.0016983096152936	-0.000922414263855438	AMR	0.800507	0.526599439784744	0.277306969981606
-0.012572071680428	-0.00571324512289575	-0.0559497979293929	0.05096083046025	0.00156449675736379	-0.000402392950280965	-0.00295020357756979	0.00733841225876995	0.00201752414254478	-0.00429547389237371	AMR	0.6538	0.374735199705766	0.140426469898521
-0.0142715210804618	-0.00913381269707473	-0.0618581631042845	0.0579661084522617	0.00148466726767827	-0.00312906302965593	-0.00848804518383982	0.0048603668065219	-0.000743025081768565	-0.000477324805976275	AMR	0.652659	0.370419977887993	0.137210960018541
0.0315240064759773	0.00128779505065617	-0.00104533210526723	-0.00163158413099182	-0.000945337182766994	-0.0158045838943121	0.00471054342664535	-0.00137594623186218	-0.0133646764690802	-0.00261869297206891	AFR	0.466474	0.0127048087860218	0.000161412166289377
0.0287662244041177	0.00285525022732648	-0.00150575046507011	-0.0029306553848326	0.00223542104361089	-0.0230732471561973	0.00581133888812813	0.00239446092011534	-0.0111884932015364	0.0118971960861286	AFR	0.128695	-0.309013052341921	0.0954890665176707
0.0142188847782794	0.0119867579226557	-0.00174976019176236	-0.00858333097700101	-0.000258663653365101	-0.0127184821159627	-0.00245041290941684	0.000998758504626132	-0.0115293405248931	0.00605667948520849	AFR	1.13955	0.790367447861608	0.624680702639271
0.0276904220667439	0.00357471070254998	-0.00151756672061708	-0.00333432614195318	0.00609246599835284	-0.0222115496215906	0.00435158028959683	-0.00357224907147205	-0.0176900011232626	0.000723974083234909	AFR	-0.0534932	-0.484439832206546	0.234681951028307
0.0309276310648924	0.00106741869575969	-0.00108000248947331	-0.00247150573650516	-0.000587716703929169	-0.0181212100053799	0.00449761310854356	-0.000829327850308987	-0.00634279045764972	0.00218555420226716	AFR	0.0114507	-0.441874015240487	0.19525264534475
-0.0138292035624914	-0.00666179023179333	-0.0589189694659644	0.0530477688891238	0.000443640733420656	-0.00239778205095983	-0.00474134705449468	0.00779633562298824	-0.000241396329410253	-7.1914031732452e-05	AMR	0.17165	-0.104929922818315	0.0110102887026575
-0.0149097639356033	-0.0142899023804571	-0.0690908849399541	0.0697102233548222	0.00132630873064568	-0.00375920626372478	-0.0105962406533921	0.0091978063714616	-0.000539073039547769	-0.000434437305604182	AMR	0.113775	-0.179752787707501	0.0323110646886181
-0.014671010282311	-0.0124103759077272	-0.067700620010716	0.0666663116881058	0.00025249138037365	-0.00400109580375388	-0.0145578200200256	0.00912604681018309	-0.000416071628007038	-0.00030929689229311	AMR	-0.147261	-0.435313769837268	0.189498078209934
-0.0144322069586592	-0.00895801829617935	-0.0614750388316493	0.0581956353235216	-0.000126255793472123	-0.00181975508104482	-0.00875674046532513	0.00639121830601865	-0.00243765734758659	0.00301060627665296	AMR	0.134416	-0.146488685493708	0.0214589349776746
-0.0143503829427625	-0.0109459717915261	-0.0653513884947417	0.0631089609669678	0.00125165599949717	-0.00184315320534439	-0.00722918285114293	0.0129345732029454	-0.00106756087576269	-0.000300169670897399	AMR	-0.384607	-0.670203425084382	0.449172630994837
0.00495813736871474	0.00219669070002313	-0.0280652383219301	0.0213062123955105	0.00509214637568965	-0.00282031240649643	0.00633542980900425	0.00524740848161961	-0.00439792927945171	-0.00214614228234612	AMR	-0.483841	-0.81659616525213	0.666829297104485
-0.0141140791506751	-0.0128231681768603	-0.0646890686421366	0.0624636549038882	-0.000274509863462997	-0.00388667597602981	-0.0090043194990642	0.0110561537385553	-8.99973821021519e-05	7.39883989957661e-05	AMR	-0.116805	-0.412787532560583	0.170393547037454
0.0276053667447886	0.00367433580158954	-0.00196262891488573	-0.00361516369537175	0.000641701384781974	-0.0270404279593281	0.00887057338268607	-0.00152393901935449	-0.00328967101483028	-0.00701741859523555	AFR	0.11069	-0.319467650292294	0.102059579583279
0.0274756798095114	0.00394984482370395	-0.00104364226505041	-0.00338977058871345	0.000506431953714527	-0.0202285151588201	0.00171716855395949	0.00134073984654855	-0.00829173936532528	-0.0101649829951389	AFR	0.726337	0.297623146384792	0.0885795372639834
0.0316112606079166	0.00129255043049481	-6.26118584585429e-05	-0.00197799125831881	0.00539814153180273	-0.0180935175614975	0.0055992907497291	0.00128863196099663	-0.0126107494486971	0.00389155894227033	AFR	0.14753	-0.30719770349857	0.0943704290347953
0.0338009155686179	-0.000569761448141634	-0.000453674315612166	-0.000682500577123119	0.00903637571967743	-0.0239301410677368	0.00461959906455015	0.00106651657109153	-0.0172098461489117	0.00309100012420385	AFR	0.211145	-0.258725031849449	0.0669386421054983
0.0294758636060625	0.00268837322373857	-0.000617280304197621	-0.00265562611586092	-0.000584005084341587	-0.0193211118303121	0.00412891246173572	-0.000329056043354851	-0.00366379961650531	0.0115803195317897	AFR	0.741294	0.300166160843521	0.0900997241155387
-0.0119189388196375	-0.0304353853106599	0.00388814480482652	-0.0140416532497842	-0.000547268237898132	0.000740344121026396	0.00644523857003921	0.0453325587803515	0.000998933887746302	0.000995409557166452	EAS	-0.862625	-1.33050111817461	1.7702332254639
-0.0119043073508101	-0.0328434698313191	0.0013993995201616	-0.0167869996831876	0.000138887953602601	0.000595777444506576	0.00552757887701564	0.0398418138739088	0.000199849097053601	0.00137173123455398	EAS	0.17793	-0.30193485018176	0.0911646537542821
-0.0123660968863701	-0.0331307396555884	0.00126460698700622	-0.0176340973763198	-0.00030687959128763	0.00165990340199501	0.00572807332550878	0.0385882186494003	0.000177757069165088	0.00109942795372913	EAS	0.142823	-0.337322530922843	0.113786489868192
-0.0120302845279359	-0.0324922166560881	0.00159323166282854	-0.0175263270454027	-0.000191592366417479	0.000205652311844494	0.0054082023504644	0.0406413213920398	0.000915039246245761	0.00196572531895706	EAS	-0.0599332	-0.538278856905699	0.289744127791706
-0.012198480443698	-0.0336523593804336	0.000247791407150253	-0.0182506896359938	1.94986735139912e-05	0.00147140121202918	0.00631947679289334	0.0432427813094493	-0.000548991756535244	0.00068620195369954	EAS	0.95419	0.471108107711579	0.221942849151585
-0.0122675618647617	-0.0335078184046469	0.00099789395605486	-0.018467699733705	0.000491186051767741	0.000684734825648599	0.0070923185452999	0.0423785764402517	0.00051660194689657	-9.75788731989249e-05	EAS	-0.414284	-0.896945870249338	0.804511894157343
-0.012073045166744	-0.0332879993205122	0.000932807570594984	-0.0180914439799346	0.000884141974866181	-0.000760754365482725	0.00607522574898137	0.0419790760851561	0.000263752704281483	0.00136046745814187	EAS	0.628371	0.146364376161788	0.0214225306092293
-0.0120626342740481	-0.0331955783066639	0.00192414964358571	-0.0182658672237562	-0.000623505237643662	0.0013583216589984	0.00633539206087835	0.0414812727691191	0.00176331007591099	-0.00074443682592069	EAS	0.721792	0.239604586204898	0.0574103577304202
-0.0121602694195502	-0.0347163094471061	-0.000649880104172827	-0.0188882489302805	0.000546365011542084	0.000186316934669173	0.00327589706503222	0.0237771750770585	-0.000700711548747728	0.00101413588263726	EAS	0.105655	-0.382559898792609	0.146352076164212
-0.0121802014166071	-0.0343241257744758	0.00061591803517545	-0.0178624497486756	-0.000104559087331261	0.0013043536368075	0.00568551632720081	0.0363390352493411	-0.000959519993146352	0.00113628062104964	EAS	0.533337	0.0470932137874008	0.00221777078482584
-0.0123318930432859	-0.0337966239356123	-0.000325747327789368	-0.0185378111357459	-0.000519818993871052	0.000302339068834134	0.00548872322487807	0.0243375280079218	-0.00066703090936246	0.000898771965530854	EAS	0.253834	-0.229391272453117	0.05262035587766
-0.0121106766177037	-0.0330057357610881	0.000976751474944124	-0.017739339950467	0.000727323955358103	0.0017882671574939	0.00667064466016959	0.0415522911564602	-0.00113979048480748	-0.000876092778402103	EAS	-0.10423	-0.584573599611011	0.341726293362175
-0.0121320070491188	-0.0328013161136771	0.000950091429787374	-0.017561323551654	-2.63230962670453e-05	0.000778552533727546	0.00502622097926199	0.0354891165892294	-0.000147711199983775	0.00101212657707505	EAS	0.227424	-0.251756355518523	0.0633812625439687
-0.0121743712896252	-0.0330496635074105	0.00147626885569217	-0.0179208266688653	-0.0007940950486249	0.00129634614070561	0.00623463189031784	0.0427980775719137	0.00142297831981523	-0.000410303142485135	EAS	-0.325337	-0.806027096061804	0.649679679585825
-0.0123425693874474	-0.0326130281710131	0.00199010501949996	-0.0179810775668821	0.000151537536961263	0.000999320169416841	0.00722138520737872	0.0411325138949134	-0.00114062969248279	0.0017119148169094	EAS	0.252443	-0.225902270041128	0.0510318356097349
-0.0123026830133979	-0.0332687093367191	0.000797549512037786	-0.0176746209068901	0.000601477115648829	0.000849071802649368	0.00903614303285238	0.0455473549450949	0.000562167599454149	-0.000432344989656515	EAS	-0.0501752	-0.530989269245144	0.281949604053492
-0.0118715707179103	-0.0333122564048038	0.00119800367127932	-0.0187935008398531	-3.78838065493908e-05	0.000284287802398475	0.00589396612146456	0.0401648425617084	0.00239574974414744	0.0021335244525915	EAS	0.51978	0.0364085270522938	0.00132558084211761
0.0338416623630693	-0.000439145454001981	-0.000866795028488693	-0.00144816353349672	0.00351797861828734	-0.020709102365826	0.00328034911944653	7.20734074225299e-05	-0.0174511273558178	-0.00645273727609692	AFR	0.538885	0.0692035707417071	0.00478913420340246
0.0333924696480809	0.000142995608119936	-0.000426674433457786	1.01899207843016e-05	0.00579119857585822	-0.0263635155459281	0.00662338156178875	-0.00162606847391805	-0.0120357244643035	0.00476756538365783	AFR	0.643466	0.178763276012361	0.0319563088506714
0.0319595101971631	0.000912701866798296	-0.000668669838987551	-0.00136345184813507	0.00147350071215401	-0.0157811409207458	0.00233823058884197	0.00183509562576849	-0.0127440613761455	0.00143195648959902	AFR	0.275765	-0.181247383160989	0.0328506139027064
0.0284658427791295	0.00322969675389721	-0.0015540727150901	-0.0033570395705937	0.00214966853175551	-0.0200466136061303	0.00181603293347427	0.00297781984221997	-0.0124593426199912	0.0112240406555299	AFR	0.589417	0.154238172457091	0.0237894138429033
-0.0120554713005237	-0.0335528183667109	0.000572549722571623	-0.0167008932225594	0.000873219687019891	0.00113499176220102	0.00750911946007028	0.0387192258266737	0.0010630372215414	-0.00119899538834741	EAS	1.52921	1.04695063510797	1.09610563235299
-0.0119949960576211	-0.0315467815539614	0.00233404841956001	-0.0154711424111216	0.000208214754806082	0.000939650484745219	0.0044969876038047	0.0399198335821498	0.000689671611391327	-0.00141124905350995	EAS	0.508455	0.0354132635940638	0.00125409923838264
-0.0123371741216106	-0.0332735319139731	0.000559298131361874	-0.0179884680480942	-0.00035618702023274	-0.000581404649901525	0.00654725768083489	0.0413226113022901	0.000686034943881688	0.00170614491154207	EAS	-0.050894	-0.531701638452069	0.282706632332615
-0.0122917193864913	-0.0326935179709448	0.0014564162137913	-0.0171110029206507	-0.000813642552314937	0.000133869531036116	0.00479884248993051	0.0378708972028231	0.00169683411260343	-0.00032289077717745	EAS	0.216983	-0.261105348378595	0.0681760029519072
-0.011832500708123	-0.0332654058673888	0.00122410354575737	-0.0177962467612168	-0.000168871007690007	-0.000135906969617088	0.00634776741431865	0.0419050051268819	-0.000807184933367618	8.0304749219127e-05	EAS	0.750167	0.267508411382042	0.071560750160144
-0.012150671913068	-0.0330878443438223	0.00191401718581581	-0.0187767424233573	0.000741829280027159	0.000839398343077495	0.00680655634567394	0.0404655133823827	0.000342899536904027	-0.000998703266539703	EAS	0.319637	-0.162066386900255	0.0262655137629033
-0.0120075444168609	-0.0327300748745779	0.0019812546767856	-0.0167131750088618	0.000991354763056909	0.000358727699141281	0.00539986954847847	0.0420313773118537	0.00172597618147496	0.00127980875204352	EAS	0.0700553	-0.40915661979754	0.167409139524148
-0.0122599312915333	-0.033407152983542	0.0021502225087844	-0.018877464773711	-3.12431142144023e-05	-0.000611965416535455	0.00615446835243459	0.0384730653394891	0.00121317821833734	0.000745150151532638	EAS	0.666479	0.183458178440356	0.0336569032366534
-0.012128046356957	-0.032942646025694	0.00184229358814598	-0.0170567959967568	-0.00130289434173063	-0.000590343849313503	0.00523396228689385	0.0368930845007876	0.000692379261305962	-0.00138385063061565	EAS	0.154801	-0.32516285751369	0.105730883906468
-0.0121963324950785	-0.0336472351440232	0.00106391863118922	-0.0178979507706456	-0.000109186845711361	0.0003215688842765	0.00737100271757335	0.0381704117375148	0.000427011303005702	-0.00058164127894575	EAS	0.709065	0.225836878767825	0.0510022958115931
-0.0119945795687719	-0.0333448998356504	0.00154710795022427	-0.0181695707868792	-0.000654377590737265	0.000701747821084468	0.00706335035769728	0.0398083605466614	9.32032852751806e-05	-0.00146108990872214	EAS	0.654212	0.171331211530576	0.029354384044535
-0.0122558675482131	-0.0334361045158289	0.001188451921369	-0.0174399591961017	-0.000745197239128571	-0.000344325030340892	0.00446522729347829	0.0394987626208606	2.66901894189073e-05	0.00208971089000955	EAS	0.077933	-0.403865316314299	0.163107193721649
-0.0122289014620406	-0.0335716549484061	0.00136503400234777	-0.0182394338675752	-0.000837340199815127	0.00164799404762749	0.00772119096683607	0.0439384356032831	0.000111632822913735	-0.000732418883172001	EAS	0.223854	-0.259268376842434	0.0672200912305106
-0.0121359635803924	-0.0340565861758075	0.000926402689716793	-0.0196146014067354	-0.000460728431399179	0.001290729768392	0.00754407514002575	0.0422994890874044	8.55693644997774e-06	0.000806330294688525	EAS	0.628555	0.142162410196561	0.0202101508728953
-0.0123012201630538	-0.0333864571078972	0.00117164204213304	-0.0175153898422198	0.000600430615933608	0.000243656379929246	0.00516048552312329	0.0402556443340841	-0.000143550959208348	0.00109257804703403	EAS	0.00359012	-0.477861376661338	0.228351495304669
-0.0121506410552219	-0.0337868421198188	0.000164817077210799	-0.0175607637431979	-0.000159740563925636	0.000395662708424336	0.00350846718139206	0.0194922967192595	-0.000488079802371723	0.000745383138859488	EAS	0.911911	0.42851213488583	0.183622649744412
-0.0120349712163179	-0.0332272402495752	0.00225486462841628	-0.0175470906760732	-0.000267309767143053	0.00125157507220885	0.00733550959294421	0.0398450516729143	-0.000236251044711693	0.000891442639874062	EAS	0.658639	0.176509785613407	0.031155704417291
-0.0121940827346837	-0.0330640636128772	0.00215708946678046	-0.0177467459465949	-0.000192007055446283	0.00013195554927658	0.00661281303119255	0.0420380720735976	-0.000735587512691922	-0.000463259704779745	EAS	0.0595159	-0.421388687674122	0.177568426099719
-0.0119501464824444	-0.0328490290508306	0.00163369217828223	-0.0175765209142521	-0.000697424797081825	-0.000185107617034448	0.00698464852020675	0.0402535953992446	0.000786445644618871	-0.000939318098434508	EAS	0.422876	-0.0574754019321935	0.00330342182726719
-0.0120130007764877	-0.0336368224227411	0.00202268032099333	-0.0179451727297102	0.00010930220732221	0.000103763046122655	0.00414792892516963	0.0388821575113232	0.00162919092534304	-0.00108874898683141	EAS	-0.158795	-0.643075768658363	0.413546444235545
-0.0121459602123719	-0.033728238013438	0.0012238890256641	-0.0185791857622673	0.00054149506264005	0.000511541594876843	0.00714752785124973	0.0406894239704091	0.00142348299433987	-0.00034416551087639	EAS	0.806054	0.321764022567557	0.103532086218855
-0.0137026254653665	-0.00333892030334782	-0.0533078888879031	0.0462702963875079	-0.00144032505141539	-0.000809779480711545	-0.00229346585074224	0.00694187045126242	-0.000502531978670859	-0.000941552903632506	AMR	-0.625081	-0.893376599762414	0.798121749003053
-0.00785314730485337	-0.000877671565785898	-0.0437671239462719	0.0378245122307525	0.00250217582628653	0.00195969945718451	0.00250938983624702	0.00470924998915302	-0.00140666091923453	0.00107468539544733	AMR	0.782284	0.496042654892431	0.246058315472731
0.0322187912098369	0.000447655852974875	-0.00012419370399806	-0.00135801433140097	0.00362794193600097	-0.0240360974703497	0.00361875963288995	-0.00129905167937811	-0.0135942215547043	0.00218364091515645	AFR	0.797814	0.337478593337083	0.113891800960776
-0.0138615156870864	-0.0115207823341483	-0.0645117096077401	0.0619525677224091	-0.00013692351593819	-0.00292598163330068	-0.0110885052353799	0.00716123258335156	0.000945063766541589	-0.000442924815391851	AMR	0.954435	0.663345223977507	0.440026886173769
-0.014443960468301	-0.0144024399938191	-0.0681658856791797	0.0681831560658829	0.000291620579900215	-0.00304581291246129	-0.0104789269706001	0.00947619148322136	-0.002094461161914	0.000499908868524463	AMR	0.837635	0.540598031301761	0.292246231447339
-0.0149529861809455	-0.0157839647928893	-0.0707217818171672	0.0713594932193306	-0.000286392785152773	-0.00353094751509403	-0.0147230777129024	0.0106381282049493	0.000977343491457674	0.00111765600172275	AMR	0.440983	0.142369694510374	0.0202691299149773
0.0339648904268771	0.000212462274128674	-0.000453785083288633	-0.000765714803310695	-0.000781294488896269	-0.0171983199849431	0.00165078743431315	-0.000857210881403137	-0.0234363844898754	0.000461105179611685	AFR	0.53507	0.0682905476661509	0.00466359890054283
0.0276482505640642	0.00392958067894051	-0.000914536752500615	-0.00320040504329258	0.000939478882140471	-0.0156431520024395	0.00270509511133187	0.00383877295079841	-0.014802915951313	0.00873189788415851	AFR	0.930702	0.501371837363242	0.251373719300993
0.0313019370062234	0.00123243843827036	-0.00153521110680842	-0.0022518667467087	0.0051977085521335	-0.0238053955745439	0.00253509264256198	-0.000755303899173236	-0.00653301239955	-0.00752232530724519	AFR	0.561939	0.108492248829359	0.0117705680560516
-0.0123719797037015	-0.0332465771609663	0.00153658279602202	-0.0183093015284412	-0.00107034275698513	0.000402631101069685	0.00767144205799474	0.0405945833211686	-0.000432558055833992	0.000482017264014617	EAS	0.498857	0.0176247152104231	0.000310630586248519
-0.0123304750305037	-0.0329257995074554	0.00084795275299604	-0.0173065459250764	0.000876024001195773	0.00126548990224402	0.00554914545229431	0.0381048996810573	0.000800333971822314	0.00071355622381804	EAS	-0.00845143	-0.487341994882162	0.237502219975725
-0.0121797111347539	-0.0332718210695199	0.00215519130662116	-0.0177396734250709	-0.000350026514992692	0.00146335221287615	0.00806732864453053	0.0405085983297769	-0.000532736269420574	0.000937016745033199	EAS	0.503057	0.0211282699049246	0.000446403789175341
-0.01216794402843	-0.0335510336986626	0.000658030233033609	-0.0168378987708127	-0.00115029682899082	-0.000176789282791269	0.00186911228273174	0.0134767180019844	0.000802970006419925	0.000815195920128553	EAS	0.233169	-0.248831917580067	0.0619173232065731
-0.0122460323095527	-0.033686236315433	0.000664374404743851	-0.0195917823539568	-0.000546506701731403	0.000450088903742911	0.00653539624639462	0.0391520211873488	0.000800765014372387	0.00165865104758412	EAS	0.481824	-0.00231045680488523	5.33821064724047e-06
-0.0121112125991137	-0.032983193821803	0.000733411624149299	-0.0172951496974917	-1.36155254997698e-05	0.00190243188009409	0.00615903229507896	0.0403886233386091	0.000656240061163423	-0.000956809584352445	EAS	0.688178	0.208341301514893	0.0434060979169196
-0.0122188580847146	-0.0330574553962924	0.00144760009268016	-0.0162029787044967	0.000816782875784892	0.00136830956501958	0.00720944362155926	0.0412751222465615	0.000855770894377958	0.00101032578479789	EAS	0.0493998	-0.430069647700306	0.184959901873066
-0.0120514007482081	-0.0307151954667855	0.00347447932223428	-0.0142293168340325	6.61769143945755e-06	0.00222881275617983	0.00484858843331818	0.0428694662427593	0.00263423359082799	0.00110259665431521	EAS	-0.087691	-0.556366520560317	0.309543705200394
-0.0121308404905344	-0.0329456687594508	0.00235949215929554	-0.0170092476368624	0.00066381217096974	0.000144545346596577	0.00564126154358749	0.0380630902315074	0.00027560568096677	-0.00108437037719983	EAS	0.668414	0.188229709109804	0.0354304233915613
-0.0122124913743818	-0.033354238604581	0.00119415624355625	-0.0184471579712911	0.000103870875915526	0.00137447111092276	0.00640368137498557	0.0434044977992937	0.000666362041374179	-0.00141186856537038	EAS	0.694007	0.211805254652398	0.044861465898367
-0.0120847031603629	-0.032717283481769	0.00238757702403081	-0.0164399163268575	0.000183716290382839	0.000389306037864184	0.00432191520153303	0.0367254771859276	0.0021070180826222	-0.00160074076093782	EAS	0.132304	-0.346607295296178	0.120136617152532
-0.0122760443365911	-0.0331180527058194	0.000658969139935139	-0.0168155333468274	0.000359251092656063	0.000316159791384544	0.00539716527860986	0.0411901200010653	0.00072887747250766	0.000480139638893057	EAS	-0.31673	-0.796308868729673	0.634107814417532
-0.0120912316564076	-0.0335178826111207	0.00179059005912692	-0.0183260235001895	0.000643424472765564	0.000446128272635291	0.00545628913891068	0.041976512802404	0.000471663746599906	0.00203499821491221	EAS	-0.648972	-1.13256043544747	1.28269313994096
-0.0121699072454962	-0.0337760411524578	0.000594637958707247	-0.0182682766208038	4.6780491081931e-06	0.000523031153503105	0.00710670991886439	0.0400033914914503	0.000180340892254807	0.000848138827371965	EAS	0.712273	0.22833486831864	0.0521368120900906
-0.0121536783665254	-0.0332102466601573	0.00109414078275083	-0.0180919293029017	0.00043442111298718	0.000536070823828261	0.00854119655877698	0.0393821596072174	-0.0015466730493696	-0.000836527091888524	EAS	0.0973042	-0.384141243646028	0.147564495069917
-0.0122076436852732	-0.0334078814241555	0.00130285626824953	-0.018372441643393	6.50022810450711e-05	0.000831586717778026	0.00597261514930254	0.0347364037276912	0.000260096903851295	-9.51599301667347e-05	EAS	0.0375006	-0.444974864865676	0.198002630362227
-0.0124462027090859	-0.0276114915193242	0.000361717039189515	-0.0177527676108675	-0.000570710696569234	0.00163967661581859	0.0086288641550328	0.0334763610927829	0.00102517328648907	0.00103341672888078	EAS	1.7735	1.32004516247491	1.7425192309734
0.0259946618603097	0.00412956061302827	-0.000679187217365435	-0.00361963397802194	0.00152582060498148	-0.0143415846661982	0.000746552086480776	-0.00229246187801988	-0.00775533273419659	-0.0042418535512606	AFR	0.725373	0.302164763079381	0.0913035440468183
0.0329122912384544	0.000473948499375588	-0.00107108732067506	0.000177353760220904	-0.00159103008026742	-0.01777060775205	-0.000890062117257469	0.00152947175611775	-0.0138250893800614	-0.00620288866639835	AFR	1.1708	0.70968667270596	0.503655173416456
-0.0146503059332521	-0.0121300508838551	-0.0664176848558708	0.0654033822236413	0.000607074088191557	-0.00411191585791705	-0.0106759720349965	0.00943993171255224	-0.000130231996360632	0.00147072338581194	AMR	0.318981	0.0307683177674776	0.000946689378240479
-0.0147825777632333	-0.0144351912172946	-0.0699785174173198	0.0694036558126293	-0.000118205372836503	-0.00341884625487084	-0.012829367952303	0.00927285389703415	0.000350141406809833	-5.62592581999417e-05	AMR	0.50409	0.209675246713166	0.0439637090842269
-0.0150481301577318	-0.0157493020106061	-0.0724695601984964	0.073813676423581	0.000129246073888955	-0.00549796552511631	-0.0162984754423646	0.00771644974055501	0.000317769756187114	-0.0018840091041424	AMR	-0.121198	-0.416933716670416	0.173833724096606
-0.0120155612221835	-0.033416291055205	0.00141868376210184	-0.0187497731966834	0.000184248109950957	0.000856875755217047	0.00660969132701004	0.0540378244840002	0.000156809623880966	-0.000742666817760953	EAS	-0.0517914	-0.535247444619576	0.286489826971786
-0.0121046425069094	-0.0338215761556581	0.000688774910161928	-0.018633423687377	0.00133532169428403	0.00078319259779977	0.00766256170669842	0.0501885330147631	8.20080512086835e-05	0.000165443353485961	EAS	0.560334	0.0756841424205575	0.00572808941393524
-0.0120818335186223	-0.0334230814447262	0.00134652658418439	-0.0175811583848925	-0.00058706327266319	0.00062356348067634	0.00712145557532407	0.0472145987010832	0.000967110463850124	0.000325100355197188	EAS	0.558411	0.0759243235610382	0.00576450290820122
-0.0122237082649854	-0.0340363666990076	0.00103253990292129	-0.0186306295838266	-0.00022804553313437	0.00115610030418281	0.00765960059838546	0.0509568791889566	0.00143210340974626	0.000474836147962154	EAS	0.0438085	-0.441617372964785	0.195025904104318
-0.0121811015810033	-0.0341075862904361	0.00099405341023993	-0.019326796770238	-0.000222702107825538	-0.000184160472625339	0.00789168407823138	0.0473896583382837	-0.000128071916671323	0.00128720692958427	EAS	0.960282	0.473951390386754	0.224629920449537
-0.0121604166568187	-0.0335089419532002	0.00184678085311017	-0.0184073834391378	-0.000183235773378129	0.00195507821731923	0.0074986942497802	0.052127877871249	-0.000266666593072054	-0.00113164935208174	EAS	0.622633	0.13924072693986	0.0193879800387408
-0.012022880382009	-0.0338129821363611	0.00161310568973743	-0.0189735175190765	-0.000226091187242011	0.000639652959696121	0.00593456560789715	0.0446946691433341	-0.000172368565737345	-0.000178492231362348	EAS	-0.261717	-0.747257009913896	0.558393038865456
-0.0121103510112078	-0.0330738614626584	0.00125917988034466	-0.0174315800212159	-0.000499391340321387	0.000596302750221958	0.00630748777965336	0.0392050618436832	0.000939524317147042	0.00180085894181533	EAS	0.332702	-0.147902646726433	0.0218751929086839
-0.0120971963081897	-0.0340749845485477	0.000730632799304558	-0.0189040015661537	0.000459685083973923	0.00128215873345341	0.00852731870360356	0.0552456526077866	0.00173606054088759	0.000759420487755357	EAS	0.185017	-0.301047016427517	0.0906293060999098
-0.0120589725908045	-0.0339757999591728	0.00159120674013212	-0.0193950552954978	0.000248717200540029	0.00135204819521863	0.00744320295581345	0.0528699383401551	-0.000867143215507074	-0.0011839900875686	EAS	0.414926	-0.0715198668619773	0.00511509135595496
-0.0122026109504649	-0.0336954825279567	0.000852165257358123	-0.0175092991406749	0.000264996514496451	0.000701898107658242	0.0069095148624604	0.046602522316159	0.000365546772369811	0.00140903215570868	EAS	0.797699	0.314612336390273	0.0989809222089463
-0.012028373290236	-0.0346935255963007	0.00150934773186979	-0.0195655984016957	0.000781013245334296	0.00118620893213005	0.00755862273680898	0.0490971922600076	0.000776140935758838	-0.0016706130249983	EAS	0.578885	0.0888766910089405	0.00789906620469869
-0.0120182993317134	-0.0339156930663611	0.00141857438759396	-0.018712436019728	0.00084004131394626	0.00180068740234734	0.00853504513325259	0.0520064858426796	-0.00042605944896412	0.000497306560681229	EAS	0.360002	-0.125779732278603	0.0158205410520771
-0.0121418185445961	-0.0336347453006083	0.0012875741379997	-0.0189090300559562	0.000120813420151115	0.000125757326185787	0.00803754936685088	0.0500222350287356	0.00156032640219221	-8.75604221938699e-05	EAS	0.312076	-0.172026714119414	0.0295931903707227
-0.0121049977265803	-0.0341468463632882	0.000156551295091429	-0.0198053388118017	-0.000147953474787453	0.000184407257205029	0.00741513119717206	0.0525378728923738	-0.000525412014558237	0.000650836369154599	EAS	0.628123	0.141444471395978	0.0200065384884877
-0.0122667839097997	-0.0338940809248377	0.000966673623702794	-0.0190837049185071	-0.000278238046034654	0.00215895714833091	0.00700459260427218	0.0469753488261892	1.03893988693929e-05	-0.00125068482668929	EAS	0.11362	-0.371246421805618	0.137823905703475
-0.0122636628736058	-0.0339883601780167	0.000498647652186534	-0.0187820151307189	-0.000566736206709216	0.000816018734991445	0.00833245112655802	0.0516107304377842	0.00144596908754252	-0.000800689597979926	EAS	0.346786	-0.138121547501843	0.0190775618843039
-0.0119301395068899	-0.0339833223403182	0.000760429517923285	-0.0183466883246614	0.000669637263623956	0.000761917663328194	0.00645209116272328	0.0521302458666504	0.000163800912407894	0.000712093833807349	EAS	0.291603	-0.194248556773859	0.0377325018087273
-0.0122004324421796	-0.034056712218946	0.000791318778810149	-0.019335505896418	0.000311665829280099	0.00100722643036391	0.00832516287441801	0.0568166669826948	-1.01317405188602e-05	-0.000818375874527201	EAS	0.320533	-0.165401555282016	0.0273576744897098
-0.0120902949206078	-0.0338134890858683	0.00101218484279944	-0.0193833029503903	-0.000101571311440759	0.000504723966209874	0.00805907467913882	0.0475162476423595	0.000128833049346869	0.000234881313314706	EAS	0.162472	-0.322819299747328	0.104212300289355
-0.0137027271191492	0.0274964250621142	-0.00568126657642472	-0.0198454594893551	-0.000784273319000861	-0.00302996434562901	-0.0100801056478181	0.0064241107634582	0.000253420776135948	-0.00113431656169465	EUR	-0.146823	-0.334236292815107	0.111713899434786
-0.0127985243829418	0.027550177499185	-0.00477097839892596	-0.0207353879579743	-0.000510962512262099	0.00785799009555807	0.0251940290700927	-0.0031866682567179	0.000465875764465366	0.00249875279507053	EUR	0.019067	-0.172130287579981	0.0296288359023668
-0.0128540560846229	0.0268136372493843	-0.00397362828118817	-0.0199004625180783	0.000293035232142651	0.00551883707238224	0.0190091890000565	-0.00223620355271214	-0.000154989591985047	-0.000599353793125404	EUR	0.291324	0.0969874393973186	0.00940656340084854
-0.0126286011280024	0.0272045143366075	-0.00510557425164661	-0.021749183707484	0.000381514238005594	0.00675940481702736	0.0238096000368174	-0.00467161830297278	0.00070345362409713	-0.00226967226624718	EUR	-0.0432324	-0.237120048787734	0.0562259175370973
-0.0128412264415073	0.0275137597738863	-0.00507593545182075	-0.020056007647314	-0.000119908964099956	0.00550520992291401	0.0241359140736468	-0.00413015025328488	-0.00105531949689904	0.00149282409930306	EUR	-0.932877	-1.12352505997959	1.26230856040214
-0.0131983622932484	0.0269809737130133	-0.00521409140281838	-0.0206289986562964	0.000685500702787432	0.00502696399920029	0.0169704700240092	-0.00268289221659503	-0.00155401523736474	0.00243162182843829	EUR	-0.104622	-0.29688577617433	0.0881411640946345
-0.0133193222859962	0.0274944277568087	-0.0040535434097408	-0.0208260781140155	0.000490909043653877	0.00357097833013239	0.0204886888016978	-0.00324209009828493	-0.00116281122476268	0.00244144816679627	EUR	-0.159527	-0.349636417304415	0.122245624305467
-0.0131320463256914	0.0273293104042113	-0.00480336942895044	-0.0190754545136422	-0.0007528361658367	0.00557400393002685	0.0209270898669972	-0.0043104833175108	-0.00215094670357267	0.00084162509994731	EUR	0.184614	-0.00543293308566273	2.95167619132887e-05
-0.0121260123179743	0.0273394993687888	-0.00474401469157927	-0.0211999098855895	0.000306929519116946	0.00887546548941637	0.0269749722840848	-0.00278277822681763	-0.00168426250113032	0.00238342416308087	EUR	0.680643	0.485882169899903	0.236081483026638
-0.0120531286624975	0.0271061167341793	-0.00504197801777245	-0.0197514505641913	0.000616718004113342	0.00909182363081315	0.0300171387245611	-0.0082683157826279	0.00277286155945887	-0.00272835372265106	EUR	-0.00808773	-0.20313139374165	0.041262363123425
-0.0127815537627955	0.0266965611519936	-0.00487243738620888	-0.0200513477436487	0.000406712459857151	0.00812134627357792	0.025196867100004	-0.0055456022624956	-0.00126577811914396	-0.00412252255931783	EUR	0.0654631	-0.129338939176441	0.0167285611872871
-0.0126585895480886	0.0266478470501616	-0.00464954329103951	-0.0206328223429491	-0.00126735305958968	0.00629034168050214	0.020912796375822	-0.00326677333568972	0.00149162728894934	0.0022293507695653	EUR	-0.109386	-0.305307670795053	0.0932127738463002
-0.0120671104921676	0.0273366888716632	-0.00564291164541992	-0.0212474133334941	0.000342799680720631	0.00805804520494627	0.0286364806074371	-0.00493044288983578	-0.000103137691094967	0.0030236480381284	EUR	0.463413	0.268837979309004	0.0722738591189485
-0.0120658919442216	0.0260045568406977	-0.00293537382538372	-0.0181018002811606	0.000252309825972935	0.00613538586702213	0.0239110311048695	-0.0028147657152798	-0.00112152894514773	0.000920068440353491	EUR	-0.207854	-0.408007973418576	0.166470506373133
-0.0119256610940481	-0.0336533985152664	0.000636107054057488	-0.0183351222778702	-0.000237445613413064	0.00185904153923909	0.0078363830176733	0.0514566715701338	-0.000369421318116901	-0.000595269936313047	EAS	0.907655	0.4234131193482	0.179278669636173
-0.0132013244816761	-0.00213202255485226	-0.049578097587393	0.0429748800972033	0.000678867113098696	0.000128632677235856	-0.00125567601458239	0.00405643682908899	-0.000875506231377653	0.00184712401568988	AMR	0.494667	0.226515076187537	0.0513090797402459
-0.0135262766748535	0.00216785674477102	-0.0444780558101021	0.0361119533654228	-7.69313104895382e-05	0.00171556978150636	0.00367257626090286	0.00554163589613114	0.000915758085079172	0.00055387103249968	AMR	-0.546576	-0.800123401139927	0.640197457051725
0.0317855776166304	0.000857738706377175	-0.000269934952428567	-0.00169253922581157	0.00820339619183893	-0.0194672171609629	0.00385559261151168	-0.00327127949161013	-0.00381257740878915	0.00564122740392522	AFR	0.0894556	-0.367631106857118	0.135152630728989
0.0243858160761623	0.00479937787877432	-0.00417413324703182	-0.00143046926429982	0.00192591657990997	-0.0190673115384437	0.00285337396102343	0.000143659362524629	-0.0129977530766664	-0.00166760752117896	AFR	0.332342	-0.0792408208980056	0.00627910769658979
-0.0148316649232557	-0.0173955768412573	-0.073871650926913	0.075283945130847	0.000830396789738331	-0.00521320291541285	-0.0167849945938944	0.0133819548322532	-0.000289418761340995	-0.000361175183772742	AMR	0.163119	-0.139516529758638	0.0194648620758928
-0.0142650356201435	-0.0107151466959584	-0.0636039674100079	0.0602205453746728	0.000155602505717427	-0.00171654549760054	-0.00970201935912127	0.00890555869948559	0.000169684727482017	-0.000568532901979815	AMR	0.212709	-0.074754623987293	0.00558825380748156
-0.0143506715149782	-0.0081660275262642	-0.0608954281713891	0.0572537598536609	0.000984111586908171	-0.00351913688799921	-0.00715617540917211	0.00748299840063634	-0.000834711306486687	-0.00214639889951225	AMR	-0.330508	-0.608821522054041	0.3706636457162
-0.0149718058314794	-0.0145490784203942	-0.0710999360151346	0.0719780381652658	0.000929401502684729	-0.00536796524302362	-0.0136917040215047	0.0111987764791264	0.00124728431004195	0.00161407667890597	AMR	1.19708	0.904936206768083	0.818909538319806
-0.0148719710667315	-0.0158379939448614	-0.0701119417935738	0.069920554054952	0.000236671769287193	-0.00316593180371081	-0.0110183820495381	0.00701138374550918	-0.00173389002246687	-0.000750548516846777	AMR	0.325973	0.0256257510868972	0.000656679118767615
-0.0147443820871642	-0.0171078123409483	-0.0737016604508881	0.0758077889056147	0.000194505517480611	-0.00542482921823732	-0.0168698272639873	0.0117452676550588	-0.000142317288268979	0.000305171454973846	AMR	0.0380822	-0.263234564199235	0.0692924357891614
-0.0152009790274626	-0.0188460215446909	-0.0761308114136344	0.078950127085213	-3.03931040397783e-05	-0.00637953492642828	-0.0205202113096625	0.0116743757261768	-0.0014664651990072	-0.00177411461165674	AMR	0.609188	0.3043521701093	0.0926302434502404
-0.00172038823323517	-0.00676984123988796	-0.0476845508974269	0.0459445441964269	0.00315255204705071	-0.00750089621148922	-0.00615969586923525	0.00655783302254513	-0.000392094537931518	-0.00137429783577324	AMR	-0.89536	-1.22300290697917	1.49573611047949
-0.0148849417290887	-0.0160625393825824	-0.0709872916022187	0.0722801059412133	-7.38870356327054e-05	-0.00404154037996824	-0.0145278169824236	0.0147526525458997	-0.00100646970599456	4.31463908900329e-05	AMR	0.860536	0.561090989270937	0.314823098241039
-0.0145480883453376	-0.00506074511515473	-0.0552813285773756	0.0487331255426095	0.000495947536470011	-0.00223816430710193	-0.000914343989619385	0.00740962972616222	0.000278633332157363	-0.00137451498430616	AMR	-0.655483	-0.926563110876014	0.858519198436236
-0.0141809632948993	-0.0139050951838453	-0.0681950209304766	0.0679484046414325	0.000435857061470851	-0.00356412397114724	-0.0118671175966587	0.0085977770718887	0.000980598268327192	-0.00117382970039471	AMR	0.381499	0.0857916283406114	0.00736020349333359
0.0335423479438577	0.000143583459672823	-0.000293121705918229	-0.0014421638264583	0.00152832255904222	-0.0236652760087043	0.00405787622334352	0.00533084094839126	-0.0197068284913856	0.000192677542786253	AFR	0.155726	-0.310466253552065	0.096389294594655
0.0263967948535398	0.00466261410956852	-0.00141136970096183	-0.00403849021587085	0.00162092580435721	-0.0190621557899315	-0.00106565660714472	0.00488852844988234	-0.00976744866797231	-0.00078307085756953	AFR	0.347163	-0.0747976124745875	0.00559468283189857
0.025534428952915	0.00512547418522633	-0.00151382458931836	-0.0050667883845217	0.00649408897950093	-0.0131171830637637	0.000634396280742896	0.00195138174522068	-0.0190007361133636	0.00217527451894192	AFR	0.588152	0.170668845396567	0.0291278547889974
0.0276709172835683	0.00385945362250379	-0.000573939645289661	-0.00324104165448781	0.00118388888440203	-0.0193496813314154	0.00256012679524098	-0.000224336405301763	-0.00261676134337728	-0.00218124838556689	AFR	0.667654	0.23772867591293	0.0565149233513151
-0.0138043906716687	-0.00910137278763331	-0.0608949788916637	0.0590959446662338	0.000895244704465274	-0.00250884949246763	-0.0079595885423854	0.0101516892032188	0.000607396441089196	-0.00119589394800048	AMR	0.0548902	-0.22850331112302	0.0522137631941838
-0.014263934478125	-0.00741058489023936	-0.0599750028108559	0.054459978992063	0.000248241148532256	-0.00132329943152794	-0.0060649195204957	0.00780049459789028	-0.00137113304535856	0.000163646073172844	AMR	0.687877	0.410622805611263	0.168611088488065
-0.0149321974964163	-0.0167125585824062	-0.0730376566751936	0.0744750374930041	0.000441443391802429	-0.00433422538916648	-0.0170735089205042	0.0109741678771187	-0.000516376700633313	-0.000566169117918553	AMR	0.102557	-0.197426483524485	0.0389772163968436
-0.0149257273354057	-0.011926968692728	-0.0673460013478311	0.0655612543234943	5.68285481412217e-05	-0.00423556843478562	-0.0124145375605941	0.0104443939399877	4.3250357610176e-05	-0.000715814861243855	AMR	0.175461	-0.110325222918988	0.0121716548121245
-0.0136475727884896	-0.000537099546870554	-0.0489188358486253	0.0391272618732972	-0.000463365226784457	-0.000100924967787249	-0.00279138415471907	0.00496713314250678	-0.000325369053924908	0.00232238584113592	AMR	0.831799	0.56991507157464	0.324803188807927
-0.0150028597218499	-0.012301381058463	-0.0652804229187817	0.0638840145663431	0.000167969264253065	-0.00378851810832636	-0.0115659564339623	0.00631115799673416	0.00166954491336065	0.000273820439376801	AMR	0.158588	-0.130757717731108	0.0170975807462482
-0.0145680029952815	-0.0103092543093707	-0.0641990319699183	0.0636137113136708	0.000367044635227353	-0.00331922927218175	-0.0106528536188847	0.00663207437707381	-0.00161158565863118	0.00032039774430988	AMR	0.226211	-0.0558730985697447	0.00312180314378441
-0.012038981546005	-0.0101753907915595	-0.0601558463656674	0.0567726636056234	-0.000260041344279878	-0.00242382187619003	-0.00599546863134056	0.00457943974721583	-0.00209633276778322	-0.000717867938696946	AMR	0.0329213	-0.263308325987877	0.0693312745345379
0.0327676132056867	0.00059678415479206	-0.000119425393955835	-5.45327817063472e-05	0.000341493410184447	-0.0198949863896773	0.00326423782173059	-0.00164762211367829	-0.0170265267765156	0.00333212223630892	AFR	1.21574	0.755092913093379	0.570165307403845
0.0295705964179134	0.00182587076660131	-0.000907330164746064	-0.00240035620109305	0.00791648352773449	-0.0191414658026849	0.00326659091914426	0.00190024959853413	-0.0108396514845766	0.00946609550313112	AFR	0.138872	-0.306347357747973	0.0938487035991642
0.0303048243259204	0.00215126618523407	-0.000966643773755459	-0.0026602784437446	0.00257232763838644	-0.0185534602264057	0.0018344236262776	-0.00392212465595458	-0.0122362818403468	0.00377961933674974	AFR	-0.220805	-0.667091999014728	0.445011735149465
-0.0142024062781767	-0.000888548552993114	-0.0489780026142556	0.0421045139845219	0.000712663909358614	0.000539882382710682	0.00271029425241685	0.00601026199149971	-0.00234912163387527	7.28564668642481e-05	AMR	0.750167	0.490412231989344	0.24050415728477
0.0318782703992994	0.00136013890425997	-0.000172069730355933	-0.00113947695476335	0.00412730633870937	-0.022424065013223	0.0062394392783031	-0.00444047363414193	-0.0119792471309352	-0.0233340079305477	AFR	0.310158	-0.144561477730234	0.020898020843549
0.0292774493846935	0.0025239618958936	-0.00102825851415036	-0.00161759507422246	0.00529351142542556	-0.0229195996217937	0.00102468302350661	0.000794921672575081	-0.00795222864777847	0.00747765384461249	AFR	0.561917	0.121535950238494	0.0147709872003737
0.0325152489777921	0.000562287162285674	-0.000564496130512464	-0.00169566885561289	0.00363466204256403	-0.0187980631193529	0.00424711809350905	8.50354668997434e-05	-0.00817779046374817	-0.00439413932620981	AFR	0.649746	0.188950046358462	0.0357021200188649
0.0324318333910776	-5.98581075989425e-05	0.000433643396192074	-0.00161872243375942	0.00615805127646342	-0.0273322926934525	0.00678283029335832	0.00132508655319089	-0.00876473508894141	-0.00953322533088846	AFR	0.417309	-0.0465705368740236	0.00216881490473479
0.029150045579588	0.00264895027165899	-0.00022625120027133	-0.0026390503038845	0.00451709405513994	-0.0259896841872815	0.00424634030819968	0.00362541573259431	-0.0105118053735596	0.0086943832891171	AFR	1.21552	0.775125459994181	0.60081947873119
0.0321585285454947	0.000836846760289937	-0.000555327586727749	-0.00207499307450602	0.00281190734670789	-0.0237194075617315	0.00520716860897886	-0.0026262530885847	-0.0202655344775154	0.00784117649944372	AFR	-0.14672	-0.605266544462419	0.366347589845478
0.0342351348104372	-0.000816197536721639	-0.00095410862873966	-0.00119561510807005	0.00501368470468736	-0.0211715603388734	0.00118795710668033	0.00341982550803267	-0.0117552431844269	0.000535905698021769	AFR	1.26812	0.795537969062268	0.632880660219718
0.0301490609285674	0.00211757575910819	-0.000619533200298436	-0.00189237404295151	0.00520848068063334	-0.0204402043993474	0.00415919267387749	-0.00459598894120542	-0.00469698939714912	0.00266388540335365	AFR	0.364642	-0.0809565335929453	0.00655396033138568
0.0309823223587592	0.00179563251248554	-0.000257033863151691	-0.00223345157692217	0.00410525035911115	-0.0262126297085746	0.00386288109981993	0.00192815214063462	-0.0161541811037522	0.00510228530046447	AFR	1.29099	0.840681414814013	0.706745241213691
0.0238157457145836	0.00611127940848204	-0.00180209811627627	-0.00569362099704708	0.00743980401702009	-0.0258911998838311	0.00319660063227438	0.000277728265583132	-0.0106712844273661	-0.00101002001006188	AFR	0.587222	0.179907668056459	0.0323667690255132
0.0290551432186603	0.00261011795228662	-0.00109136754650589	-0.00334103477639633	0.00454473641726719	-0.0255452161938916	0.00199578878209606	-0.00124824731624215	-0.0162655301121744	6.033520805922e-05	AFR	0.199015	-0.241280045742159	0.0582160604733381
0.0343336077776273	-0.000408925154742678	-0.000750787173358955	-0.000894913896964481	0.00493725337339997	-0.0213707090594749	0.00696862418068984	0.00115442867166236	-0.0113223511239538	0.00962869729940476	AFR	0.386564	-0.0843304124395791	0.00711161846222952
0.0241499856425022	0.00564349293834136	-0.00141754197411022	-0.00530025318301737	-0.000732793135142078	-0.0200887822620619	0.00340130457831358	0.000194506802581688	-0.00424192399773485	0.00047037799646635	AFR	0.303906	-0.106673032218105	0.011379135802605
-0.0104382176272529	-0.00256299561104335	-0.0370352928098292	0.0264355844596759	0.000299977882065836	-0.000399705923941109	0.000195436605136936	0.00929863628146713	-0.000386429979932981	-0.000390703459780475	AMR	0.482711	0.186740963872059	0.0348721875878656
-0.0140131915468827	-0.0103821900166322	-0.0643837524064068	0.0627437668884263	0.00124932464773591	-0.00395064712149281	-0.00919109410408392	0.0108632530734136	-0.000220131740910212	0.00230129893384997	AMR	0.414543	0.129783770939831	0.0168438271993626
-0.01204764373017	-0.0335766624401572	0.00111823866549033	-0.0187361875264782	-0.000823049212730582	0.00168057702937592	0.00650505100277715	0.0524042161173593	-0.000518047500684231	-0.000104217796162534	EAS	1.52831	1.04435577063974	1.09067897566853
-0.0121373954884025	-0.0338988974637223	0.00137468457988945	-0.0191696881976721	-0.000400144562600701	0.00267242094597275	0.0086189314503563	0.0530652193038225	0.000723166205027601	0.0011081075994005	EAS	0.290501	-0.195071648842153	0.0380529481819964
-0.0121141962363333	-0.0340984562364261	0.00177212477503407	-0.0190810388824806	-0.000223888262636253	0.000165079023408412	0.00634027596547975	0.0488992311724398	-0.000975349788496944	0.00177175061497199	EAS	0.278765	-0.207960576854982	0.043247601525857
-0.0122596948384217	-0.0339151892247481	0.000361102927595933	-0.0192729422584634	-0.000327534655453829	0.00024033369748902	0.00648117374732808	0.0524319417894626	0.000792693073880547	-0.000584673313213107	EAS	0.224744	-0.260078649968018	0.0676409041691866
-0.0120895825047937	-0.0338693307324682	0.000100482027813561	-0.0191734181984179	6.46813960395794e-05	0.00190761866345478	0.00768789820755829	0.0461143572598483	1.66511160523796e-05	0.00125244750148838	EAS	0.948732	0.463741618215304	0.215056288464949
-0.011932340017825	-0.0341526019771668	0.00113304136887125	-0.0184021803855826	-0.000388858742911241	0.000945571286407807	0.00830876797104935	0.0523237498150907	0.00122605386377603	0.00165023246265513	EAS	0.452551	-0.0343051485492531	0.00117684321698632
-0.0121722992744616	-0.0339115950172365	0.00199771413095155	-0.0188297846011563	-0.000102775341928981	0.000317483502516434	0.00795769853162471	0.0503709590545943	0.000399117510566295	-0.00103721719178087	EAS	-0.184727	-0.670321944948606	0.449331509879682
-0.0121966582337931	-0.0337153011475454	0.000454741228141152	-0.0189141142984541	-0.000231039917242946	0.00168030543073249	0.00727260354712814	0.0510698436377823	-0.000186130706406223	0.00124356043927481	EAS	-0.371001	-0.854907292196157	0.730866478250166
-0.0121321524222361	-0.0340199092760932	0.000867184896694149	-0.0188640107223613	-0.0002661628848499	0.000310840151922314	0.00734126230912596	0.0500651447720982	0.000856797389453407	-0.000635421055126875	EAS	0.600532	0.11480613758166	0.0131804492264191
-0.0120696077398906	-0.0334215881984285	0.00115824912318778	-0.0191193337845353	-4.9888373607842e-05	0.000357949691124246	0.0074605723202069	0.0469108340578862	8.56113942381825e-05	-0.000260180904032055	EAS	-0.0127364	-0.496147493403143	0.246162335210222
-0.0122275101849857	-0.0345974541693707	0.00102702519155389	-0.0200479829876564	0.000658308240672249	0.00137785106360871	0.00951835279769042	0.0568752255472951	0.000666045149123943	0.000217442964953614	EAS	0.326818	-0.162145461489972	0.026291150681796
-0.0120501814252566	-0.0333090212868558	0.00112291569335519	-0.0187951628707481	-0.00034604041515456	0.00145415889511324	0.00779782513491204	0.0502732177911697	0.000470139535050988	0.000362879050553669	EAS	0.805159	0.322437600733675	0.103966006366889
-0.0120793232919937	-0.0340769908746297	0.00062230868898151	-0.0194882199050864	-4.3654861860868e-05	0.00148907365891753	0.00682638966817729	0.0511169238442906	0.00131767841834076	0.000763224629118362	EAS	-0.386951	-0.873405231289258	0.762836698043442
-0.0120290989813347	-0.0339538545702995	0.00155665457036116	-0.0192527066609944	-0.000275874552780884	0.00084345154335241	0.00775007206928911	0.0512665767176798	0.000625111379149546	-0.00114936708721886	EAS	0.408995	-0.0773404915332835	0.00598155163060989
-0.0121435979475332	-0.0339883455808647	0.0017611026500873	-0.0188096999994885	9.22778048275222e-05	0.00126651798726453	0.00632640145264434	0.051109478707445	-0.00107857948829527	-0.000549117510074974	EAS	0.612841	0.126912374556664	0.0161067508156111
-0.0121399764185523	-0.0342258919693437	0.00018440213924106	-0.0204237604613361	6.29798768472698e-05	0.000983935791168768	0.00744891761915237	0.0521080552480539	0.00121014366323573	0.000466862956368468	EAS	-0.216546	-0.703887532964602	0.495457659062994
-0.0119475027952286	-0.0337703350177021	0.000864038512815501	-0.0197188689072384	-0.0010276556193069	0.000773318524201245	0.00915594955823631	0.0493470235117922	-0.0017582789506307	-0.00108233503413493	EAS	0.421923	-0.0637876363484622	0.00406886255092366
-0.0122111687590527	-0.0331117072214871	0.00110718515328038	-0.0176871104391728	-0.000137647129101302	0.000324499904104597	0.00605727456765292	0.0423076444931371	0.00115012187586169	0.000264060377335594	EAS	0.287028	-0.193507168649738	0.0374450243188383
-0.0122474631778995	-0.0344611018478817	0.00145447806379923	-0.0196177051037847	-0.000398355068407571	0.000941330452417375	0.00704319710594383	0.050519532613622	0.000220665186999967	0.0010357511572567	EAS	0.356693	-0.131488483320686	0.0172892212459744
-0.0120760052016447	-0.0343377921215955	0.00121816432103925	-0.0192040326198634	3.37085343869348e-05	0.000170160354753483	0.00691113540816871	0.0508428976673252	-0.00063564382618904	0.00152089449104193	EAS	1.61647	1.12867064501423	1.27389742491684
-0.0121942356564917	-0.0341328594211178	0.00175521257501114	-0.0198429976923501	0.000331384505726572	0.00160459378262816	0.00812837560752865	0.0536180319583363	0.00081047627251968	0.000978449603605747	EAS	0.65618	0.169083518676284	0.0285892362879532
-0.0122683335646343	-0.0340062371044363	0.00108165292367725	-0.0187046826303533	-0.000786933739402255	0.00101517721254255	0.00721616254929967	0.0509164330757849	-0.00105168067700397	-8.40211525549893e-05	EAS	0.0727101	-0.412494038790591	0.170151332037774
-0.0120871743312481	-0.0338412443499344	0.0015234695503706	-0.0190265419980792	0.00134181209052713	0.000922571075667034	0.00767881753690504	0.0528249002766049	0.00137197215702592	-0.00107028375447085	EAS	0.806077	0.320628370431683	0.102802551925677
-0.012082038171958	-0.0339633040292436	0.000741021280489655	-0.0185695152617175	-0.000576668030777442	0.0011040125370504	0.00789715174404672	0.0495503886269343	5.16170902326132e-05	0.00310892014235301	EAS	-0.171231	-0.656610328307221	0.431137123239716
-0.0121633918605788	-0.0339478991359262	0.00148421813698039	-0.0187516179891943	0.000891824993071792	0.000311806475159696	0.00786218043413474	0.0516892280958517	-0.000464659222000245	0.000615136801359367	EAS	0.376888	-0.108614472128253	0.011797103555699
-0.0120279109653273	-0.0336109908072077	0.000895701672648233	-0.0187065510636314	-0.000555812608308978	0.00138858987001634	0.00771051105821944	0.0469463057473479	-7.60471842100469e-05	-0.000321790818462648	EAS	-0.0866538	-0.570711814708452	0.325711975447815
-0.0121695308805669	-0.0331173010636428	0.00191981167774314	-0.0182081267484838	0.000397956833557141	-0.000333032790563517	0.00680936928872079	0.0492863124037609	0.000517575799583007	-0.000795602327609681	EAS	0.0254264	-0.455993267165014	0.207929859699823
-0.0120353169835967	-0.0341261293541829	0.00221492983223595	-0.0202371678955416	2.98544608515654e-05	5.77936694632135e-05	0.00778929933087957	0.0503624650018313	0.00122960422922834	0.00131191037753957	EAS	0.0991275	-0.388940804118581	0.151274949108409
-0.0122939399788821	-0.0335561942512454	0.000937576906037306	-0.0195262300052608	-7.63621591952013e-05	9.57435587379359e-05	0.00850644356570472	0.0490324552055643	0.000391626791596258	-0.0021837593480734	EAS	0.207864	-0.275583376954886	0.0759461976538588
-0.0122427359719643	-0.0341145613036208	0.000630734588247925	-0.0193802815420281	0.000213650415511853	0.00182541566939102	0.00826744713834467	0.0550311228688604	0.000204649957325374	0.000421306496053214	EAS	-0.356379	-0.842396830149737	0.709632419446325
-0.0121642880765319	-0.0336875497860513	0.000974763431120852	-0.0193351142537381	-0.000353363775370257	0.000696012129276299	0.00829723231502923	0.0494896662172734	-0.000371113374007484	-0.00150095022004416	EAS	0.793047	0.308647638855836	0.0952633649712823
-0.0121281555853358	-0.0341745774169501	0.00116182199185809	-0.0195664206889223	0.000112160709023559	0.00240053439453052	0.00726953984976548	0.0527850678902968	-0.000336351056814212	-0.00105723174635402	EAS	0.345703	-0.141354317163951	0.0199810429808869
-0.0122324845231476	-0.0337411673917625	0.000814222016700754	-0.0188712155151995	-0.000575099244733626	0.000280467268247808	0.0076579984072436	0.0553464718456666	2.9400630356074e-06	0.000305110856701124	EAS	0.0315468	-0.452504819483354	0.204760611655663
-0.0122351841591819	-0.0339326010257435	0.00125718831042982	-0.0188764965132701	-0.000683335937762849	0.0023371338675724	0.00693997812653992	0.0514580318959346	0.00019914597624885	-0.000985819145476895	EAS	1.05193	0.566769375877344	0.321227525432394
-0.0123675233764766	-0.0337518616640699	0.00193075590270105	-0.0191487891008278	-0.000386375533807402	0.00075034129906946	0.00741433661850424	0.0511017282909293	-0.00022885647233289	-0.00137420660868669	EAS	0.560563	0.0762070847284173	0.00580751976280417
0.0322546823399151	0.000153902065551053	-0.000453414854035138	-0.0013833458063267	0.0046859889961746	-0.019139981598952	0.00609983894719304	0.00227221197363724	-0.00541596050351056	0.0063708049065702	AFR	0.613003	0.151299913517811	0.022891663830497
0.0157403662113232	0.010636661615179	-0.00185878621446929	-0.00944357344869792	0.00130986657468077	-0.0117000029260041	0.00120860256277402	0.00353213338267082	-0.00306140452924862	0.0066765219850012	AFR	1.00872	0.64755218971529	0.419323838405067
-0.0113314693766806	-0.000705638560325348	-0.0474409626227858	0.0392575944107761	0.000911755882528743	-0.00232319760302108	0.00251077824538306	0.00231969183257155	0.00106677878483801	0.00249214899985998	AMR	-0.583336	-0.854417886340416	0.730029924498423
0.0306301512740124	0.00144965786608699	-0.000707181348306738	-0.00138201188634249	0.00349080678398399	-0.0189164624286228	0.00147768537835243	0.000193359090878875	-0.012374422609392	0.0204204264589847	AFR	0.463292	0.0132890628211713	0.000176599190665038
0.0308940808677571	0.00190668055233864	-0.000469591152504434	-0.00216142451359709	0.00702272791946188	-0.0259962574701878	0.00714680698003104	0.00235617192253173	-0.0559007128305309	-0.679704420757349	AFR	0.583283	0.133942329210963	0.017940547554458
0.0290224142650053	0.00167514194438497	0.000253439774972505	-0.00273286457705241	0.00355861814973774	-0.0174407780128788	0.0034833425492059	-0.00333451480952359	-0.00586305400322873	-0.000922855741672477	AFR	0.485279	0.0404261575391223	0.00163427421337793
0.0323254375690011	0.000191669115267076	-0.00046514629419494	-0.000801624424652382	0.00364950571983066	-0.0213264479766012	0.00441059865786354	-5.95691931323118e-05	-0.0171020897959616	0.00472083099876883	AFR	0.64222	0.180833698523707	0.0327008265217631
0.0338069885586687	-0.000523403213211497	1.7162397744546e-06	-0.000761459684805001	0.00449812842688063	-0.0232108911828143	0.0063639379224312	0.00228402099877698	-0.0105548597660298	0.00014459920370772	AFR	0.184309	-0.285629240802832	0.0815840632016021
0.0273852543391733	0.00388396779871737	-0.00172194322138617	-0.00339500779726658	0.001781636838751	-0.0161506835921447	0.00577019836160845	-1.33727774501544e-07	-0.0147109514708631	-0.00367812671646208	AFR	0.00976056	-0.418641517845171	0.175260720463709
0.0326767242511659	0.000859078084713442	-0.000943235682892256	-0.00199311589763407	0.00167871149701948	-0.0294976185413998	0.00523911646817593	-0.00292563586437186	-0.00649433076583057	0.00168660042577032	AFR	0.68078	0.220833772715764	0.0487675551718779
0.0321379219752214	0.00123448451399558	0.000303462936540416	-0.00129376760313058	0.00575082330306198	-0.0193970359594131	0.00575550203872601	0.00131505902317389	-0.0094592391282522	-0.00672172232177795	AFR	-0.119734	-0.576243749043902	0.332056858312172
0.0284627390744919	0.0028403488737961	-0.000616454097613489	-0.00172027823521083	0.00549192801619175	-0.016137500549422	0.00155821872026094	-0.000346433875402242	-0.00696947376232274	0.00262462409304906	AFR	0.586469	0.150058686806368	0.0225176094860517
0.0344501850883038	-0.000452539471153821	-0.00076946069266307	-0.000383390683397786	-0.0630182439770672	0.0419769201821384	-0.010472776886799	0.000542175625546667	0.0731651712198687	-0.0133453555652179	AFR	-0.721492	-1.19264938898449	1.42241256504508
0.0331786478561843	0.000379322988336445	-0.000406325063824705	-0.00162843326603054	-0.0651620084660516	0.0419625486814862	-0.00423547253861501	-0.00230578742488996	0.0563808906917424	0.000909040629938177	AFR	0.49499	0.0310684072918319	0.000965245931651154
0.0353162726137586	-0.00109103336672482	4.40624404295405e-05	-0.000612777531002766	-0.0609613615870664	0.0307359428117992	-0.0105786409039854	-0.00170039335964459	0.0256192402074922	-0.00363510098958929	AFR	0.229398	-0.248218071823898	0.0616122111799738
0.0349463128281911	-0.000474371415720208	0.000309534508332556	-0.000482058759229064	-0.0611893280516335	0.0321720274024413	-0.00791438525132282	0.000915583873361757	0.0256922542968259	-0.00204411721474492	AFR	-0.0399727	-0.513476000829847	0.263657603428213
0.0318545509240766	0.00119996941427274	-0.000518724166963066	-0.000592383243284984	0.00340652498621276	-0.0184619086798249	0.00647830856706759	0.00151156327231921	-0.0135267546279442	0.00517155712898748	AFR	-0.0682005	-0.523083479061205	0.273616326066774
0.0318056683234579	0.00136193844573108	-0.00061220768128679	-0.00228609805747855	0.00388753623065856	-0.02340070147299	0.00162394364676482	0.000559951429697599	-0.017192730730836	0.00042617690363375	AFR	0.859256	0.40426773876433	0.163432404605625
0.0276780914794196	0.00355437808495694	-0.00031437492733482	-0.00263553285533976	0.00308430656769497	-0.0208930834289972	0.00154969533331538	-0.000129925059297229	-0.00630418229053493	0.0127276207902803	AFR	0.932836	0.501708024671693	0.251710942019972
0.0288402967352954	0.00313647858909078	-0.00147337227243521	-0.00327234732011567	0.0019084088090108	-0.0216863469974783	0.00516151743632208	-0.000966373326116808	-0.0214400552117443	0.00231653843616913	AFR	0.0156992	-0.421162540101937	0.177377885185115
0.0311226757650135	0.00162581426681457	-0.000316483281119183	-0.00207608811111248	0.00607804003240442	-0.0291925932375275	0.00690058626469102	0.00154714547318006	-0.0518375210910456	-0.686704994337029	AFR	0.67636	0.224906240133685	0.0505828168510709
0.0311375383188344	0.00134091866111339	-0.00029969820516095	-0.00237969854215091	0.00629363008246594	-0.0221593935434506	0.000742754042375176	0.00355597282470032	-0.00711839393667181	-0.0189524715015756	AFR	0.439119	-0.013931681598046	0.000194091752149334
0.0313084017676231	0.00145885531276249	-0.000400101010827159	-0.00248546822579177	0.000218865379189689	-0.0194915415042797	0.000369748239822394	-0.00304381124826728	-0.0333099621079952	0.00207190932712846	AFR	0.492713	0.039625559281774	0.00157018494839339
0.0227781353231102	0.00662314644962225	-0.00201302672665968	-0.00537498396383949	0.00615648681245552	-0.0149754902474158	0.00133389102748684	0.00039624370896576	-0.00817559120425449	-0.00759634491923548	AFR	0.469631	0.0685240548211298	0.00469554608912921
0.029081029021459	0.00303040848901115	-0.00049450380361728	-0.00207616779841791	0.00214611795632752	-0.0225651808058577	0.0042163529444578	-0.00234873878779029	-0.0144610699903187	0.00226070394407646	AFR	1.62479	1.18691511807764	1.40876749752125
-0.0121067052523275	0.00963407744165432	0.0236180767794972	0.0163437420310009	-0.00138794488315334	-0.00265446931960423	-0.00310166856041873	-0.000849572066103163	0.00137615425680193	-0.00150803827446565	SAS	0.145993	-0.122021435599562	0.0148892307457781
-0.0116832693967544	0.00784749167290115	0.0267488212594993	0.0193816562334999	0.000158773429107047	-0.00303197507840964	-0.00204392009510472	0.00189352362440293	0.000822617734035782	-0.000119865845504469	SAS	0.329299	0.0518706929217593	0.00269056878418345
-0.0113858936713712	0.0095105046706661	0.0248676366628876	0.0183174418509553	0.000408557608689977	-2.63726514219667e-05	0.00201977433456973	-0.000667309248252572	0.000335177066683408	-0.00011936555354145	SAS	-0.821098	-1.09145474356826	1.19127345725765
-0.0121414165040086	0.0100737712894332	0.0219078782604208	0.0152773536480014	-4.56465280756094e-05	-0.000725300245465646	-0.00167400623770537	0.00101824607828613	0.00059398322197046	0.00264209205336095	SAS	0.11986	-0.145827521144361	0.0212656659231091
0.0315437588188105	0.000933314833212554	-0.00135278902430817	-0.00145671458864615	0.000455959403171969	-0.0253074638836189	0.00608627158853321	0.00330183167066903	-0.00758162798870656	-0.00481021260666547	AFR	0.0256107	-0.429641567674764	0.184591876674029
0.0327447507344288	0.000461632070005526	-0.00167333888755365	-0.000752034916905966	0.00714487806345804	-0.0205446296960102	0.00492063728649015	-0.000112138674662831	-0.00900797781913453	0.00113487215242495	AFR	-0.110328	-0.571242330822646	0.32631780052369
0.0248614383796599	0.00517635736307562	-0.000840097102281797	-0.0037883053035408	0.00384476909420894	-0.0206618278136672	0.00314062571435339	0.00254900658677309	0.00180767770772351	-0.00853544150059612	AFR	0.113597	-0.300890258507168	0.0905349476645105
0.0266740090671355	0.00376585629503232	-0.00125053953585174	-0.00415808299488804	0.000929445740953288	-0.0197800624436678	0.00315693011932668	0.00294930129115852	-0.0131929203814422	0.000635156454798808	AFR	-0.0656617	-0.492941906588015	0.242991723270627
0.0312631886211189	0.00180192182005643	-0.00122696384478741	-0.00149529575424496	0.00696686740930864	-0.0255052859865527	0.00391999386758302	-0.00201218066304988	-0.0126363372480614	-0.00629767769750687	AFR	0.517257	0.0669656270638031	0.00448439520804836
0.0311984923133604	0.000932795552344877	-0.000317564888265099	-0.00162462890810574	0.00303320923692943	-0.0226415774530996	0.0063024112012294	0.0023794162288058	-0.00822935202417365	-0.0126672824738551	AFR	0.616645	0.161951399754263	0.026228255882365
0.0322632844191761	0.000206148515447176	-0.000332028873573826	-0.00163541489569959	0.00694679229244675	-0.0230758430004691	0.0059355999069714	0.00010576894109986	-0.0023463499433267	-0.000892035329913099	AFR	0.292136	-0.169567501557631	0.0287531375844972
-0.012136068582161	-0.03288671860596	0.00182271065438682	-0.016972410800103	-0.000432509891758807	0.0013287021261433	0.0047006221223866	0.0351440384887561	-0.000336672971651691	0.000900625939278127	EAS	0.908593	0.428983314337271	0.18402668397979
-0.0121044391777497	-0.0337696104520386	0.00164937259799599	-0.0197957937735426	-0.000621611939052528	0.00137800393418556	0.00595956462551381	0.0447885687187705	0.0011295430152125	0.000850661566935011	EAS	0.316052	-0.169550172465995	0.0287472609832487
-0.0122408105162325	-0.0330014763726983	0.0020028280647739	-0.0170890258822649	0.000673518098890215	0.00071289954505834	0.00648999221097406	0.038068313305689	0.000636292569702381	-0.00188840560766621	EAS	0.599622	0.11966234995168	0.0143190779959584
-0.0120693350546945	-0.032881868687743	0.00189612100967701	-0.0172911044931156	-0.000935188217559085	-0.000173590990465763	0.00627332269650616	0.0427621557194871	0.00242309652339506	-0.000655643708166389	EAS	0.334933	-0.145115929404916	0.0210586329670526
0.0263377494328705	0.00491943152750935	-0.00126327049516956	-0.00344238519851212	0.004348625278925	-0.0212070841853033	0.00619253729177316	0.000308561849296967	-0.0126129143070144	-0.00955813915523904	AFR	0.630372	0.210132113049575	0.0441555049346792
0.0332195370349807	0.000440728806914516	-0.000391444061989228	-0.00172705076777239	0.00108015191319207	-0.0162462896753575	0.00293175078800747	0.00256999077349119	-0.0201284470153862	0.00358349273389954	AFR	-0.393541	-0.857379858055097	0.735100220998579
0.0265182383683674	0.00432862224738401	-0.00131513866676881	-0.00383510844694429	0.00588314513771247	-0.016521460443256	0.00175021337794897	0.00147627723045794	-0.00741843171284649	0.00796946099859777	AFR	0.124696	-0.299166337866115	0.0895004977122227
0.0308596202218873	0.00157402753435538	-9.84811540011231e-05	-0.00155374748007468	0.00798940347059421	-0.0254528767795964	0.00490221821381144	0.00266598195899336	-0.0103911273056261	-0.000573263048656758	AFR	0.439091	-0.0114943118589438	0.000132119205110656
0.0310941569514808	0.00128390365952152	-0.000667145942779163	-0.000702205888148767	0.0067805570919004	-0.0187990950786842	0.00234558347937657	0.000800020087641684	-0.00685444108805031	-0.00346016922046905	AFR	0.521022	0.0690910876868589	0.00477357839775322
0.0336062431318416	-3.79447225660602e-05	-0.000566910578755828	-0.000541323714301651	0.00938605210301743	-0.0219227751504183	0.00609546731063385	0.001624618074751	-0.00186210951664785	0.00396190709264186	AFR	0.48058	0.0140196825415728	0.00019655149856648
0.0295045810405507	0.00211117832905436	-0.000512610187440101	-0.0028903403979015	0.00791988772672063	-0.0158179515319421	0.00253158125075758	0.000655587586197087	-0.018325663881887	-0.00484954773840628	AFR	0.631267	0.187117241754893	0.035012862161959
0.0303696935368698	0.00200925344715704	-0.000723358848594449	-0.00171279594225816	0.00458493467360706	-0.0197755018698162	0.00265287055172841	-0.00250923838086452	-0.00171340958782754	0.00249606598511095	AFR	1.80335	1.35666223628987	1.84053242337504
0.031911735772053	0.000522812375276592	-0.000129331880014511	-0.00156087798463251	0.00519939784277497	-0.022486967633096	0.000861458257552578	0.000614862829869319	-0.00328744502021742	0.00045671865741313	AFR	0.913906	0.454830532242084	0.206870813059618
0.0305474606800486	0.00180601545006807	-0.000927418252435566	-0.00198987726860205	0.000751983622624268	-0.0196266076989044	0.007685398356192	-0.000322657545939093	-0.0084717869146856	-0.00667986975897859	AFR	0.444516	-0.00380852264970066	1.4504844773283e-05
0.0338202355834001	-0.000108592284764753	-0.00030356991059643	-0.000825636244234504	-0.0534667900956749	0.0404436540587114	-0.00871997135024098	-0.00493812751537956	0.026194166533505	-0.0106303814039416	AFR	0.709438	0.241518666373406	0.0583312662067887
0.0349937118686019	-0.000455503109549761	-0.000232932191796498	-0.000829881918236438	-0.0483318522250398	0.0269635074792349	-0.00925345744482924	-0.00198941462686737	0.0378424072474768	-0.00809004639711465	AFR	0.0131218	-0.460415384144587	0.211982325957008
0.03404194457031	-1.56280530616064e-06	-0.000147506663505444	0.000615787832478565	-0.057971683947098	0.032788181905198	-0.0059187751940006	0.000592804675221392	0.0478016279176881	0.00192180600087215	AFR	0.235682	-0.231632735275924	0.0536537240514062
0.0347684503638392	-0.000768577060803386	-0.0003326102949482	-0.000413367647301237	-0.0543815537782668	0.0287825231552322	-0.00957348327190785	0.00185228472889615	0.01642057585093	-0.00204923389071414	AFR	0.50526	0.0313137685686982	0.000980552101973993
0.0351552243416233	-0.000299015667385203	-0.000501704113178571	-0.00111566588347473	-0.058692102936929	0.03033261689058	-0.00853385048841068	-3.57637939256749e-05	0.0338338472870783	-0.00381504160964003	AFR	0.45549	-0.0179050902514989	0.000320592256914321
0.0339631822657318	-3.41444510306104e-05	-0.000368709673101872	0.000249196792779657	-0.0600790539609364	0.0359733382119493	-0.00806516993371479	-0.000596824056915018	0.047405424006652	-0.00799923191276408	AFR	0.618384	0.151051641754808	0.022816598476823
0.0329559048961346	0.000743051691479772	-0.000240722519705286	-0.00120215153507076	-0.0550279865052099	0.0334430496692104	-0.00587187296459925	0.00301329620513263	0.03470760608401	0.00323193447116718	AFR	0.624141	0.162878632289863	0.0265294488566163
0.0252791908778836	0.00497054724018465	-0.002067499225693	-0.00492979308744105	0.000708447901760062	-0.018806419418149	0.00117735838787496	-0.000992746736860571	-0.0127287953677725	-0.0143679653103396	AFR	-0.299091	-0.716097802280127	0.512796062430427
0.0285021260715234	0.00289580639770537	-0.00116958176475407	-0.00341177056520182	0.00280608246626493	-0.0223513627867257	0.00607772935524879	0.00427171271990556	-0.00681352224120248	0.000971059768149764	AFR	0.97238	0.535284634292278	0.286529639709418
0.0349571139948597	-0.000307190591664769	-0.000546734677659678	-0.000889494426804351	-0.0631979003910913	0.0377790582698383	-0.00755006733591747	0.00127533989491698	0.0377574217384746	0.00358454297606925	AFR	0.280583	-0.192019532875069	0.0368715010055599
0.0347264464321093	-0.000520194148890817	-0.000476163254526131	-0.000134296456660276	-0.0605871269828829	0.03899106435273	-0.0104461258698269	0.00187317443507347	0.0421847893332823	-0.00410238065606181	AFR	0.191883	-0.280502940220469	0.0786818994723277
0.0354584742077464	-0.000672818350030691	-0.00106111638452721	-0.000286541357502538	-0.0651413687594021	0.0423826629842471	-0.012003609661902	-6.14684451357918e-05	0.0627918125480758	-0.00019861977342671	AFR	-0.0145015	-0.48988698016348	0.239989253333694
0.0343868804335051	-0.000461461139699248	-0.000194116773428056	-0.000758844711354461	-0.063030092356727	0.0383419401067392	-0.00740232331164192	-0.00146440592595439	0.0520452257840461	0.00408567909179965	AFR	0.615489	0.143989534024009	0.0207329859084514
0.0345414281111437	-0.000269354653639286	-0.000288996654400242	0.000279309513026881	-0.0568046811962223	0.0381126353357407	-0.00691669272650833	0.0013519855852289	0.0405983169053184	0.0114679441201918	AFR	0.0198485	-0.450556488125572	0.203001148992049
0.0340822706836138	-0.000484137948342349	-0.00049295726356463	-0.000168605788952351	-0.0606948841160002	0.0338846744229687	-0.00746711720402985	0.000280794342781664	0.0473208331287714	-0.0015372402238007	AFR	0.655709	0.185644020723694	0.0344637024304595
0.0345558945670238	-0.0003040481188441	-0.000492126860815152	-9.53984527970155e-05	-0.0600187058239219	0.0401809211729239	-0.0109064915051297	-0.000800109058507145	0.0589903461011575	-0.0156439498397142	AFR	-0.00501746	-0.475777070808714	0.22636382110732
0.0345066963884824	-0.000491656073305619	-0.000693303196301751	-0.000516732058420556	-0.0655547119668724	0.0404710560399354	-0.0111661633242579	-0.00289744828260794	0.044753831710651	-0.00477499676287436	AFR	-0.106932	-0.578585171271187	0.334760800414909
-0.0116600919720349	0.0111056326317453	0.0236696573921929	0.0168231784801834	-0.000289663406122852	-0.000812637718161075	-0.00177972916340988	-0.00325773256675445	-0.00253670927633298	0.000861895040490252	SAS	-0.390838	-0.653121925283299	0.426568249285763
-0.0115950951981176	0.00470226126705963	0.0281582205193893	0.0211321595935603	-0.000229621794003756	-0.000720615759674872	-0.000917913681829097	0.00194037342656369	-0.00298837125320056	0.00010097954338288	SAS	0.250531	-0.0416035987884192	0.00173085943214775
-0.0113561298151716	0.00530316466227462	0.0276500909851449	0.0205984974876589	0.000582155014691806	-0.00222062334491156	-0.00336486213088752	-0.00315094968366258	-0.000256184533974498	0.000190088667267539	SAS	-0.119035	-0.409232875490263	0.167471546382029
-0.0118239710901643	0.00844581942740605	0.0255913254672365	0.0183215792328469	-0.000577569881802433	4.4302412920924e-05	0.0010640683968173	-0.00278494159777479	-0.000427568706343978	0.000495932747892202	SAS	0.672963	0.398708305653286	0.158968312996914
-0.011670693943514	0.00898689401947323	0.022972297373541	0.0161971280189126	0.000657479760439114	-0.000935654420902531	-0.00345112197716401	-0.00286065534343003	0.000367401289672845	0.000296056206304263	SAS	0.558894	0.286571335759482	0.0821231304789737
0.034260480728943	-0.000577889656768583	-0.000966407211605272	-0.000919448364726577	-0.0570218318416114	0.0399844264704909	-0.00943616413861921	0.0018613899510612	0.0670006882295538	-0.0202068995207974	AFR	1.1872	0.715840129862948	0.512427091522202
0.0344260397004337	-0.000497777878727485	0.000274209649822573	-0.000700145455184159	-0.0700690883535915	0.0460598161938396	-0.0103014296635091	0.000647669253286055	0.084626812886934	0.00292287222953282	AFR	0.469802	-0.00218578709465173	4.77766522314603e-06
0.0334218031589297	0.000169179617000169	-0.0008331636025309	-0.00149443630534137	-0.058314020823925	0.033798324387541	-0.00305428578689221	-0.000766797232740021	0.0303028291707653	-0.00410624566856867	AFR	0.951687	0.486244084136342	0.23643330935759
0.0329643172933678	0.000903369645234556	-0.000655262080030929	-0.000965460989039635	-0.058339322287904	0.0386786471747403	-0.00326156460560075	-0.00343438996181128	0.0335972872814952	0.00130889522999729	AFR	1.2059	0.745714384261966	0.556089942895203
0.0350442009413893	-0.000579018896625282	0.000236053044279813	-0.000531041135087444	-0.0565341509710673	0.0324380930855187	-0.0100391578983259	0.00259842472811653	0.0163667485510537	0.0154800566211517	AFR	0.000483307	-0.473839451143816	0.224523825460273
0.0351012518069642	-0.000615669084299119	0.00032477222890787	-1.81847979936376e-05	-0.0595861861165988	0.034210822024629	-0.00971559021072596	0.000573300216949189	0.0180205531093735	0.00638089387901692	AFR	-0.16565	-0.64005302047657	0.409667869021181
0.0347127463538805	-0.000167980035107099	9.47481723337086e-05	-0.000141448646043401	-0.0682332631137057	0.0432831764324453	-0.0121673513091458	0.000154967169737234	0.0780892436606919	-0.0104398365387024	AFR	0.57772	0.10676771383068	0.01139934471663
0.0348844691833564	-0.000679437532806822	0.000113963851479051	-0.000440285269524241	-0.0661060268047889	0.0393754959301499	-0.0102853172915207	-8.62336436660246e-06	0.0693214911679097	-0.0111024935935101	AFR	0.0129088	-0.461235673162422	0.212738346197592
0.0352434709586748	-0.000959203376071264	-0.000546201933712508	-0.000474673872424136	-0.063248335978474	0.0367673368881732	-0.013289083096937	0.00287100470140795	0.0206448360177746	0.00158170943209049	AFR	0.804228	0.327847743299779	0.107484142786758
0.0347359289959657	-0.000388744917134749	-0.000659322334041851	-0.000676892915927285	-0.0635046353676901	0.0372326013271608	-0.00734463069786785	0.0025334804772228	0.029243162503819	0.00148382840954515	AFR	1.14082	0.668764447687997	0.447245886491431
0.0341405199629299	-7.1964308171325e-05	-0.000516085542008227	-0.00069362013009338	-0.0512169501994724	0.0308693024486343	-0.00244232939965999	-0.00291738122473492	0.0319850432025125	0.00560102094714573	AFR	-0.113087	-0.581724431875484	0.338403314640855
0.0347550609077027	-7.29880920105201e-05	-8.03457663304155e-05	-0.000185030026163295	-0.0444169715628543	0.0298218339158071	-0.00497323833341006	-0.00222161052731861	0.014618780043019	0.0133831088319593	AFR	0.311908	-0.158682350888813	0.0251800884836005
0.0344710285407697	-9.57211961089103e-05	-0.0002387698075627	-0.00154916106643769	-0.0584140307128096	0.0441212533563517	-0.0121055126949426	-0.00182857422219595	0.0750347514016521	-0.0120682335421401	AFR	0.71369	0.243152968885074	0.059123366277626
0.034248129800218	-0.000617425960707478	-0.000401074166927627	-0.0010410862063192	-0.0537593248428825	0.0267290019503102	-0.00708760301346698	-0.00409156685273787	0.056244667001692	0.00203230633371648	AFR	0.427368	-0.0444833063014077	0.00197876453950486
0.0348609483304494	-0.000140136080670036	-0.000948652038398623	-0.000227857602245935	-0.0664633991561749	0.0421479157078435	-0.0100186818402644	0.00233992250995552	0.0752299360014227	-0.00461986663218441	AFR	0.620857	0.149979145009397	0.0224937439377497
0.034960256158117	-0.000421937311810238	-0.000357588419506276	-0.000510899451247624	-0.06784895996132	0.0444319947711078	-0.0119031630072104	0.0036897134460192	0.062016350158694	0.000870571564480275	AFR	0.985613	0.51260922408383	0.262768216615827
-0.0119648857663868	0.0103839450412477	0.0206615707305376	0.0153543218518831	-0.00122850886047009	0.00110940667741699	-0.00218225687681352	0.00159225663428846	0.000329253622295938	0.000380852527889196	SAS	0.814851	0.550676716734464	0.30324484635345
-0.0118108733148264	0.010714349021051	0.0214802882316424	0.0153646836082927	4.64260964658844e-05	-0.0025491801250415	-0.00319391333318731	0.00252066429305448	-0.000632356017970272	-0.00175183957504767	SAS	0.681757	0.418243186801642	0.174927363305994
-0.0119879271168236	0.00815535881112327	0.0246484042827226	0.0186298134094111	0.000890739433766387	-0.00166989728549677	-0.00229864920953537	-0.00215488020123651	0.000527261084884982	-0.000661551350642812	SAS	-0.194836	-0.469267100340481	0.220211611461963
-0.0116479329503825	0.00867768179912779	0.0239852478468098	0.0178922916002058	0.000168406716570844	-0.000207481731283965	-0.00499350119716892	0.000627449224507178	0.000895338490275935	0.00190771685442756	SAS	0.652138	0.37887682690423	0.143547649965018
-0.011767743799966	0.0111856604858514	0.0224111440010133	0.0158539483331911	0.000982208985499288	0.000819632036547751	0.000456009986414527	0.000239332768809675	-0.00100413490094617	-0.00296772429145911	SAS	1.5081	1.24653654137147	1.55385334897434
-0.0116859943524123	0.0115380110305717	0.0217431725359305	0.0140787442273888	-0.0010671470821196	-0.00115057857972617	-0.000302285053942513	-0.00229591749201691	-0.00104215361975903	-0.00197920967302916	SAS	0.212604	-0.0483833408140918	0.00234094766833256
-0.0115687279374938	0.00700296888962173	0.0263349347812266	0.0184913543724304	-0.000463362103524973	0.000516891931339482	0.00189769173483795	-0.00304212784985041	0.0013800359649433	-0.00058701824162108	SAS	0.26212	-0.0200523806611963	0.000402097970181519
-0.011480590804774	0.00626706636081588	0.0244341507680361	0.0186124317467854	-0.000260445152661115	-0.000961428690530775	-0.000374255216169498	-0.00106042551922629	-0.000889490210169107	0.000411562993205078	SAS	-0.635114	-0.920077661812939	0.846542903767165
-0.011789772874353	0.0080412917902485	0.0240839267721491	0.0186255917109497	-0.000426327352745922	-0.00269628606912666	-0.00408557179503241	0.000605561363046474	-0.001046116051104	-0.00105555792064544	SAS	1.10715	0.831779937530311	0.691857864477928
-0.0116834735991954	0.00799045128518703	0.0254483611167407	0.0186630473883929	0.0001086187439728	-0.0037766764452662	-0.00559606989980854	0.00148094587102991	-0.000664775074302924	-0.000931305402129697	SAS	0.946875	0.670282944975772	0.449279226325393
0.0348936417199086	-0.000418387605704494	-0.000307343588349464	4.93613354978762e-05	-0.0687009388559294	0.0423997264624116	-0.0102773857939325	-0.00138552027415619	0.0667919641313185	-0.00394667960651773	AFR	0.257855	-0.214575147827438	0.0460424940651667
0.0342414610394945	-0.000506957184649115	-0.00038236718882615	-0.00108560781689618	-0.0629514869475765	0.0410315126469045	-0.00896898597722734	0.0054981685238537	0.0577537486009432	-0.00444155102833595	AFR	0.561777	0.0904326029428992	0.00817805567502806
0.0348115073600772	-0.000589931159843542	0.000190967016153295	-1.90833552976509e-05	-0.0599803790892644	0.0350234424265023	-0.00747670498964427	0.00163029671936095	0.0574069710453999	-0.011942296477584	AFR	0.521965	0.0487201600241132	0.0023736539927752
0.0337456351340918	4.35998440286407e-05	-0.000534041676069511	-0.00110641177760487	-0.0537526291228038	0.0319628464598508	-0.00232219489577428	-0.00311827975847075	0.0299107942006585	0.0157463467703652	AFR	0.298405	-0.168614162494448	0.0284307357937041
0.0333323607140894	9.71059564074038e-05	-5.74176984416964e-05	-0.000208710010222415	-0.060750363633287	0.0382612482600658	-0.00815076480590241	0.000522585319640628	0.0448252828450747	-0.0102437771169608	AFR	-0.191638	-0.656670453437146	0.431216084417347
0.0347886723025334	-0.000565404578248006	-0.000519900638661596	-8.95956293883718e-06	-0.0552385927766165	0.0350684437591757	-0.0090644304653818	-0.00423894533276608	0.0503318258737198	-0.00702739516539046	AFR	0.131737	-0.340970928752729	0.116261174254499
-0.0118113100149059	0.0102896188479299	0.0233120767397907	0.0163848447621183	0.000550123577000728	-0.000765568539330019	-0.00339832963215347	-0.000704987000997227	0.000694472465687055	0.00405959706636148	SAS	0.400723	0.134983807219813	0.0182206282115556
-0.011771797573852	0.00977898204777519	0.0233418411841061	0.0159898808207613	3.70796694207897e-05	-0.00200915503566764	-0.00242021935565957	-0.00233963733654612	-0.00154595788992349	0.000266721234485061	SAS	0.877172	0.608622494251605	0.370421340509045
-0.0110400382797063	0.00436473199026639	0.0292555131226389	0.0219021619273177	-0.00141629079552298	-0.0012648823586191	-0.00147051256921309	-0.00229733048297816	0.000320456507107231	-0.00120017009885182	SAS	0.0544441	-0.241180810584301	0.0581681833941004
-0.0112220649833208	0.00408590288859894	0.0308581660802823	0.023211171774283	-0.00086050573062847	-0.00117942444670042	-0.00190787793665901	0.00130506187636684	0.00102852128900007	-0.00107102563773979	SAS	0.296837	0.000578909491835145	3.35136199736825e-07
-0.0112980885066392	0.0025622149285936	0.0331271689784202	0.0256983701965203	-0.000458152637617297	-6.89238265253742e-05	-0.00101308649966375	-0.00105407954319235	-0.000171768332191754	-0.00150316002245892	SAS	0.434802	0.132108773043645	0.0174527279150973
-0.0113732282041662	0.00379171856558283	0.0308653500505416	0.0235562455041718	-0.000126552140576119	-0.000172997367455852	-0.000448543365869509	-0.000475616978259114	-0.000982585415231321	0.000528792072404343	SAS	0.117447	-0.179476207226873	0.0322117089605434
-0.011540476393035	0.0109568026523531	0.0234531510936451	0.016693652930095	-0.000608509877307177	-0.000574131313909685	-0.00026974398213829	0.000702480982858511	0.00107562393576192	0.00110924245585574	SAS	0.111774	-0.151594395368713	0.0229808607072058
-0.0116737887294173	0.0108852587582336	0.0235973857144991	0.0166667823118473	-0.000685425889403103	-0.000169798307769976	-0.00265547069114002	-0.000620539030495666	-0.00131164775849628	0.000681133697463751	SAS	0.510285	0.24694097179562	0.0609798435513653
-0.0117641214048015	0.0111675391639643	0.0232735309228438	0.0159546850402541	-0.000667754931274852	0.00128497404999179	-0.000223303577961829	-0.00174284605573213	0.000704035811951565	0.00246928715343564	SAS	-0.207621	-0.46962795709986	0.220550418089788
-0.0119475806097849	0.00633222246667066	0.0259114757977756	0.0198773225255463	-0.000917950674935649	-0.00296570116119577	-0.00363253813279439	-0.0016877497685631	-0.000230763635244676	-2.5815793294531e-05	SAS	0.639748	0.356764823594131	0.127281139354152
-0.0117629321496859	0.00981343953762465	0.0233172754677736	0.0176688011587057	-0.00126101030148013	-0.000541104663292815	0.000541735239480814	-0.000386723216207466	-0.00228199183211821	0.000244188009911841	SAS	0.806089	0.53875366951848	0.290255516419627
-0.01181667247647	0.0099231462974093	0.022902892246791	0.0166073649557985	-0.000704094144726976	-0.000978900612668535	-0.00603632654948205	-0.00299105579796942	-0.000855838260610458	0.000774245584735093	SAS	-0.318016	-0.585131811531666	0.342379236866329
-0.0118017265188758	0.00984286396192441	0.0237393640591062	0.0169184574767749	-0.00146514739816072	-0.000913376751916606	-0.0024689852872239	-0.000941544062812066	-0.00252129159596235	-0.000544649807651872	SAS	-0.713784	-0.98152862834153	0.963398448254005
0.03376145441961	-0.000235504135677927	-8.21569003229538e-05	-0.00106478752357032	-0.0587894910043281	0.0338529000591819	-0.00421879804266634	-0.00198778917641847	0.048294478445058	-0.00240148220203665	AFR	0.167721	-0.300857828137246	0.0905154327514609
0.0350833918908048	-0.00058275767659097	-3.21213475587245e-05	-0.000718391955720916	-0.066465025100151	0.043170268194871	-0.0110730340693855	-0.00142675874782461	0.0605551754962548	-0.00548973983125951	AFR	0.773089	0.298625013997601	0.0891768989850674
0.0348203681777399	-0.000395794850868941	-0.000500031442258864	-0.000527571479077852	-0.0585665196521935	0.0351998810078476	-0.0091509534615606	-0.00152641421086592	0.0387882504338173	0.000287837096992121	AFR	0.823926	0.351572829944882	0.123603454755453
0.0351867011715499	-0.000684061207787323	-0.000641798939739507	-0.000596940876509883	-0.0564178154997844	0.0360750779283273	-0.0100222674924808	0.00109960166283387	0.0342085637882545	-0.00541816939396214	AFR	0.47527	0.000347573319631755	1.20807212519838e-07
0.0342300699112704	-0.000653095746298177	-0.000528975480629771	-0.000727580105707409	-0.0594379010280789	0.0362482760442137	-0.0101703342837543	-0.00446392357363512	0.0316389457107569	0.00689946603348197	AFR	0.552083	0.0803844166282535	0.00646165443666464
0.0350031333580823	-0.000672821243313491	-0.000228104307692948	-0.00026920806723201	-0.0541580314302076	0.025080696157784	-0.00575723010123328	0.000497558169258027	0.0112789995146818	-0.0033161165996589	AFR	1.18349	0.709249620539028	0.503035024234755
-0.0110522426440741	0.0021869371402124	0.0306728159792166	0.0238478240437804	-0.000107886269368487	-0.00183334916360281	-0.00484539141885003	0.00368088420993551	0.00194627841012032	0.00151220219692871	SAS	0.224909	-0.0803950515779505	0.00646336431822132
-0.0114236844828883	0.00234761123160604	0.0310089948880952	0.0240841867738938	-0.000385467858527558	-0.0016243305447152	-0.000278684753656053	0.000654811212680288	-0.0012643240688868	0.0018642001456607	SAS	0.482508	0.179201714324966	0.0321132544170067
-0.011049467459071	0.0023810629872537	0.0319106874829465	0.0236474618093574	-0.00140090668333867	-0.00114908773164947	-0.00343732401883702	0.00106992809364419	-0.00194865442260388	-0.00100303564818547	SAS	-0.175146	-0.480258527232833	0.230648252979849
-0.0109804958982627	0.00188700704603364	0.0302169922073998	0.0239751259231138	-0.000705559015024059	-0.000407317747135446	-0.000394824242111653	-2.29777600538034e-05	-0.000765267772483264	0.000539138245679376	SAS	-0.191422	-0.498085972802872	0.248089636302984
-0.0115494329821727	0.0067101964481243	0.0271976587757708	0.0190271450697191	-0.000230189857540616	-0.000569069818342332	0.00249120013422369	-0.000269175473161075	-0.00131709688181745	0.00204994151552528	SAS	0.0044221	-0.279266658968522	0.0779898668114407
-0.0116491035857903	0.00920221256503872	0.0259354612620702	0.0193999261190718	-0.00103599819092025	0.000601461838121009	-0.00072695155748588	0.00274968883435671	-0.00183330605062725	-0.00145366286479849	SAS	0.478003	0.207256618293511	0.0429553058264619
-0.0116609390237852	0.00863534137318319	0.0219604800981836	0.0143408302120562	-2.46718216627957e-06	-0.00102707157409902	-0.00366755057204708	-0.000440594262794674	-0.00249686595295962	0.00033492732790409	SAS	0.256786	-0.017931460408441	0.000321537272379486
-0.0117121668841802	0.00961068576258598	0.0227221716060316	0.0168630366303471	-0.000847833677865173	-0.0015250195856721	-0.00168285111409559	-0.0019621433487064	-0.000323035161978071	-0.000670758539045155	SAS	0.359567	0.090873023915163	0.00825790647548579
-0.0118479252656045	0.010292765424563	0.0236025425706602	0.0159055573288391	-0.0011474461349822	-0.000289277253149709	-0.00633184025512522	-0.00324526628064132	-0.00260312958886646	-0.00209001221900855	SAS	1.02787	0.76182531148282	0.580377805215896
0.0351227715194925	-0.000725480705312443	4.46507322746441e-05	0.000582500361406017	-0.0669742484811393	0.0386579164978713	-0.00951006042902136	0.00190696241609201	0.0566650812335735	-0.00177832833276521	AFR	0.614636	0.140157827638575	0.0196442166483645
0.034485229647943	-0.000578780931505136	-0.00029777360092883	-0.000175644083895055	-0.0650631028984698	0.0390041531152752	-0.00684367701106102	0.000343315848892191	0.0488927524781728	0.00885618436364618	AFR	0.166295	-0.305668255491906	0.093433082415465
0.0343512391671913	-0.000540954268838997	-0.000442102489010504	-0.00122147607118056	-0.0548027726731239	0.0284726823731779	-0.00659624312279412	-0.00221089501236225	0.0314583097895929	0.00246286636676943	AFR	0.459152	-0.0127800016880825	0.000163328443147391
0.0343101488656523	-0.000307124194538015	0.000103013118022049	-0.00117525165083477	-0.0576806063566828	0.0357324987131274	-0.00413960029231663	0.000245401164857027	0.0391418323341371	0.00362824179851277	AFR	0.66818	0.197260812882448	0.0389118282990442
0.0341808677847338	-0.000434167830786134	-0.000962621784723022	-0.000957843507723291	-0.063268762575099	0.0349500087542389	-0.0103419506723452	-0.000219509500233853	0.0488447458155385	0.000159941658436607	AFR	0.786706	0.316266196535882	0.100024307071273
0.0350393797867754	-0.000611850150543366	-0.000755825360949302	-0.000485175426934152	-0.0582814642592461	0.0314065440862402	-0.00919977885684807	-0.00177007238828802	0.0291479500726587	-0.00560248593557084	AFR	0.673244	0.199283056193823	0.0397137364859504
0.034625396791664	-0.000582999687356396	-0.000167166523870061	9.78364201553074e-05	-0.055728733545552	0.034387328592228	-0.00901833837912983	0.00507912160433475	0.0237358597346615	-0.00411931654915142	AFR	0.385797	-0.0865450280258642	0.00749004187599762
0.0353257685127907	-0.000457901700005826	-0.00100527186009199	2.70684408272299e-05	-0.0547771957518467	0.0326157027122212	-0.00946497331817588	0.0014999560793424	0.013874690530426	-0.00212335311640337	AFR	0.684513	0.210761744151732	0.04442051279788
0.0347401440113612	-0.000972735984826327	5.66313759308596e-05	-0.000735010330229905	-0.0642110544456433	0.0417103107649173	-0.0109016537830573	0.00457405124301454	0.0327104581109994	0.00333794422198621	AFR	0.581922	0.106716704935101	0.0113884551122054
-0.0113749002096588	0.005661144594323	0.027649355317359	0.0193460346085818	-5.97301173919908e-05	0.000863390382591241	0.00293523033398925	-0.00265461722806598	0.000261478559564608	0.00288996326369265	SAS	1.21459	0.925348450017069	0.856269753948993
-0.0111803892716104	0.00258792700745092	0.0309854373163353	0.0233876580915711	-0.0011283596495776	0.00068623475519861	0.00101710750795398	0.000469820387432413	-0.00168215007964571	-3.68208063969492e-05	SAS	0.554653	0.25123171705869	0.0631173756562575
-0.0113882757714081	0.00290450945863583	0.0312622541780349	0.0233260119013628	-0.000820986189719335	-0.00131351659501897	-0.0013341252497005	-0.000150148632134388	-0.00271020536091934	0.00237036337537527	SAS	-0.259143	-0.560541347450728	0.314206602201878
-0.0113979394673747	0.00337412803183818	0.0301873980836983	0.0227807356350739	-0.00085013765957201	-0.00132746745956357	-0.00427480194153522	0.000822799855663114	-0.00131474771202252	0.000439576201094999	SAS	0.170221	-0.128763281569432	0.0165799826805289
-0.0111243481571962	0.00253035610825748	0.031438027644846	0.0237190156607079	1.69263462044599e-05	-0.00199025898183192	-3.25245281418318e-05	0.00234577999174463	0.00131963118838206	0.00021528883574605	SAS	-1.18954	-1.49342554105075	2.23031984666271
-0.0112104863736019	0.00371043025118453	0.0301386773119585	0.0237779308716021	-0.000342571387636648	-0.000830315484681599	-5.01149822752738e-05	-0.00199178163663405	-0.0014569761412946	-0.000939559814931247	SAS	0.0459287	-0.251438653577282	0.0632213965127567
-0.0109762957999172	0.00220979441455729	0.0327270047048972	0.0252897086409318	3.11233554782381e-05	-0.000889266487244716	-0.0038206745821159	-6.58458369309899e-05	-0.00092582386382897	0.000619238527259555	SAS	-0.238012	-0.543521148824365	0.295415239219358
-0.0113015294138224	0.00294888653499948	0.0306998873492485	0.0242291275457383	-0.000934127671154978	-0.00221707541128384	-0.00333707782847754	0.00322987749899752	0.000305360824582417	-0.000914141959392475	SAS	0.210835	-0.0898026050500834	0.00806450787378127
-0.0111701335307471	0.00291703521150039	0.0309892208546647	0.0235464800295534	-0.000853481233901325	-0.000911208588659826	-0.00285784428951329	-0.0013971615945435	0.00214081457735374	7.45746892948398e-05	SAS	-0.554225	-0.856026955331367	0.73278214825389
-0.0110846431206311	0.00259072961021329	0.0303051759116336	0.0236793959144797	0.000220390048468249	-0.000496012458958117	-0.0025146489694981	0.00051332226144921	-0.000627163469399	0.00115202957822753	SAS	-0.261614	-0.564834576865306	0.319038099222609
-0.0110751785787447	0.00200293292238734	0.0311981403904048	0.0242743410781676	-0.000512078340027822	-0.0011709943254882	-0.00296234652853379	0.00109375116598635	0.000931598687755794	0.0022203717520522	SAS	0.739307	0.433232957615525	0.187690795564296
-0.0110282808909383	0.00229506647471858	0.0326112149269161	0.024336721402377	-0.000972883878422241	-0.000782351338221505	-0.00114495482044974	-0.000669475179751104	-0.00283813870268514	-0.00103087318940304	SAS	0.00269635	-0.302787426758515	0.0916802258030433
0.0348569363858593	-0.000447315480009417	-6.44370703271078e-05	-0.00088635134685628	-0.0566482996505964	0.037644604259113	-0.0103006558345282	-0.00135407307697605	0.0437697022453576	-0.00235481728958056	AFR	0.53764	0.0644850124905264	0.00415831683590334
0.0344533209356267	-0.000486537007198263	0.000200505626666307	-0.000562455430377969	-0.061622699357693	0.0363904018198603	-0.0111818466874597	-0.000535228737632892	0.0134861490780955	-0.0162162454948386	AFR	1.10921	0.637306382541345	0.406159425227935
0.0350222414882038	-0.00131474303176661	-1.52365180801515e-06	-0.000137001018513079	-0.0612760571923519	0.0354929437688555	-0.010020348009403	0.000468988925321073	0.0289706641372569	0.000971367808759523	AFR	0.803124	0.325764076095396	0.106122233274287
0.0346412210153312	-0.000932795259193157	0.000513888605913058	-0.000168049099313866	-0.0603558178918923	0.0362400424415356	-0.00831921732452987	0.00340760500778433	0.0231316268931109	0.0185603148205829	AFR	0.454372	-0.0201684198144091	0.000406765157810251
0.0341536272099976	-0.000183784369736915	-0.000791632067234417	-0.00112233906402657	-0.0530081779540722	0.0382840512236438	-0.00473083546261365	0.00373196092109815	0.0464649908329351	-0.00887556566723824	AFR	0.377765	-0.0915867501651154	0.00838813280580726
0.0341825696538064	-0.000632936137988016	-0.000782884873653291	-0.00130966596599347	-0.0573689905136448	0.0350287673599527	-0.00539953144459191	0.00148046204263695	0.0470037568131288	-0.0037621127133327	AFR	-0.229116	-0.700809882897091	0.491134491966234
0.0307532606612441	0.00140188909491276	-0.0012940133492403	-0.00333505681270721	-0.0473125590978761	0.0268244893831285	0.00249155671771716	-0.00650901312721378	0.0281850590669803	-0.0121124677641709	AFR	0.556477	0.104869541614699	0.0109976207584772
0.0346444311295801	-0.000677681027612179	-0.000335205694750127	-0.000113930515096079	-0.0603731737198008	0.0349657206288499	-0.0120018854971512	0.00274933819128396	0.0451599039023391	0.00878082406425544	AFR	1.0159	0.542991792385263	0.29484008659776
0.0344964836029868	-0.00041891743860409	-0.000812332201496768	-0.000520795049632087	-0.0672513931714964	0.0462886027148175	-0.0109063327801186	-0.00208232583996517	0.0832166197684209	-0.00633889398856341	AFR	1.04804	0.576818685993616	0.332719796511402
0.0347019511303954	-0.000495796717585897	-0.000795545780632278	-0.000767584433682031	-0.0582029036289938	0.035256164699125	-0.00821753126531648	0.00304920420298735	0.0362193233500768	-0.0162798144478375	AFR	0.788865	0.316424978366647	0.100124766934333
0.0344345700584356	-0.000620862651109312	-0.000794490917470827	-0.000497713845517551	-0.0592278894278949	0.0361435166010275	-0.00790626579139068	-0.000425418865650107	0.053308518360449	0.00208670352235828	AFR	-0.100361	-0.572321858219181	0.327552309395457
0.0343499717512657	-0.000225153278950168	-0.0013595277619971	-0.000891404130972694	-0.0561288790706335	0.0373230582367136	-0.00720442127856739	0.00116690867786159	0.0432721039116422	-0.00112337237523057	AFR	0.607759	0.137969158282078	0.0190354886370651
0.0350841488640017	-0.000551110703101359	-0.000616587891441951	-0.000863984884881594	-0.059738181331704	0.0347395961821744	-0.00852622632930839	0.00429729589562283	0.0322511405230378	-0.00540764717466597	AFR	0.45744	-0.0166919968105559	0.000278622757523608
0.0347105433119909	-0.000391605542105235	-0.00022552354614901	-0.000468680843835435	-0.0600890191229696	0.0375580094414822	-0.013090401551499	-0.000312210535590787	0.0371743240863985	-0.00752102652897678	AFR	0.762521	0.290463682510242	0.0843691508574108
0.0344131320392865	-0.000471006075725503	-0.000302056965781604	0.000427959013156095	-0.0631905306116312	0.040386680776218	-0.00752649560045703	-0.00265323251765836	0.0507840899971261	-0.0190473642703286	AFR	1.66959	1.19876459201862	1.43703654707757
0.0339822936445488	-0.00041126591953719	0.000437010158404614	-0.000528106451884999	-0.0613112699141347	0.0408436392888942	-0.00709079163606092	0.00330025079544954	0.0570387204368231	-0.0148433060565168	AFR	0.960105	0.490049091526696	0.24014811210614
0.0342532613596654	-0.000496439046386086	-0.000307253312336283	-0.000585224610276781	-0.0647997524279358	0.0417283939341236	-0.00998460130373955	-0.00201689604621734	0.0544252310025127	-0.00780773873269694	AFR	0.500607	0.0295556916840019	0.000873538910919779
0.0340590463073044	-0.000383641834508956	-0.000136110818521055	-0.00102316682499064	-0.05706481109678	0.0380672892868523	-0.00777162480135202	-0.00013151430208171	0.0527280820864331	-0.00398255462046825	AFR	0.505425	0.0351987040086538	0.00123894876388882
0.0346951284118809	-0.000145427595307013	-0.0001327795842811	-1.13528948044571e-06	-0.0446083279935878	0.0182471354678493	-0.00318950115850679	0.0039376229983377	0.00130174545799413	-0.00380214490836112	AFR	0.66181	0.191220964783811	0.0365654573728515
0.0343173228055437	-0.00031183663474556	3.14894282509692e-05	-0.000943428947376039	-0.0670419052589246	0.0457454221574785	-0.00818506759422167	0.000623441267064875	0.071481185775862	-0.0026578057214031	AFR	0.743207	0.272423127353645	0.0742143603171403
0.0353480260826398	-0.00065069786976771	-0.000271921768541216	-0.000264920560635838	-0.0512252401863122	0.036325684050309	-0.011163145104858	0.000165913802055038	-0.00536367707604422	-0.00878823780631963	AFR	0.873198	0.397926773141978	0.158345716783187
0.0345125861635914	-0.000444916254912183	-8.11678832576034e-05	-0.000189550666999598	-0.0642489644595674	0.0381401032909404	-0.00686781551071586	-0.00152076647737235	0.0528806519440346	0.000500208258598555	AFR	0.555897	0.0843622617904327	0.00711699121439749
0.0350136213799909	-0.000772554895133381	-0.00024511158451169	0.00102800915408659	-0.0610876335544633	0.0386257338440835	-0.00843112317292285	-0.00197409042329249	0.0649675721053498	-0.00611635791501011	AFR	0.361309	-0.112603207915967	0.0126794824329664
0.0347842883397099	-0.000372989525477589	-0.000302562133076519	-0.000232266937895903	-0.0634032817882199	0.0455486827618893	-0.00978439048339725	0.00176409658708408	0.0650045611687833	-0.0111599826631232	AFR	0.987424	0.515394035800583	0.265631012138812
0.0343185531802174	-0.000469969917405538	-7.19808966774372e-06	-0.000785107679868591	-0.0574571539873501	0.0329587263018121	-0.00715621860679227	0.00201876957199351	0.0392588116155675	0.0110605814612916	AFR	-0.0179559	-0.48937153994361	0.239484504106781
0.0346710441560936	-0.000541091194602792	0.000260913345199565	-0.00111138258405657	-0.0703296948475443	0.0435407683174094	-0.0110511698355012	0.0062945814393717	0.0640960304599072	-0.0125753693848023	AFR	0.348422	-0.124849271047462	0.0155873404810826
0.0345985071811802	-0.000592173775369199	-9.60508134459989e-05	-0.00100650189819054	-0.0619482968914496	0.037770776256549	-0.00910015851072772	-0.00420828465877072	0.0448817924914775	-0.0135854793617897	AFR	1.49962	1.02658768332167	1.05388227154775
0.0345991569935311	-0.000298313160246129	0.000466366029065743	-5.41376697343567e-05	-0.0554774279157498	0.0330572994801204	-0.00747249302894626	-0.00113131389563533	0.027848247592701	-0.00736666094923175	AFR	0.188351	-0.282956200682169	0.0800642115044878
0.0342821936332513	-0.000310240196413443	-4.27635454578128e-05	-0.000450324175916623	-0.0608800527912288	0.0418262116800937	-0.00876806879210271	0.0038567493209042	0.0455396784495262	-0.0135189629946895	AFR	-0.391149	-0.86145787042237	0.742109662512644
0.0345777731747941	-0.000509066417940034	-0.00023521744274243	-0.000134707114329214	-0.0608661005807698	0.03413519884343	-0.00701120941701476	0.00129121728282806	0.0415610384446916	0.00067458380873901	AFR	0.291299	-0.180649604319224	0.0326342795406921
0.0343706241422864	-0.000852651501021453	0.000644753870141247	-0.000591717711917836	-0.0615169617614329	0.034709007132678	-0.00775734299489035	-0.000377342379162671	0.0458502778363993	0.00521168702706871	AFR	0.680457	0.206872260153926	0.0427961320211934
0.0347658429955821	-0.000659830664458193	0.000448452585242919	-0.000282634903852299	-0.0686596469811712	0.0432627114092139	-0.00949618236480351	0.0042457581549418	0.0698084428109167	0.00292882382321044	AFR	0.363561	-0.110150824176623	0.0121332040667894
0.0343206139580051	-0.000384785490799473	0.000335615786947491	-0.000359879400917185	-0.0588457272542721	0.0406807102091318	-0.00818961684121202	0.0030466343788306	0.0475699580345965	0.00816595311358059	AFR	0.956516	0.485603711169524	0.235810964301614
0.0337189382732289	0.000170530337060168	-0.000364358464701368	-0.000538654851193188	-0.0532389600566751	0.0259915308807274	-0.0062230741965643	0.000376626715973714	0.0239549585001959	-0.00839510419804117	AFR	0.397925	-0.0681239206688666	0.00464086856729804
0.0343797334054556	-0.000630622329067606	-0.000592248408800975	-0.00161987603630727	-0.0569624010453444	0.0275870538640135	-0.00795180758381809	-0.000512095646103286	0.0271882425614372	0.000994975922557658	AFR	0.297692	-0.174941687917891	0.0306045941715609
0.0340784469396835	-0.000767525878766378	-0.000157070269846265	-0.000548003320645004	-0.0690777457011909	0.0447770672440901	-0.0101479967424803	-0.00239484247872914	0.0792012736701292	-0.0149650109239019	AFR	0.320484	-0.151307946639675	0.0228940947163147
0.0344912249823328	-0.000456336317069916	-0.000680218492428855	-0.000574263180901032	-0.0715046327106072	0.0484946958729399	-0.0113122246092271	0.000143957389146914	0.0880117016544734	-0.0182319530718484	AFR	0.223189	-0.248288235192045	0.0616470477347802
0.0356996302100003	-0.000949106338223883	-9.20434935356355e-05	0.000242464048549852	0.0177982665583386	-0.0465729018817048	0.0118134267330781	0.00020702909011128	0.0212878344819266	0.00491473844857818	AFR	0.423434	-0.0541903632859278	0.00293659547306083
0.0354014267732355	-0.000915595242055948	-0.000811804432660612	-0.000253555077593233	0.0185446397132091	-0.045617002737801	0.0152698308100599	-0.00258815998838072	0.034088322142166	0.000174534447490311	AFR	0.611183	0.134745059490355	0.0181562310570593
0.0353826171116531	-0.000970408220781601	-0.000787735129391408	0.000492263597823861	0.0200457070649719	-0.0417003937132761	0.0119438089837191	-0.0014725636456693	0.0284081111497116	-0.00414655990046455	AFR	0.514843	0.0386730526462379	0.00149560500097869
0.0352648609128504	-0.00130077415994741	0.000345608008730131	-0.000181516286584877	0.0189049177235877	-0.0438114267182844	0.0107737389316455	-0.000215128291453206	0.0236192623993592	0.00552142673489483	AFR	0.98462	0.506317453487222	0.256357363705785
0.0357233447246537	-0.00101539658780821	0.000213444063643204	-0.000708484313672219	0.0162435656960034	-0.0473900426315257	0.00898886915549555	0.000907955568794323	0.025802292535823	-0.00141906739206804	AFR	0.629481	0.150712858164385	0.0227143656160781
0.0355027982989113	-0.0010636024798516	-0.000591013349426887	9.95038674749455e-05	0.0204730562582469	-0.0465893107521706	0.0123314909162329	-0.00122611314977238	0.0286929467622789	0.0109973332615637	AFR	0.742921	0.265563347705229	0.0705238916444086
0.0359891404445641	-0.000768566615078733	-0.000477874396883633	0.000714794254692195	0.0172624132162262	-0.051290733762784	0.0126107437694607	0.000955148681858486	0.0246615573701138	0.00582191306871655	AFR	0.483427	0.00616682893324477	3.80297790919049e-05
0.0359594837628424	-0.00133241215930569	-0.000467142391138583	-0.000818790239079546	0.0181251427274207	-0.0394992992918848	0.00871780528834583	-0.00106282037446867	0.0180229988593867	-0.00119470441955428	AFR	0.610564	0.129758323620319	0.0168372225487554
0.0358338596075854	-0.00155246044359618	-0.000793341559946022	0.000493415679479817	0.0194707501213105	-0.044133144326768	0.0102369997389507	0.000918879471827686	0.0213515085202925	0.00651190255658616	AFR	0.306504	-0.173927889194199	0.0302509106395495
0.0353756210289716	-0.000866936312567312	-0.000527596008764243	-0.00058244918765445	0.0203000710217162	-0.0457244693016343	0.0115170008801462	-0.00181953999238148	0.02104119759812	0.00398939879386453	AFR	0.409597	-0.0668690175523786	0.00447146550842032
0.0351174091988267	-0.00107446804401244	-0.000264113543474154	-0.00113334536883536	0.0147785894273318	-0.0457852212601034	0.0113324605491061	-0.00219203556680617	0.0121472559517344	-0.00224891564328352	AFR	-0.134588	-0.611642758475646	0.374106863995697
0.0355894427765402	-0.00139247686783608	0.000280541392009172	4.37205210913097e-05	0.0184362562863444	-0.0438092476681648	0.0105087138807874	-1.30728518220528e-05	0.0190635544282719	0.004498807368611	AFR	-0.1303	-0.609951903920975	0.372041325096823
0.0355660349291529	-0.000580776620098593	-0.000689866004853178	-0.000536473189562906	0.0199697883640207	-0.0424459126548407	0.0116671484367761	-0.00561986239756335	0.0209687900658699	0.00010013210992723	AFR	0.425343	-0.0503048601500749	0.00253057895471859
0.0359902518936864	-0.000916685253342329	-0.000839386388483004	-0.000154504669370974	0.0156521756887764	-0.0455518148181635	0.012467400842549	-0.00459048901402549	0.0350193309681613	0.00189209639295407	AFR	0.10607	-0.372275429717652	0.138588995571463
0.0350104721184754	-0.000732036196512622	-0.000122207407764739	0.000216268250651218	0.0191416135406929	-0.043880278975788	0.0116904055451405	-0.000902815848676141	0.0227400412437369	-0.00508464736618073	AFR	1.22221	0.747924216375953	0.559390633441584
0.0353266772877124	-0.00101059921883009	-0.00015786594529914	-8.54910879817103e-05	0.0138684953301211	-0.0358205795399465	0.0076511843067268	-0.00168835923705035	0.00936113272809768	0.00372204143495114	AFR	-0.104032	-0.580871250506177	0.33741140966461
0.0352177705428805	-0.000987246027809489	-0.000117903305500231	-0.000121139292929292	0.0183978351186179	-0.0511408359811598	0.0138007648919654	-0.00161955067941022	0.0287516824228902	-0.00144424819153732	AFR	-0.351832	-0.828236710747705	0.685976049030178
0.0358163674656593	-0.00078619328011359	-0.000710618720076568	-0.000226673017879886	0.0183895253161833	-0.0267475761128275	0.00835428106993866	-0.000122912832266911	0.0105357725704183	0.0021106770625736	AFR	0.368426	-0.108826002777576	0.0118430988805449
0.0354905723908488	-0.000871402751505961	-0.000888505189289517	-5.98676544272363e-05	0.0167649454864953	-0.0428937656882159	0.0108077582394812	-0.0052584672493705	0.0245850444942532	-0.00187418556346538	AFR	0.166809	-0.309559914648187	0.0958273407569927
0.0344691411841715	-0.000561807156346852	-0.000430701574441092	-8.42050113575696e-05	-0.0607933738168585	0.0388012449729116	-0.0104687548731271	0.000968785828715651	0.0450105163345076	-0.0114043635664102	AFR	0.609662	0.137954407292367	0.0190314184913883
0.0347624467197511	-0.000149629890015966	0.000145810026169519	-0.000125293349885608	-0.0629592016478582	0.0374559278904641	-0.0127852652645787	0.000882486170180881	0.0573689767842428	-0.00577973108357105	AFR	0.822752	0.351705402669388	0.123696690266836
-0.0111518368034084	-0.00112883705278191	0.0289341174559331	0.0211373813410523	0.000335542281341399	-0.0017486991135257	0.00133546675629725	0.00548108021635836	-0.000366701066434588	0.000380520565602454	SAS	-1.20431	-1.52584035366888	2.32818878488436
-0.0112414227489755	-0.00077673869816586	0.0290338536394192	0.021146603883381	0.000318260122972332	-0.000568402635150062	0.000287104393633136	-0.000710627046468317	0.00322864610326461	0.00139833936158072	SAS	0.28744	-0.0321678659785492	0.0010347716016139
-0.0113352235171668	-3.91144003870998e-05	0.0283289335597028	0.0210780003300414	-0.00026328590261431	-0.0019068064795401	-0.00189419614407058	0.0013047832196775	-0.00213971109355095	-0.000984440509488629	SAS	0.908836	0.593318553857789	0.352026906351898
-0.0114668042995455	-0.000823903032512467	0.0294767865668233	0.0218138369054236	-0.000588002165367911	-0.000668650787558549	0.0010435859349239	0.00124384975283381	0.000164363887834787	0.000859243960444884	SAS	0.429246	0.110387211136369	0.0121853363824652
-0.0111187723779851	0.00252457723724034	0.0301442303534848	0.023890410351321	0.000594712230969634	-0.000939914622784921	-0.00320877397099281	-0.00042652791680396	-0.00253440802539005	-0.000597899216267454	SAS	0.509968	0.20676058473393	0.0427499393995166
-0.0112198886014236	0.0034430419030781	0.030280003145957	0.0239360855870885	-0.00117735272334449	0.000603858118068802	-0.00216762244254563	0.000653165109042349	-0.00378216205648256	-0.00103028857620603	SAS	0.00223642	-0.296328666486539	0.0878106785816906
-0.0113063665872487	0.0037515233878279	0.0297331444576248	0.0225824208277095	-0.000628052535409601	-0.00121215013420249	-0.00401698006035073	0.0010654395959746	-0.000810237110020414	-0.00203167344320213	SAS	0.751299	0.453879076069238	0.206006215693465
-0.0109689741992047	0.00219256333496216	0.0306395098729497	0.0241390052858691	-0.000149566915291146	0.00041756429353972	-0.00202197583936048	-0.00152975142711079	-0.00146835749497841	0.00246318103427239	SAS	0.209379	-0.0959769487172797	0.00921157468507933
-0.0111622172161204	0.00301219601184416	0.0321228442208168	0.0247277779906079	-0.000581721139213514	-0.000838098706685486	-0.00201036391924827	0.00130914017622473	-0.00053009766887078	0.000540019542027185	SAS	0.512082	0.210916598357037	0.0444858114625037
-0.0113623977131083	0.00386392193428669	0.0292112256858957	0.0234197420973983	-0.00089349004804562	0.000592298594180185	8.15767421492044e-05	0.0021639290400998	0.000698700273262325	-0.000124774544473004	SAS	0.0929823	-0.202936992801096	0.0411834230471519
0.0352396287490694	-0.000583029687308213	-4.20721311281722e-05	-0.000264786155748439	-0.0595856054587759	0.0373283488516353	-0.0119330829391567	0.00306362706250377	0.0256694170260151	-0.0142420778914269	AFR	0.780315	0.305618442899174	0.0934026326401154
0.035165768914455	-0.000676258171727902	-0.000127245380184989	-0.000454893660108608	-0.0568328634640707	0.0342779623214627	-0.0110346421471672	-0.000405536689541985	0.0248657312575083	-0.00976300293261506	AFR	1.26659	0.791620675166534	0.62666329335112
0.0347476320184001	-0.0006467082309942	0.000478842419450354	-0.000178388677582951	-0.0608844433612592	0.0426865004203661	-0.00960279286555521	0.00328663102474154	0.0370229216617143	-0.00354324039703102	AFR	0.368689	-0.104847689484064	0.0109930379901467
0.0349561724807213	-0.000543384489169319	-0.000698172931261135	-8.28373040670034e-05	-0.0586414103542233	0.037240350157689	-0.00825183817743703	0.00276402502384231	0.0425631359201517	-0.00353971333455397	AFR	0.479808	0.00667891933994874	4.46079635495413e-05
0.0351072126273703	-4.43247996005881e-05	-0.000706632497042505	-0.00107282290042312	-0.0524120979668605	0.0287947967213767	-0.00422977015037361	0.00390812299489011	0.028682200022097	-0.0120947425998736	AFR	0.596462	0.124555867136172	0.0155141640380438
0.0350032345460587	-0.000229411876899983	-0.000112936848168986	-0.000592245642185818	-0.0312032496806452	0.00624674460290568	-0.00286688005387398	0.00125812334066168	0.00127212859158179	0.00471507373090161	AFR	1.13844	0.666033017254135	0.443599980072647
0.0340872561963555	-0.000495467418418525	-9.50145984216216e-05	-0.00142424815323845	-0.0569167946184053	0.0347711830598417	-0.00449283257064092	-0.00210784908796449	0.0342483813785314	-0.0131583616925275	AFR	-0.220905	-0.692029288642355	0.478904536338844
0.0341772698170027	-0.000207394151794428	-0.000332944649708312	-0.000289461483828934	-0.0559500794889445	0.0315355772051985	-0.00289196642729347	-0.00106483025594587	0.0372729315414926	-0.00209836627611869	AFR	0.863221	0.393990848788003	0.155228788928691
0.0348359763889512	-0.000284795318568368	-0.000745384478499311	-0.000817183966969588	-0.0636855147251077	0.0409556338417925	-0.0119183186840752	-0.000804892324782474	0.055631985818056	-0.00448022075312027	AFR	0.48143	0.00948077209696963	8.98850395546778e-05
0.0348639363211748	-0.000675187580619999	-0.000808587683426879	-0.000686018402692014	-0.0661427007641154	0.0389890811409288	-0.00611639441018829	0.00140939451600385	0.0487132865627056	0.00610818174101478	AFR	0.489088	0.0153145602540573	0.000234535755775152
0.0359683138259362	-0.000561164170424883	0.000372718554787691	-1.04800616153297e-06	-0.0334238571777622	0.00617158434704724	-0.00386181468430013	-0.000334856149422287	-0.0809690481545871	0.0211811679876206	AFR	1.024	0.54692906575894	0.299131402971947
0.0361934926384873	-0.00184239665895849	0.000592062415380951	0.00103679349799404	-0.0376073127936861	0.00239178097642389	-0.00305622034481197	-0.000718869620367234	-0.0954367193564165	-0.00115047941003245	AFR	0.476122	-0.00720007220599445	5.18410397715337e-05
0.036067334183572	-0.000942127335121928	-0.000182397912862961	-0.000208096161437752	-0.0331965400254072	0.00842794234328573	-0.0044202691938218	0.00367658997737563	-0.0826086317473812	0.000764758730800299	AFR	1.10619	0.627118974544329	0.393278208233531
0.0358857703745375	-0.00112552033525212	-0.000521586700048529	0.000480084185670166	-0.0380179673231543	0.00657135779868181	-0.0079124975831071	0.00150002168739935	-0.0886577180256737	0.0266203347097136	AFR	0.72049	0.241762498960183	0.0584491059034726
0.0354640648734562	-0.000830206933929733	0.000178865390153343	0.000103127885691674	-0.0356958735777452	0.00653278532850696	-0.00313914419179026	-0.000382596401273829	-0.0685048317604494	0.0158814652430441	AFR	0.557953	0.0814642174315436	0.00663641872173381
0.0356594480794299	-0.00109232616330983	-0.000557854085605054	-0.000450814606074921	-0.0356844560833257	0.00416213446515275	-0.00350328654402038	0.00513682864639103	-0.0740414853374014	0.0135839292650697	AFR	0.145019	-0.333367023451783	0.111133572325102
0.0354569401266605	-0.0011696748638539	0.00039733540189115	0.000102460892074944	-0.0389706894742799	0.00647500832735089	-0.00672564797613484	-0.0010648693319718	-0.0672965865899571	0.0006460781971524	AFR	0.354424	-0.123748451555676	0.0153136792624274
0.0359012265888822	-0.000828706559849009	-0.000245362067358315	0.000112246780306542	-0.033963952255877	0.0120725316165033	-0.00523285274961931	0.00181295192413577	-0.0760363245234661	0.0151786036337992	AFR	0.373379	-0.104364178685847	0.0108918817927713
0.0359429434100182	-0.00124300324430581	-0.000427979926920747	-5.71940247919182e-05	-0.0330040474460363	0.00546726503900252	-0.00402436218813339	0.00200440908616081	-0.0831853921403841	0.00520542937738982	AFR	0.222719	-0.25714225726111	0.0661221404693391
0.0357018861705021	-0.000674948360163535	0.000267412278908296	0.00109360150175849	-0.0353733933072464	0.010114663337087	-0.00632369045650582	0.000567120504712964	-0.0721683495060724	0.00451301543810127	AFR	-0.048598	-0.524563715570209	0.275167091692823
0.0355949188466833	-0.000863371381443078	0.000589350219461197	9.79994747245145e-05	-0.0356905554643352	0.00307460320532735	-0.00553876870099342	0.00403633146955986	-0.0820478431127319	0.00451410900231699	AFR	-0.17125	-0.648533492087412	0.420595690359093
0.035806129763355	-0.00132425988654399	-0.000545109328988761	-0.000284228575626004	-0.0406518383985946	0.011182187665292	-0.00648704362494501	0.0059342439777816	-0.07236357711631	-0.00383830926329778	AFR	-0.383998	-0.863872280097608	0.746275316321041
0.0352200317081674	-0.000765713996307953	-8.16306301260751e-06	-0.000106505000431089	-0.0384918270741946	0.00990618464012633	-0.00619734127184911	0.00247331642026165	-0.104449132692516	0.0148608421102933	AFR	0.0525417	-0.422867130046748	0.178816609673974
0.0361376688891841	-0.000738762327426203	-0.000326968294189733	0.000309380567698762	-0.0385586615939154	0.00533817651470598	-0.00462372548424696	0.00238520891468648	-0.0822003246563371	0.0137738717881832	AFR	0.921449	0.443500522975762	0.196692713879774
0.035940625620974	-0.00113262849762497	-0.000628867640850654	0.000300918769107591	-0.033815508224448	0.0052286626826772	-0.00633841394280654	-0.000294766687659635	-0.0659454762507153	-0.000550963014777804	AFR	0.84873	0.369721460809163	0.136693958582861
0.0356409872791646	-0.00074494898450637	0.000301546346421565	-0.000582268288274067	-0.0368025740938521	0.0060954093122651	-0.00509315731544281	-0.00149590513493762	-0.0936317727390083	-0.00069326612590988	AFR	0.299406	-0.17776952820686	0.0316020051588896
0.0360563584946546	-0.0010536147380174	8.48854592735746e-05	-0.000105197510588876	-0.0366099608234193	0.00667632845302354	-0.00683997858363848	0.00204859661373462	-0.0782078079885686	0.0101212099736638	AFR	0.332235	-0.147387206328773	0.0217229885894004
0.0359472936169592	-0.00105763958244886	-0.000149416465963625	-6.80639213567265e-05	-0.0330453283028013	0.00921755528334305	-0.0055716332831214	0.00266937732940863	-0.0794999504915673	0.00147045878703945	AFR	0.297662	-0.181477715476418	0.0329341612145397
0.0358057123546418	-0.00113695025655451	-0.000492297336773691	0.000128931972922545	-0.0373440011977482	0.00693529414644448	-0.00806955900232096	0.00189236281598216	-0.0847837099392252	0.0132390438278092	AFR	0.832402	0.353651902211011	0.125069667937466
0.0359757793439064	-0.00114913240814377	-0.000286578619541961	0.000286330487324793	-0.0370046965961708	0.000707518217854894	-0.00723706164331309	0.00718258329603298	-0.0708762370871126	0.00146036099064743	AFR	-0.101001	-0.58037760192833	0.336838160820079
0.0358347665426657	-0.00127902099519486	-0.000860037093892453	-0.000215956226526676	-0.0352985381432495	0.00764620807327767	-0.00701027171377504	0.00310249740053762	-0.094339520320898	0.00529297640887938	AFR	0.171178	-0.308385652321313	0.0951017105576419
0.0354183796656824	-0.00112854996924803	-0.00017475827704362	-0.0011841301823298	-0.0347079422214285	0.00204441404126847	-0.000549453848502663	-0.000305893124307539	-0.0857542681981798	0.015747227467385	AFR	-0.374162	-0.852558328235747	0.726855703044132
0.0347049805453681	-0.000870538483473996	0.000145672026253821	-0.000514103083508346	-0.0417831311156358	0.0160165136214141	-0.00705789748304347	-0.00140239531235472	-0.0350016960257042	0.0127858011213347	AFR	0.524292	0.0497859531315918	0.00247864112922105
0.0359949695423171	-0.000779278653498911	-0.00125265544743805	-0.000704530006973094	-0.0343979994061387	0.00682706170381696	-0.00667445078089423	-0.00155325763016275	-0.0761635160815683	0.0104456188212425	AFR	0.101918	-0.375948249880901	0.141337086588513
0.0359592478777539	-0.00116742996696797	-0.000501246895021902	8.53780191602542e-05	-0.0362524991893242	0.00656364832021188	-0.00642996404642454	-0.00190771805077393	-0.0671842387441915	-0.0030702441155615	AFR	0.212	-0.267433453185994	0.0715206518829853
0.0359357683798468	-0.001340998443283	0.000213391149140767	-0.000413557405325814	-0.0335386833066273	0.00436157434823742	-0.00452246876264931	-0.000303422228126628	-0.0816698773995264	0.014170802319444	AFR	0.231062	-0.249769864915614	0.0623849854199642
0.0360183315764902	-0.00080555180712358	-0.000930038324267209	-0.000215889036039011	-0.0352928758259639	0.00513849156236089	-0.00727613606388917	0.000896712992451664	-0.103873264628021	0.013924111818482	AFR	-0.116648	-0.594558903331783	0.353500289531093
0.0356555947145127	-0.00135436683111922	0.000104887696618142	-1.24555773193609e-05	0.0198882625654584	-0.0454471283238427	0.00916020177920713	-0.000407203063649146	0.0216944253135985	0.0105052318728712	AFR	-0.30001	-0.779656482428559	0.607864230592874
0.0353395248021915	-0.00112250303737288	0.000320976966560208	0.000180023520392802	0.021020072394276	-0.0443138443168042	0.0116191331602777	-0.000197904546455714	0.0209448703077593	0.0144038851618831	AFR	0.121372	-0.356097413835574	0.126805368140384
0.0354234973244805	-0.00140127263910775	-0.000894874624240517	-3.96321105005581e-05	0.0154626720141735	-0.0436042276286468	0.00810984953070418	-0.00103390099765455	0.0303386399182677	-0.00628227397853562	AFR	0.880561	0.401930758861986	0.161548334919372
0.0356521549492002	-0.000920734574159401	0.000271132854538443	0.000663392557888591	0.019968929942909	-0.0419134630171355	0.0131130785875098	0.00239649450296537	0.0271730795926135	0.00830635479913866	AFR	-0.643845	-1.12108031255665	1.25682106720211
0.0357204765202987	-0.000909236026232092	-0.000865969719797328	0.000357032361945327	0.0167052355689321	-0.0478833778465522	0.0122804103264787	-0.0015358742358549	0.0333365817821428	0.00727631018601283	AFR	0.651907	0.174841749829371	0.0305696374833964
0.0359099399534347	-0.000723498908540334	0.000143180748441554	-0.000153378662184874	0.0151508753584683	-0.0447499734800471	0.0116443576627012	-0.00222801608577428	0.0330677847369474	0.000512675283262628	AFR	1.08795	0.610320551920865	0.37249117609699
0.0352297324481602	-0.00146499088218694	-0.000642291242667314	-0.000468459400230002	0.0236664013019858	-0.0358028853296656	0.00969064892990183	-0.000656021664316385	0.0210810133682255	0.0194356035607771	AFR	0.849539	0.370865654390272	0.137541333606324
0.0354768724203194	-0.000974811007266381	-0.000561125285176567	-0.00167840590703947	0.0178134000732317	-0.0403217538115791	0.010462524606942	0.00325745243375017	0.0147452675614689	-0.00496989572562913	AFR	0.188754	-0.289243974656358	0.0836620768750081
0.0354093398776535	-0.000749475957003013	-0.000110402235735673	0.000338562830392549	0.0202412751184624	-0.0522091317434532	0.0120104562211009	-0.00177045242967997	0.02425719986545	-0.000228966867611942	AFR	0.563934	0.0882978799911683	0.00779651561093476
0.0352801483730597	-0.00107461268220265	8.09364908929416e-05	-0.000126971004703703	0.0195044269493828	-0.0419657174099969	0.0109975965784544	-0.000898395833280246	0.0225612583135264	0.00696473317161951	AFR	0.917349	0.440223820011556	0.193797011705567
0.0355244978677556	-0.00106274362267623	0.000255751072853791	0.000817817975105477	0.0215108073211883	-0.0379018656353188	0.00913764342352591	-0.000209795263958445	0.03565070521075	0.00179874192449661	AFR	-0.574487	-1.05185839970739	1.10640609303499
0.0353547871722752	-0.000941286884890055	7.2313022977349e-05	-0.00042251797711448	0.0180409925396373	-0.0467653856963462	0.0127202679221632	-0.00113188329606316	0.023911360579035	-0.0046070610132381	AFR	-0.14002	-0.616950444496583	0.380627850964531
0.0358404876883456	-0.000751447952450989	-0.000235243136762253	0.000107866955247582	0.0216280622792672	-0.0452089764665631	0.0114795524658687	0.00382381182458963	0.0302707076767362	0.00583592364762468	AFR	0.716091	0.238909214364041	0.0570776127080431
0.035619770459967	-0.00128375476557642	5.47697346462269e-05	0.000480240796835563	0.0172948455716624	-0.04579047214887	0.0136550654648399	0.00117812052438084	0.0344155999503391	0.011670851887362	AFR	0.936895	0.458040091012284	0.209800724974542
0.0353598160975355	-0.001240152284224	0.000122540941502673	-0.000358763273270195	0.0215072381294346	-0.0444037921922188	0.0103117578296441	0.00280366533376217	0.0323536469617799	-0.0014704664648126	AFR	0.791795	0.313452826369168	0.0982526743588195
0.035542143108734	-0.00140095622130091	-0.000631626821164006	-0.000493636261956101	0.0173076700517967	-0.047399640222806	0.0115014248595624	0.00154014531141066	0.0157568833688804	0.00411405058033492	AFR	0.499082	0.0196402368801013	0.000385738904706491
0.0355572010442307	-0.000698694504393615	7.36326173977249e-05	-0.000294650103762656	0.0203300936786837	-0.0392207371061445	0.0106522721280965	-0.00289148919288949	0.0312132714870796	0.0156175521205841	AFR	0.190135	-0.286248970930704	0.0819384733588868
0.0354711738407047	-0.00112586915081958	-0.000278920185684277	0.000171753562287632	0.0203686497869678	-0.0445378301322526	0.014363572933121	-0.00197433820866672	0.0246916195992883	-0.000338087487080429	AFR	0.905114	0.427466200836733	0.18272735285779
0.0350621552065428	-0.000760533879245179	-0.000242250558147083	-0.0002196269676631	0.0193362342752894	-0.0443321572448108	0.0114296883739278	0.00236943584120159	0.0182500712839268	-0.00285206380904394	AFR	-0.204371	-0.679185668992	0.461293172964111
0.0355236035959135	-0.0010937758913267	-0.000341452425466794	-0.000110183398440674	0.0181140717760237	-0.0421588277755798	0.00670806619985994	-0.00365043622906609	0.0259611932951793	0.0109917417189361	AFR	0.07926	-0.398562274797795	0.158851886891993
0.0356610454570678	-0.000649972916128335	7.83661507621261e-06	-1.50910449217491e-05	0.0168118896187432	-0.0420079156826224	0.0104805282189352	0.000600549205228536	0.0192007894964917	0.00142481369110906	AFR	0.131947	-0.344346423568303	0.118574459424281
0.0354605417928766	-0.00146979624811621	-0.000765734520493372	-0.000439920934961446	0.0155358239184462	-0.0495397291665693	0.0118656887331263	-0.000933455411245153	0.0282722687675022	0.0104848166509169	AFR	0.829556	0.350161255780973	0.122612905050108
0.0356833822349743	-0.00109791690769213	-0.000199877740750891	0.000234144682758701	0.0210457791375494	-0.0353899155306558	0.00953141584466685	-0.00588961764851356	0.0172684754463121	-0.00408221543088196	AFR	-0.584434	-1.06266065835329	1.12924767481184
0.0351870708636571	-0.000740143488248355	-9.58212002377613e-05	-0.000249264785708624	0.0207947181586557	-0.0449003114265251	0.0115818575988166	0.00186256986463635	0.0199006148050975	0.00530612404727748	AFR	0.595819	0.12059241786371	0.0145425312462157
0.0352519450153153	-0.000707602791607049	-0.000513378253898012	-0.000162008867847117	0.023095838177068	-0.0458845615176634	0.0124711641298781	-0.00116442534707125	0.023353303780529	0.00102427070140233	AFR	0.539109	0.0640721824462464	0.00410524456342509
0.0354875818789057	-0.000702929728450881	0.000162316632719305	0.000730169088915844	0.0206050533126945	-0.0463014513139949	0.00989660075138683	0.000176849356670873	0.0279917850422915	-0.0149388570930439	AFR	0.176471	-0.299088343495029	0.0894538372146007
0.0352203597959016	-0.000858570204594996	-8.85795607603967e-05	0.000174301150391024	0.0167936656502897	-0.0400106047272974	0.0119657011782194	-0.00097715508686764	0.0202197703971467	-0.00916097174363469	AFR	0.958785	0.483153607255017	0.233437408203535
0.035542976046967	-0.00111672972516737	9.86467552356704e-05	0.000246071065325313	0.0199517346797824	-0.0502947768690923	0.0146124314301335	-0.00514174477129672	0.0218965610756832	-0.0109288388041028	AFR	0.519683	0.0417049774276052	0.00173930514223706
0.0353999645538859	-0.00123760445474827	9.74076735090548e-05	-7.12540993916994e-05	0.0199358311151181	-0.0421677183791109	0.00956445088129533	-0.00116114216150908	0.0287248908666426	0.021186989873551	AFR	0.671037	0.192767056160845	0.0371591379409183
0.0353109678378641	-0.000833873845959723	-0.000365365670131419	-0.000850587010947495	0.0177948563656042	-0.0412133382837687	0.00824586135036647	-0.000838592593004505	0.0253734288146338	0.0187033948707786	AFR	1.14336	0.667019458757223	0.444914958360779
0.0358809710348385	-0.00141957854459108	-0.000789930108157705	-0.000346930189751911	0.0229714676591257	-0.0470970950730738	0.0136050161151793	-0.00111081493589546	0.0330211363768435	0.00312896987151522	AFR	0.90019	0.419690466356986	0.176140087550944
0.0353020152145123	-0.000974434724373805	0.000302235296566412	-8.82923415486653e-05	0.017806783423497	-0.0428375094862474	0.0118244603481238	0.000499265936935997	0.0253193901024106	0.00869499022973136	AFR	0.29674	-0.180066053964026	0.0324237837901755
0.0356758282644689	-0.000900845246254842	-0.000357173636027844	-0.00026169846347027	0.0173030530459092	-0.0445124543655188	0.0112983560131165	-0.00142199596156473	0.0234231187536076	-0.00425285226394263	AFR	0.437399	-0.0401125931120903	0.00160902012617611
0.0350809733842146	-0.00104821923728835	6.18851040003643e-05	7.53606844209189e-06	0.0161316453030268	-0.0414161479174667	0.0108828740742278	-0.0027215550840528	0.018115812851048	0.0183778357725614	AFR	-0.0858902	-0.562126717860776	0.315986446932929
0.035686458820338	-0.00128702331183441	-7.39227034641705e-05	-0.00029141216251587	0.0179737768938767	-0.0516597450246295	0.0123199591259606	0.00401253584901727	0.0166627139486948	-0.0134418473478178	AFR	-0.0448823	-0.524407135236099	0.275002843486532
0.035383583853886	-0.000955637362395999	0.000568190408376032	-0.000823848918011158	0.0209116188580211	-0.0421499670350082	0.0122158920717714	-0.000928932244283899	0.0283353027366958	0.00457736505837924	AFR	-0.198676	-0.67626235061961	0.457330766865561
0.0355944284962165	-0.00097206820367711	-0.000925338216167598	-0.000478492054649379	0.0201449547153026	-0.0447432436602826	0.00966038915875003	-0.00127059538650019	0.029648725850806	0.0221986810058364	AFR	0.74383	0.266387485030386	0.070962292180814
0.0356737523832956	-0.00125621647443458	-0.000530084761651356	-1.12219780132864e-05	0.0242429175664751	-0.0509824003901347	0.0105413774539768	-0.00224804682337287	0.032463953189197	0.00701800469227032	AFR	1.18348	0.70453868077493	0.496374752708079
0.0359094424496759	-0.000928810653995924	0.000206973013556679	-8.34666230491539e-05	0.0189595651315652	-0.0402204064609832	0.00791968118863874	-0.00495120950978637	0.0233145087196642	-0.00552493107966293	AFR	0.594369	0.115785730790035	0.0134063354545825
0.0352238682346887	-0.00123741962047132	6.6598228524906e-05	-0.000609529808228753	0.0230603114583967	-0.0427365084776461	0.00642720843108785	0.000989443678535914	0.0226288655264044	0.0157079068422839	AFR	0.43693	-0.0410756174021014	0.00168720634496381
0.0351606447108335	-0.000798552206138324	-0.000577384149894017	-2.91621682383779e-05	0.0223253569997481	-0.0455762525601334	0.0108138674329548	-0.00327742436348993	0.032049040764896	0.00100866481969188	AFR	-0.63289	-1.10793454422798	1.22751895429365
0.0355240227269394	-0.00052549906425921	0.000335142752754174	0.000296509507975728	0.0190224153085882	-0.0462136151376752	0.0112307298718817	-0.00261638353614448	0.0319764393028102	-0.00257299508332361	AFR	0.641976	0.1667738247702	0.0278135086284814
0.0349773778511629	-0.00101465222245227	-0.000414373946768214	-0.00122042053687445	0.0256782201216359	-0.0471237792155673	0.0123311618324418	-0.00200335620260445	0.0329511686100603	0.00825063479848466	AFR	0.633254	0.156968237817029	0.0246390276833834
0.0357558546734794	-0.000968563683311179	-0.000502268819002714	0.000188693010632157	-0.0318278563703527	0.00841524339800832	-0.00710119525747892	0.0028441150870207	-0.0828051490544623	0.00928304712377596	AFR	0.621395	0.143650548813914	0.0206354801745386
0.0352796941880352	-0.00121654602846616	-0.000661121430152474	0.000195983270580757	-0.0323864596820461	0.00503337680647132	-0.00604099115526313	0.000117543170519398	-0.0830048455785038	0.00549263214634254	AFR	0.852907	0.375671432328753	0.141129025067937
0.0358903720052699	-0.000886174594199645	-0.000734465339316551	0.000292068221530687	-0.0352921640605351	0.00148174253978739	-0.00484617162161011	-0.00130198155237679	-0.0917849729837802	-0.00437172951002718	AFR	0.505655	0.0280239023997632	0.000785339105711454
0.0359256892475285	-0.00117388618264367	0.000773497788149132	0.000930003865489812	-0.0374513491536991	0.00753038565032912	-0.00497146914595596	-0.00463271803353198	-0.0868997365592794	-7.32468875493195e-05	AFR	0.885834	0.406414963817269	0.165173122814592
-0.0111011854079907	0.00349385997230326	0.0292622775836907	0.0223002716964415	-0.000542460102840115	-0.0010553409752812	-0.00107490801138252	0.0005149668853052	-0.000258752888758123	0.00106968111664154	SAS	0.0748865	-0.224395764281378	0.0503534590274239
-0.0111165222254265	0.00359892848666444	0.0295798830879268	0.0223342746177457	-0.000891626550127652	-0.0012744801930446	-0.00233097221719476	0.00325697017197464	0.000159268550454165	0.0015541585344913	SAS	-0.505377	-0.804240784489842	0.646803239436837
-0.0116134005501691	0.00924281203410393	0.0242968789594147	0.0171957245315404	-0.00116933813388495	-0.000970190975716593	-0.00150685482600755	-0.00179197660877841	0.00118679483868338	-0.00127666302639513	SAS	0.428829	0.157529091599924	0.0248154147002971
-0.0116501187327817	0.00852086178052688	0.0255416118021492	0.0183040162886167	-0.000857047452180248	-0.00106524094023436	-3.39484287334474e-06	-0.000883616793760172	0.00283012839256549	-0.000233985752175027	SAS	-0.0146355	-0.289107493050381	0.083583142537876
-0.0118573351657458	0.0108324677910214	0.0223268088239902	0.0159469776530598	6.86190339383014e-05	-0.000833628642404335	-0.00100954382407569	-0.000725516819331117	-0.00303549052723468	0.000377120293810741	SAS	0.912177	0.649345768854675	0.421649927529469
-0.0119900990216066	0.0120453236381569	0.0222687253979188	0.014152420833251	-0.000404778444924093	-0.00186613874302655	0.00143418699422557	-0.00015135861849462	-0.000531754958104603	-0.00446582269285959	SAS	0.0959248	-0.161847482111895	0.0261946074659602
0.034983515522305	-0.000320709459467095	-0.000649780835187139	-0.000434892712540495	-0.062600120849472	0.035951496798887	-0.0106756698186993	0.000537521194509403	0.039308729824866	0.00377994485112382	AFR	0.280856	-0.191560517165081	0.0366954317365534
0.0353739984356975	-0.00106493885790986	-0.000304713532839983	0.000314777435302164	-0.0602172804093337	0.0352965635578267	-0.00825985427423852	0.00235428167686889	0.0383147353884592	-0.00293160722231693	AFR	-0.0747375	-0.551667621498163	0.30433716460944
0.0342316273149242	-0.000235814355299654	-0.000117896663190384	-0.000534256532952196	-0.0648687464461411	0.0411478305712908	-0.00785917427254658	-0.00209619288184611	0.0667606696565958	-0.012410067054549	AFR	0.0616807	-0.408124494485234	0.166565602998827
0.0346381373548128	-0.000359316937197819	-0.000466549183179162	-0.000445435373692404	-0.055242849002898	0.0301659061972883	-0.00424134878251965	0.000639631216595315	0.044156953428029	-0.000197727475810457	AFR	0.143454	-0.328078146056632	0.107635269919957
0.0347978152967243	-0.000761385373320262	-0.000475662776622957	-0.000276422284424398	-0.0642099035721977	0.0371211634456105	-0.00829246486816622	0.00165269662241375	0.0508041664860138	0.0115425971212872	AFR	0.214476	-0.259379699616018	0.0672778285728958
0.0330559639575531	-0.000401546055672862	-0.000377909075708858	-0.000175829087967367	-0.0577233242055422	0.0347864305244715	-0.00816558773925468	6.11795947446617e-05	0.0444590367441925	-0.00742019056882589	AFR	0.759982	0.293696385581599	0.0862575669036952
0.0360135136762363	-0.00109737932174976	-0.000822942662972859	-0.000322650447606574	0.0220527301853844	-0.0484002753966818	0.0107715630229514	0.00342971104721801	0.0306851835502852	0.0197438417608118	AFR	0.385096	-0.0942959611639719	0.0088917282918373
0.0350585917410888	-0.00150623456609961	-4.18915714500546e-05	-0.000263180067959752	0.0170614047483441	-0.0414941785022807	0.0118848755192013	-0.00432623564999893	0.033010214041941	-0.00582368563786819	AFR	-0.0264789	-0.504926593944185	0.254950865272076
0.0353183882830746	-0.000875302544166569	9.95586059270178e-05	-0.00109477855907519	0.0169029619043667	-0.0479496615179589	0.0110131671841108	-0.00420969799941731	0.0304067200715141	0.00617102833147325	AFR	-0.111711	-0.588648695798556	0.346507287065341
0.0357437085403217	-0.000948906742204455	-0.000305856170209525	-0.000431310711909382	0.0223591007418373	-0.0421224981821214	0.00888116442693477	-0.00280350552094743	0.0187667254100207	0.0127355358716671	AFR	0.705211	0.227111876282383	0.0515798043485045
0.0354911405968688	-0.00104381985609377	-0.000405583111233471	0.000370663951864833	0.0208579799427062	-0.0534507153062575	0.0124964784097081	-0.00503826219080539	0.0329817325457813	-0.00708668311235509	AFR	0.831922	0.354781556008013	0.125869952483467
0.0355202760947175	-0.00124432074535778	-0.000496716414875016	-0.00120457289368043	0.0181362269831365	-0.0433871094454808	0.0141656661573847	-0.00368527418005317	0.0242602505840861	0.00153074774813194	AFR	0.430284	-0.0488615032737312	0.00238744650216884
0.0356727697333356	-0.000716504793904229	-0.000479274846078559	-5.66885813700479e-05	0.0193551704338088	-0.046039501008035	0.0109966755176235	-0.00202715062434745	0.0204279827211662	0.0105805514502685	AFR	1.18518	0.708737979540733	0.50230952364348
0.0356642329026876	-0.00103963988013947	-0.000450077838067947	0.000234090996690799	0.0212337242886772	-0.0403589918222858	0.00941729204833284	-0.00340819404123622	0.0214558379766572	0.00369606719097229	AFR	0.352434	-0.125334173847578	0.0157086551340549
0.0350819517031996	-0.00100095392929579	-0.000547475271965715	0.000472947347682691	0.0171488259129749	-0.0356081668164573	0.00943284317342602	-0.00540489370920827	0.0242099721551961	-0.0024731485658858	AFR	0.620849	0.145418562089377	0.0211465582001419
0.0358452457162674	-0.000870619905036976	-0.000167418322587682	0.000197325872891077	0.019598004405751	-0.0421460360235679	0.0115714504723597	-0.00119210715462999	0.0258358200354193	0.00333875799042572	AFR	0.673027	0.195291116012349	0.0381386199933486
0.0354483123198407	-0.000353543154196169	-0.000810764761980596	0.000268850047215102	0.0177998293382954	-0.0421191982832059	0.0104988854660086	-0.00333240037021543	0.0165586463670108	-0.0115647374366668	AFR	0.9024	0.428791443802683	0.183862102278389
0.0353748814918266	-0.000811300840894216	-0.000321807255337166	-0.0011075376819187	0.0165531017860175	-0.046314847796722	0.0111473295921182	-0.00549930745716321	0.0352504486143207	-9.37999470795652e-05	AFR	1.77458	1.29794692030454	1.68466620792804
0.0355493544592937	-0.00151261319284099	-0.000601337175452908	-0.00067134170146527	0.0192896619845014	-0.0484786883726488	0.0122984255500239	0.000479601591842403	0.0284481692256162	0.00159049522590086	AFR	1.61383	1.13370903548188	1.28529617713326
0.0361401178846516	-0.00127619446624972	0.000493224047950648	-0.000973441382101755	0.0185705406677156	-0.0492697742777118	0.0130862558645559	-0.00181650561220746	0.0281285625427575	0.0130822994858821	AFR	0.202385	-0.279317117595525	0.0780180521818722
0.035194680318425	-0.000715016275338109	-0.000277680203283908	-0.000198744597722893	0.0143728677590886	-0.0425269895118626	0.0130506951278463	-0.00179871271513972	0.0244321991314162	0.00263832299491949	AFR	0.291477	-0.183537847848048	0.0336861415926933
0.0352614572052612	-0.00100536577754167	-0.000100445614421195	-7.69290747918827e-05	0.0177927084865612	-0.0497426508945532	0.0157335407068301	7.78152601515477e-05	0.0259326440538966	0.00753389742552603	AFR	0.655691	0.179073779124761	0.0320674183700237
0.0351811257860761	-0.00089118534367813	-0.00055823757650668	0.000853855482066539	0.0177883812365702	-0.0475578058403971	0.0138448099475994	-0.00226614776599327	0.0257210078488707	0.0034262152104338	AFR	0.679135	0.204137538436959	0.0416721345991008
0.0355663087762218	-0.00119136408146426	-0.000265602396779485	-0.000330798553457467	0.0201212858535412	-0.0429718601388416	0.0146914751406932	-0.00267775795797501	0.01628925473264	0.0113881136947467	AFR	0.619004	0.14040071577323	0.0197123609896353
0.0353461751403021	-0.00104875808047105	0.0001871453697477	6.29548721020344e-05	0.0166350008758823	-0.0469237505748906	0.014383059147685	-0.004046163525897	0.0307847384335342	0.0213194278200603	AFR	1.14927	0.672115580194864	0.451739353140679
0.0352953150499628	-0.00146876053024679	-0.000454525395453293	0.000318709744520694	0.0184949906919099	-0.0504323615120255	0.0138914653673807	0.000945601729510744	0.0376976348383838	0.00484977803881669	AFR	0.799368	0.320868691654773	0.102956717284245
0.0355471312051972	-0.00112236485737286	-0.00019240302739309	1.83283925827252e-05	0.0234524121181526	-0.0461161290929619	0.0105701782209783	0.000772952288835527	0.0242222643431984	-0.00436669499189346	AFR	0.764297	0.286271660891274	0.0819514638294484
0.0351139273148416	-0.000697127530127097	-0.000219014117117792	0.000552860325816457	0.0170232143484844	-0.0466504602231776	0.0116523753010063	-0.00494607979657623	0.0412994340424713	0.0109180932649034	AFR	0.051951	-0.422257095779194	0.178301054935879
0.0354675405911409	-0.000983134473081321	-0.000396826079209906	-0.000437632592900833	0.0217031773607772	-0.0492760561121141	0.0126528102715427	-0.00107565741753825	0.0249841896157348	0.00867568171733345	AFR	0.492446	0.015152398288082	0.000229595173880669
0.0348821873086098	-0.00101973164852992	3.0544982879739e-05	0.000274501419617255	0.0199944186054739	-0.0452346137961665	0.0117034478113722	-0.00474419674729843	0.0335920728748187	-0.00627424450915308	AFR	0.461029	-0.0142200491844852	0.000202209798809179
0.0357671380036165	-0.00098801427520159	-0.000449514503181211	0.000215018179657637	0.0215953794054509	-0.0501609574843781	0.0102633546850057	0.00118805487951562	0.0311949160560979	0.0106049096477523	AFR	0.195175	-0.282707537190295	0.0799235515842019
0.0356007765910934	-0.00103934415100545	4.59924650805876e-05	-0.000248662822002212	0.0211434138482978	-0.0493853151021821	0.0121262568943258	-0.00574996912231456	0.0123721431872715	0.0013638677219143	AFR	0.713231	0.235134119504695	0.0552880541552482
0.0352685150225657	-0.00142685261867514	0.000619074766454017	-0.000247945178153694	0.0212383319383135	-0.0424364249701713	0.0117520020186612	-0.00590357956766102	0.0208779544805582	0.00328064571575243	AFR	-0.012595	-0.491677608712633	0.241746870909373
0.0357512987730394	-0.00129340825669261	-0.000228480410290274	-0.000291516761703771	0.0211192566236906	-0.0448771014484065	0.0139767324971633	-0.0054803859303573	0.0368550835406667	0.00412413501505648	AFR	0.850267	0.3705675329971	0.137320296511557
0.0352508516228962	-0.00114765184811711	-9.81605349821177e-05	0.000195128786093155	0.0251601070399219	-0.0512175539923414	0.012973263785276	-0.00401046639045412	0.0324314801181821	0.0112441835671129	AFR	-0.0236121	-0.500693489669192	0.250693970597113
0.03551148619314	-0.000809972700021943	-0.000476181600183854	-0.000140725959224992	-0.0373104243554846	0.0065185460470493	-0.00406545688004186	0.00210456371250573	-0.0899930722249513	0.0043453677290732	AFR	0.382005	-0.0943915447121805	0.00890976371315158
0.0356320838863097	-0.000812450220414928	0.000399432752238069	0.000586985718092964	-0.0324681788212986	0.00395228637004139	-0.00655076217671347	-0.00117036106078722	-0.0897324511791176	0.00300178852794665	AFR	0.0622752	-0.414490890699271	0.171802698472675
0.0355696230837896	-0.000601388945866975	0.000677087921500332	0.000449856508475549	-0.0290025135107766	0.00580742766381309	-0.0069636262720008	0.00328060704641682	-0.0966736146730413	0.0125098614047921	AFR	0.917773	0.441994318912151	0.195358977950616
0.0354275047272669	-0.00096433837393616	-1.79695567634338e-05	-0.000507205627701241	-0.0360808444718895	0.00565091530308757	-0.00556736928987518	-0.000679100569747014	-0.086761707074186	0.00117142344171369	AFR	0.774514	0.297219301658055	0.0883393132781022
0.0355653912914766	-0.00122925277321967	-0.000275159039968616	-0.000178807151972939	-0.0283799526762833	0.00493616001593327	-0.00464036573796093	-0.00312190867464934	-0.0808409147646844	0.00239543604785871	AFR	0.422287	-0.056390786095014	0.00317992075641362
0.0359370482410417	-0.000875179065743521	-7.62675265864074e-05	-0.000442159119526561	-0.0402892729830801	0.00817676429702118	-0.00550598192285529	0.00102447732668232	-0.0791395372911229	-0.000586735732828768	AFR	0.409527	-0.0689895935156503	0.00475956401345465
0.0359047253324339	-0.00103681050539224	-0.000315331345762184	-0.000168272811780626	-0.0345308148632447	0.00408301621532896	-0.008020441489844	0.00343925164576524	-0.102459123723921	0.0167004747253924	AFR	0.747129	0.268245724596199	0.0719557687641398
0.0359989966716049	-0.00101505631230085	-0.000303118698901054	-0.00052024460871191	-0.0383326343140722	0.00142878034448046	-0.00628443169439493	-0.00143477673357414	-0.0881800281940708	-0.00519427178560001	AFR	1.01145	0.532122678866364	0.283154545363915
0.0355460948172428	-0.00079696739169914	-0.000388886993362765	0.000537612651837071	-0.0328335151010734	0.00333818117619192	-0.00522742183523874	0.00135977706145564	-0.0680467019676781	0.0173483609527026	AFR	0.394325	-0.0817357733228197	0.00668073664067937
0.0359650600953511	-0.000865873105972947	-0.000579024484498858	-0.000308013784121501	-0.034005430905109	0.0121920725078591	-0.00848455066130604	0.00222762245070403	-0.0851425134325944	0.0213992816486302	AFR	0.787429	0.309186662417237	0.0955963922167101
0.0356494599670628	-0.000880998959012902	0.000348847298840396	0.000285069106262115	-0.0317864879200077	0.00373834253178429	-0.00125119495142878	-0.00268565825355714	-0.0841557090497161	0.0118926984824711	AFR	0.125472	-0.351844528770075	0.123794572425436
0.0360829131277199	-0.000919076803316728	-0.000398099591836705	2.44998699781127e-05	-0.0331348910949337	0.00413269310856656	-0.00365746125589993	0.00417792884145761	-0.0807162603076895	0.00935133498368799	AFR	0.465073	-0.0136908023378663	0.000187438068654525
0.0356569447665228	-0.00093297658551884	3.66094508668041e-05	0.00013395130221357	-0.0412297719736791	0.0106552148586459	-0.00310656654637049	0.00279450688779764	-0.0917485754352587	0.0161395890979426	AFR	-0.587904	-1.06543902931233	1.135160325182
0.0356209670902552	-0.00082348896758505	0.000390341564053948	0.000488840698259948	-0.0351109224667322	0.00535124356230669	-0.00631184269452522	-4.14874492099615e-05	-0.0537420633873096	0.00102981664372437	AFR	0.240365	-0.236474074718839	0.0559199880141309
0.0357023349965912	-0.00136265200339604	0.000347673522568216	0.00122875597798529	-0.0369096073224311	0.00569469074815559	-0.00437319148020365	-0.00118746335890641	-0.070410465531667	0.00869685505578113	AFR	0.652322	0.173154632525509	0.029982526765044
0.0355691419778307	-0.000956129487452172	-0.000489024711890816	-0.000679208929653633	-0.0381434044041798	0.00567265185323011	-0.00684517725622833	-0.000220740139717617	-0.0759859498548847	0.0129311559561095	AFR	0.746251	0.268633477827037	0.0721639454094491
0.0355574838907837	-0.000815308822173157	-3.07635521294152e-05	1.64509431116603e-05	-0.0401425686532444	0.0188622080825161	-0.00695644199584827	0.00133345573174187	-0.0556280191026031	0.0115583573848636	AFR	0.615695	0.139007103632777	0.0193229748603736
0.0358552199243872	-0.00120108336239329	-0.000361478018006869	0.000969484238703541	-0.03982421546611	0.0064577370007078	-0.0074032205207452	0.00268543389322592	-0.0908764197701421	0.0161180719757569	AFR	0.217085	-0.261661073184252	0.0684665172199345
0.0362792128521575	-0.000984826722680883	-7.87453797410059e-06	-0.000406960366345553	-0.0359511138543239	0.00810550738982979	-0.00642116340647986	-0.000495469502093045	-0.089907289775623	0.00341560680078505	AFR	-0.0565438	-0.536738086032508	0.28808777299784
0.0358185732611612	-0.000194487569175134	-3.93368413815431e-05	0.000872363568809826	-0.0357206405972271	0.00632454195782987	-0.00299017563059393	0.00417231916978493	-0.0765944624933526	-8.38502784079842e-05	AFR	0.591373	0.117289327379687	0.0137567863171795
0.0353100043536303	-0.000742973250621866	-0.000287082454765555	0.000155713798988629	-0.0393405294679586	0.00680109849277157	-0.00323767325843381	-9.36128256800477e-05	-0.0982054178952289	0.0160409902700106	AFR	0.228219	-0.247085125624424	0.0610510593048375
0.0354423579189106	-0.00102456937801673	-0.000202132399615882	-0.000129835613583831	-0.0362905395829676	0.00728560590071257	-0.00724837793514138	-0.00128232753354827	-0.0962004928387442	0.0126691843228654	AFR	0.20326	-0.274041147642292	0.0750985506011045
0.0357754993399312	-0.000849005488868502	-0.000229523093417976	0.000291272352506302	-0.0371950520652913	0.0114436416853003	-0.00832151485465881	-0.00215214792974428	-0.0826189519219963	0.00687894115588861	AFR	0.206973	-0.270337069955507	0.0730821313921287
0.0357297061832159	-0.00123097727238407	-0.000855239359992593	-3.7407445297346e-07	-0.0345182380314173	0.00422267645765443	-0.00616448113563289	0.0015809571704342	-0.0851165262121299	0.00945505920669723	AFR	0.972618	0.493769337571623	0.24380815872592
0.0361233235840389	-0.000897832018650732	-0.000689911513099638	0.000262958085970358	-0.0324337389685237	0.002862120177363	-0.0031505490053426	0.0040356955947077	-0.094767064046694	-0.0079260714836955	AFR	0.273115	-0.205393634652865	0.0421865451559144
0.0358102303736158	-0.000783200383374239	-0.000234840237207017	-0.000552494917047273	-0.038964236156957	0.0133020380553946	-0.00555439145757722	0.00252835192182759	-0.0833994696887157	0.0150649661138884	AFR	-0.126353	-0.60400395528393	0.364820777998631
0.0357311693524529	-0.000831282178998669	0.000303623792037448	0.000602695668537829	-0.0374643316890805	0.00965623999220763	-0.00447325553352252	-0.000310158959806566	-0.0864298164286308	0.0152115299213561	AFR	0.114164	-0.3629684316167	0.131746082350287
0.035839546918249	-0.00146209087161486	-0.000443776008816417	-0.000371591481132625	-0.0394202271468721	0.00301553182147325	-0.00524816623188816	0.00145008476905659	-0.0889681780639373	0.00310889924685831	AFR	0.215113	-0.265628376506928	0.0705584344057063
0.0360578786041847	-0.000878169320147294	3.80840889718836e-05	0.000716789802222895	-0.0326467076011846	0.00210686574716512	-0.0075378202465334	0.000114541521488807	-0.0737995668615495	-0.00572992286706396	AFR	0.64922	0.170967217718596	0.0292297895344377
0.0359237924772158	-0.0010975861197571	-7.6872910352359e-05	-0.000436929050578712	-0.0347295119122789	0.00693038773798061	-0.00883170541894676	-0.00568139893596574	-0.125790190588442	0.0218314171879925	AFR	0.443984	-0.0355348831041837	0.001262727917228
0.0362953991595956	-0.00061905369964162	-0.000153033541779194	0.000133393582272323	-0.0344763146221035	0.000316994982761364	-0.00649863258532974	0.00458898657800464	-0.116900167101253	0.0191377971505528	AFR	0.72848	0.250372132803662	0.0626862048846546
0.0360249105984651	-0.001158638086673	-2.25867179432985e-05	-0.000368676700004741	-0.0347286592107266	0.00763672613985926	-0.00799304947045784	0.000894008279758239	-0.0769278460541085	0.0207902119794272	AFR	1.10565	0.625520664804424	0.391276102097369
0.0358898806866712	-0.000775214637295306	-0.00032806250414692	0.000146555450869497	-0.040148009987771	0.00568399187850742	-0.00684568637586268	-0.0040673666010827	-0.0480581910982503	0.00166093249959604	AFR	1.19666	0.719268758478761	0.517347546923578
0.0354571880019108	-0.000767530799335102	-0.000677858347678865	0.000372332090623819	-0.0401988374576991	0.00885898332599769	-0.00753775851230721	0.000209787563930016	-0.0731573103701601	-0.000846318658602064	AFR	0.602932	0.127341064155334	0.016215746620213
0.0353872887385601	-0.00102087729295208	0.000123855435534807	0.000256873462785123	-0.0311914580631923	0.0084014476700791	-0.0055109725502836	-0.000981427887817349	-0.0843159491627186	0.0102361094584957	AFR	0.247425	-0.229582267349139	0.0527080174811716
0.0359864739178074	-0.00105087449757362	4.4785724512115e-07	-1.21032117119755e-05	-0.0392918765981539	0.00504954349526136	-0.00882512100227751	0.000664269340981628	-0.149174333570885	0.0368088288211529	AFR	0.746525	0.267249999872867	0.0714225624320473
0.03545540097676	-0.00125141931994355	-0.000475865513864863	0.000507969575870103	-0.0348737681682302	0.00737232086648258	-0.00658829444349042	0.00325439966893961	-0.0816471273088226	0.00701920228852482	AFR	0.111354	-0.366525989752089	0.134341301163748
0.0359842782000641	-0.00132962076397229	9.01762357130471e-05	-0.000230418704970704	-0.0423533961982487	0.00688825530668387	-0.00911501069213218	-0.00334460819810724	-0.138141769152176	0.031816110464703	AFR	0.91658	0.4358141055871	0.189933934628684
0.0358351299086515	-0.000912926871154582	-4.16019254096511e-05	-8.14492661061323e-05	-0.0330486037530734	0.00357003501172566	-0.00498444651159979	0.000582313662736288	-0.0793190044293714	0.0109053358048416	AFR	0.379913	-0.0982261077872305	0.00964836825102862
-0.0115995674970508	0.00734936494382494	0.0257101545598564	0.0181058508382321	-0.000848901554420753	-0.00193544943660662	-0.00631362812189832	-0.00226617160060038	-0.00057550967787301	0.00130142149607192	SAS	0.152559	-0.127822301597067	0.0163385407855715
-0.0118711409323886	0.00925995014870097	0.0238039316912224	0.0176629433968475	-0.00194105520117333	0.000914744755228586	-0.00146985426772208	-0.000753547548371268	5.90197695923909e-05	0.00269861932196661	SAS	0.227918	-0.0419029664291389	0.00175585859556154
-0.0114033787769702	0.00482858413573485	0.0292294109903989	0.0229630174664169	-0.00169967369294383	-0.00241627529055899	-0.00255097470522868	-0.00248922288909511	-0.00131893327037146	-0.00085053301292727	SAS	-0.256327	-0.547851990241063	0.300141803211094
0.0355381460719248	-0.000765239648722532	-0.000703069781522932	-0.000865830639875467	0.0158378488211628	-0.0491139668166269	0.0134491765464088	-0.00294006091530559	0.0145921022643552	-0.00378066872870357	AFR	-0.325807	-0.802435924509952	0.643903412944141
0.0353070576024532	-0.000814150830292138	-0.000162441006533121	0.000724018994639997	0.024780233356942	-0.0464229349121564	0.00957695110544144	-0.00325945383438054	0.0272032402082175	0.0255251646516342	AFR	1.38759	0.91226238630151	0.832222661460525
0.0353445329854348	-0.000962358612875571	-1.07783221045578e-05	-5.64954433441415e-05	0.0166203453614621	-0.0491018282323504	0.0128677203001805	-0.000247631033555571	0.0216430112238173	-0.00212930275878187	AFR	0.0918185	-0.384904345955031	0.14815135553507
0.0355793050798249	-0.0010989622436423	-0.00057518336271481	-0.00028068689323713	0.0219580584157415	-0.043203024711579	0.0105911289616403	-0.000456336113647188	0.0210224519728532	0.0123685868795707	AFR	0.760595	0.282563542889898	0.0798421557704911
0.0359441466171787	-0.00111236830015289	-0.000182892511786435	-0.000397607072678699	0.0168460755123156	-0.0453830117845557	0.0114408102007405	-0.000710480877279809	0.0122423370966399	0.0288535093429802	AFR	0.348007	-0.131574650965079	0.0173118887765823
0.0353680127517895	-0.00142924609208096	-0.000375662733228658	-0.000773762597997941	0.0184178735608344	-0.0443801128991527	0.00939289337968931	-0.00247599499176503	0.0421209998327536	0.000860992504923613	AFR	-0.00364878	-0.482939169370691	0.233230241312453
0.0359865031614561	-0.00112556270819608	-0.000188408630169426	-0.00018145358987175	0.0183564638880412	-0.0454617248363618	0.0136584679984403	-0.00197200874591641	0.0247959420346022	0.00740589405659473	AFR	0.554931	0.0752850261378501	0.00566783516057677
0.0353584328194395	-0.00116519497947995	-0.000548524817981488	0.000273646706416095	0.0164273114485145	-0.0487347223525908	0.0105438769388867	-0.000156841908447154	0.0333304975284827	0.00542781625341607	AFR	0.682797	0.205535348739779	0.0422447795815824
0.0343335376614077	-0.000516497528357268	1.07053595996655e-05	0.000264466157638888	-0.0597058241964364	0.0408103544631779	-0.0119996430139168	0.000173476420552208	0.0533291772498227	0.000624077193635594	AFR	0.310397	-0.160628632735778	0.0258015576545654
0.0329920309406502	0.000573907209028019	-0.00105659637576402	-0.00134920126140136	-0.0543425541405002	0.0376040627901806	-0.00414905534914848	0.000457891322501036	0.0563895260742009	0.00639888320128999	AFR	0.403381	-0.0585075176615756	0.00342312962291958
0.0354497540395758	-0.00107385297732191	-0.000568019778823318	-0.000129974637714035	-0.0376184856624182	0.00501539168304521	-0.00644998591940875	0.00338413063588007	-0.0858849566699817	0.00765066463633091	AFR	-0.213143	-0.690527945524863	0.476828843550788
0.036324726576322	-0.000697224482538544	-0.000201378155042084	-3.15682297253611e-05	-0.0364272197330366	0.00199500306792069	-0.00540767336680778	0.000357667320183692	-0.0952485358946118	0.0205753691314533	AFR	0.541335	0.0626772711383727	0.00392844031735309
0.0355937098331216	-0.00113766850467593	0.000188439531012477	-8.67021213765749e-05	-0.0349594091535819	0.0094707753324747	-0.00613534991401892	0.00383301913939449	-0.0974225882326345	0.00361164257653521	AFR	0.428829	-0.0496730632499616	0.00246741321263469
0.0358962590633594	-0.00104750981018046	-0.000567865901434485	-0.000498983204202783	-0.0306613694531803	0.00109468821927794	-0.00537340928878194	0.00360049717594754	-0.102668826758399	-0.00308721684924107	AFR	-0.444951	-0.923947002261062	0.853678062987202
0.0357975696932504	-0.000910791727011163	3.67480694795196e-05	-0.000224380550809393	-0.0329528502559788	0.0058654351809973	-0.00645593969238833	-0.00188078539186223	-0.0688576073190398	0.00154168929360606	AFR	0.60415	0.126018890686843	0.0158807608099426
0.0354750267980864	-0.000946634792938909	-0.000178812948986876	0.000137519103030511	-0.0321322525181407	0.000122748761405006	-0.00446533022880106	0.00303034288341922	-0.0903359876263006	0.00649967644594559	AFR	0.759585	0.282701404080701	0.0799200838692
0.0354012174713974	-0.000735562247268074	-0.0001659473154616	0.000332115366568187	-0.0326542157579908	0.00396048751007126	-0.0052674986315917	0.00233940749014165	-0.0710362394549593	0.000268847590141786	AFR	0.0380337	-0.437487117049481	0.191394977584266
0.0354157681981306	-0.00101931717191837	-4.6970327416357e-05	-0.000130521294771174	-0.0378007163437692	0.00290296665084407	-0.00285514748873913	0.00432486398211839	-0.0717579896617652	0.0126378512859867	AFR	0.283926	-0.193335183773939	0.0373784932849029
0.0356852057334357	-0.000489634773671399	5.24826164231524e-06	0.000625386311702471	-0.035641311365337	0.0101831461128299	-0.00567297886508658	0.00301654468908545	-0.0678518199995456	0.00729735894638801	AFR	0.50249	0.0272819278110257	0.000744303585086016
0.0355212506447511	-0.000861433604376206	-0.000321666981971781	-0.000278689380753849	-0.0365665134349319	0.00521416472857333	-0.00477257907119972	0.000165412114881784	-0.0726322945712027	-0.000347814105147539	AFR	0.933653	0.456819257549959	0.208683834068496
0.0357186570210685	-0.000868062893959887	-0.000489158484960254	-0.00035124032442998	-0.036159974080844	0.0134837859068037	-0.0101484551702818	0.00557242494919598	-0.0825706227192822	-0.000657761151604204	AFR	0.145332	-0.332162977155011	0.110332243392481
0.0354778030047321	-0.000778831427136854	-0.000775070426152642	0.000564384155332911	-0.0293359065309111	0.00418150365107884	-0.00554960368012818	-0.00219119655077596	-0.0821547359873655	0.00265242612437522	AFR	-0.214511	-0.690056027544709	0.476177321150785
0.0354011267494974	-0.000778576983868553	-0.000308431878898897	-4.24818255035164e-05	-0.0289194574402539	0.00228257968388415	-0.0036842160460899	0.00102271053098928	-0.0548231774777933	-0.00849982013721103	AFR	0.189331	-0.286563583010575	0.0821186871078589
0.0353849735920067	-0.000736185454139222	-0.000130985211593028	0.000188649258152054	-0.0393405418301271	0.0095148222049354	-0.00645811332606526	0.00163206335666011	-0.0802786523446697	0.00529217376720892	AFR	0.39052	-0.0850571904784571	0.00723472565208854
0.0360381207194582	-0.000802257889171575	-0.000604724822013545	0.000161718045515463	-0.0343486259578742	0.00364894199624923	-0.00746931206399477	0.00219860569530898	-0.105326198834669	0.0164430947655358	AFR	0.683449	0.205573082119477	0.042260292092101
-0.0111547154215321	-0.001522720721786	0.0280835208978902	0.0200146066220692	-0.000698774835121806	-0.000904733864163203	-0.00168491583421114	0.00246065544635783	0.00176389690709614	-0.000164815412223509	SAS	0.742778	0.419086020187659	0.175633092316731
-0.0112909131449881	-0.000959354584524067	0.0295596939431517	0.0219497218138968	-0.000955528999220632	0.000845411664201558	0.000347538207529885	0.00142810993374313	0.000332537315519454	-0.00359483052156628	SAS	0.301549	-0.01849340699022	0.000342006102105916
-0.0110879398572156	-0.00133271430478099	0.0284932105148253	0.0206772705668361	-0.00129891457988915	-0.00118023527036415	0.000281152901144972	0.00425553333864004	-0.000319380503323893	0.00277740113652674	SAS	1.09443	0.771638472405756	0.595425932096689
-0.0111243561035728	-0.00124408581459439	0.0273569665706277	0.0192736501494633	-0.000425372715921544	-0.00064818273681648	-0.000851228749446049	0.00260728419116351	0.000464221463959063	1.37476335965673e-05	SAS	0.452981	0.130376355380187	0.0169979940422209
-0.0113985735142603	-0.00132374266733618	0.0274053328380959	0.0199599238136145	-0.0010152389356688	-0.00134405942609574	-0.000641472444099614	0.00274860269307445	-0.00213022562644779	0.000275901639610377	SAS	0.490298	0.168652739511842	0.0284437465448493
-0.0113503658123548	-0.00100275200978262	0.0267237777725335	0.0179612316440198	0.000521522748741748	-0.00148339281951134	-0.00206568703866778	0.00423609571180689	7.78541689142205e-05	0.000307084051028513	SAS	-0.0571121	-0.378352567265865	0.143150665156671
-0.0108073314664813	-0.000291427255728726	0.0337342354466327	0.0275292287766615	-0.000193965718534875	-0.00120894905158159	-0.00426490346677723	0.00234664762047218	0.000339242910118278	0.000311525318863485	SAS	0.944627	0.627684491992807	0.393987821488268
-0.0112525994979161	-0.00190284298802661	0.0288618167828463	0.0207736058979653	-0.000169235767731821	-0.00189610656153558	-0.00319536562082766	0.00221422058727125	-0.000545124583899353	0.00219796527160003	SAS	0.407734	0.0826891446436679	0.00683749464190144
-0.011185959865022	-0.000867998285506353	0.0285968278872836	0.0216430819124382	-0.000267087466522797	-0.00226492661107638	-0.00416790253277501	0.00552136130842522	0.00121747271360942	-0.00199495703164956	SAS	0.206393	-0.113308253721222	0.0128387603613528
-0.0111887138216224	-0.00188342409982301	0.0276113099521919	0.0192401891515839	-0.00133697088400565	-0.00285484300883703	-0.00335798405073578	0.00173437992018963	0.000880767769433397	-0.00181891262278714	SAS	-0.0156884	-0.341238661401032	0.116443824034768
-0.0114569526165337	-0.00135477923637433	0.0271460177779143	0.0194038431758703	-7.6751283669706e-05	-0.00054942827967635	-0.000135784973652287	0.000950595294974139	-0.000172686196055846	0.000766775810663579	SAS	0.163556	-0.158270674096603	0.0250496062789932
-0.0113587735888015	-0.000647478826919597	0.0272671161495066	0.0183593110065803	0.00109722397122727	0.000893170328379312	9.99372487112827e-05	0.00174242461502621	0.00019669360301838	-0.00139287672042645	SAS	0.60521	0.285671107410189	0.0816079816089635
-0.011179805086929	-0.00118720642206104	0.0277468387074733	0.0201730696574899	-0.000293710167308928	-0.0023935685833049	-0.000437364436030181	0.000145422832523483	-0.00249325663884877	-0.000313685264243464	SAS	1.04915	0.727387973010839	0.529093263280818
-0.012200466095676	0.0118065173587432	0.0203550753098843	0.0140008727116588	7.66828151739461e-05	-0.00192353294913841	-0.00498277061294691	-0.000866372648927801	8.01211444240876e-05	-0.00103935442014986	SAS	-0.887954	-1.1453342624737	1.31179057279617
-0.0120114377265382	0.0116497430102111	0.0234752435962204	0.0160081808385473	-0.00206644549994138	-0.00135006898937832	1.67379007536674e-05	-0.000937442811146868	7.86167172820256e-05	0.00116102398388786	SAS	0.197988	-0.0609722356111401	0.00371761351542038
-0.0117983576226837	0.011271691052258	0.0221334854716546	0.0150053860933974	-0.00169185411750396	-0.000803196737928272	0.000424010194371405	-0.00134391388832319	-0.00129292941986362	-0.00160941858041588	SAS	-0.722773	-0.984235852295542	0.968720212943931
-0.0115605381763813	0.00927478208245391	0.0239977919579828	0.0174066712645988	-0.000152182398371712	-0.0017142369568336	-0.00028464512055382	-0.00101418991645831	0.000659036602386364	-0.000608358346496528	SAS	-0.427556	-0.698605992692733	0.488050333026199
-0.0116308621333233	0.00793138608284861	0.0253904057969773	0.0176778084639488	-0.000580358353508798	-0.000454636865691011	-0.00136959356926066	0.000291174156181848	9.81414397624795e-06	1.79019014529269e-05	SAS	0.253019	-0.0246288997276201	0.000606582701793163
-0.0118241382416679	0.00981444629048471	0.0229425505310359	0.0150171963121193	0.000751239197010317	-0.00200208729693608	0.000301295763891497	-0.00399797506611033	0.000152604975517871	-0.000434690483023793	SAS	-0.343916	-0.612551980015349	0.375219928220724
-0.0116672081075533	0.00725174398599016	0.0248647305756945	0.0173331901117092	-0.000576058601993846	-0.000959003760417458	-0.00308885480573443	-0.00437602565948313	-0.00131826472262146	0.00240429906418215	SAS	0.392554	0.111848540135261	0.0125100959303891
-0.0111581738065071	0.00262572624257457	0.0310328767398834	0.0235919803306518	-4.20032522184922e-05	-0.000618540574686929	0.00260839313148538	-0.00037253545111493	-0.000233119871287481	0.00101632083269523	SAS	0.357553	0.0543432116891387	0.00295318465669054
-0.0107044082920978	0.000243097163489947	0.0343888277551704	0.0264515308195039	-0.000451170438595828	0.000849646190102016	0.00445335237371253	-0.00128812771032892	0.000102781386375029	-0.00154149782230708	SAS	0.699639	0.383877584897457	0.147362000186704
-0.0108005412332364	0.00228174463072174	0.0331709806250139	0.0254101935632307	0.000366882752406691	0.00148045286882279	0.00414826030588781	-0.0032222228515795	0.000762989420004093	0.000290140524703369	SAS	-0.123016	-0.428910162930803	0.183963927865328
-0.0107951258807483	0.00187304482920305	0.0337090393725454	0.0265129713864755	0.000408390004276138	-0.000305662563594934	-0.000730041322053138	-0.00132477470427201	0.000703657499985428	-0.00111864020310548	SAS	0.351411	0.044015074799188	0.00193732680957812
-0.0108496468431311	0.00130995451578594	0.0341584744385362	0.0262896755767336	-0.00139573684130386	-0.000965283652672269	0.000516196920746058	0.000371600861145155	0.00190609766407376	-0.000744967339076506	SAS	-0.353471	-0.663699132307638	0.440496538225912
-0.0110515373779138	0.00170976470045696	0.0337509331545041	0.0254867867876193	-0.00142855474759273	0.00128146432821144	0.000521627386671165	0.00144288789212685	0.000954918598413453	0.000685566487860526	SAS	-0.10051	-0.408489163297212	0.166863396531256
-0.0113605372130535	0.00596569704953929	0.0266289851969814	0.0198019447614632	-6.29117674035216e-05	0.00103498678366368	0.000103845044450512	-0.000909970205926364	-0.0011606107673018	-0.000455724150031121	SAS	0.380694	0.0936180573256362	0.0087643406574261
-0.0111465333999555	0.00478596235364929	0.0292159655816268	0.0217255670330254	-8.8856815272946e-05	0.000638078346915833	-0.000459756951724635	-0.00279830012569929	-0.00176502325512094	-0.00163958767896986	SAS	0.834684	0.541312743299564	0.2930194860585
-0.0111883860430378	0.00565950817013767	0.027887220417573	0.0222644466372232	0.000108412862254332	-0.00116503585699917	-0.00294796506084306	0.000578654897496813	0.000186376152044177	0.00193065376905776	SAS	0.334442	0.0463120892285237	0.00214480960871074
-0.0113490646323489	0.00277930884613416	0.0307166962443701	0.0225694317879453	0.000571407441620717	-0.000436903418109547	-0.00194744518927902	0.00219205092627351	0.000948847026809257	0.00192188844252437	SAS	1.0658	0.7634559043046	0.582864917817555
-0.0112617644298774	0.00164994374067235	0.0331003251500594	0.0248937891998882	-0.000428206622989448	-0.000853070703695519	-0.00246989877115874	0.000193938035416282	0.00177915464206136	0.00328313188327956	SAS	0.261981	-0.045642821623549	0.00208326716575911
-0.0112299212127342	0.00120865834806201	0.0324362664302252	0.02424905295097	-0.00145224689977314	-0.000232437474775257	-0.00166227031828708	0.000388556209649013	-0.000640777546566507	0.00406683701643308	SAS	0.258355	-0.0515551371716716	0.00265793216878987
-0.0113254550331736	0.00563517129642325	0.0265986356777234	0.0205665850600603	-0.00145640757429001	-0.0014511758720622	-0.00325060639743347	-0.00145394860080411	-0.00165940889505808	-0.00307997411309975	SAS	0.890339	0.602085602603901	0.362507072862902
-0.0110813621312297	0.00298870500226847	0.0337237830439247	0.0267850644997459	-0.00146045417696405	0.00198501062959456	0.00273886943411657	-0.000532675735904846	0.00010897797323109	-0.000691067574422608	SAS	0.960481	0.659482577083956	0.434917269477296
-0.0108131709636711	0.00210712257480835	0.0330016346947744	0.026287365651345	-0.000491514136350065	0.000323515792367409	0.00491849463052745	-0.000149016499202564	0.000426849318048905	-0.000225039208472638	SAS	0.181038	-0.124999193554931	0.0156247983893831
-0.0109875179972643	0.00212954409234987	0.0328107323417204	0.0256544092825824	-0.000499290670309189	-0.000315661928079009	0.00196033637076068	-0.00119132962137037	-0.00159742479378666	0.000237297455196473	SAS	0.98442	0.67876206120302	0.460717935728572
-0.0111046041003515	0.00175643283652812	0.0338523037533171	0.0262747865662352	-0.00117898246047563	-0.0013039600415285	0.00113022120485592	0.00117183791874918	-0.00182450320016166	0.00191327560877752	SAS	0.0690038	-0.238122827167114	0.0567024808180592
-0.0109129096116472	0.00216549806404254	0.032180549318932	0.0260956238804051	-0.00146054227250054	6.64316648658393e-05	0.00381443466940303	-0.00267253737676475	0.00110514819063983	-3.44446303103881e-05	SAS	0.0129219	-0.292236309536152	0.0854020606113099
-0.0106233405176348	-0.00127788024612027	0.035492632699643	0.0287004645634191	-2.0520580537371e-05	-0.000661003520898745	0.00273984090751332	-0.00233161025649709	0.00196612008073306	-0.000137579815544177	SAS	1.19468	0.872370457187912	0.761030214574246
-0.0105494211535493	0.00145315189769462	0.0335089625867983	0.0260442500152284	0.000661265722263664	0.00127279528390931	0.00114351817174745	2.15353730505025e-05	-0.00303258766616334	-0.00216549234956195	SAS	0.243739	-0.0666692242620489	0.00444478546370338
-0.0109233871284854	-0.000352945296772621	0.0351645268365115	0.0269445935058392	-0.000597942033068098	0.000344914723862794	0.00135750553195345	-0.00216072283922499	0.000837097737186407	-0.000165693821683435	SAS	0.217332	-0.100563382984635	0.0101129939973143
-0.0107062111899001	0.00167746670592437	0.0335239226016701	0.0270725922543407	0.000210951412247591	0.0011975925488928	0.00190516226290036	0.000186218544268836	-0.00271963363072414	-0.0011640848822752	SAS	0.322777	0.0146030633535613	0.000213249459308124
-0.0108893550924642	0.00173287857095708	0.0345448904269447	0.0261080981660282	-0.000242326869754278	0.000772901771703321	0.000452938667131168	-0.00418342095465404	-0.00259744881914752	-0.00185584650266179	SAS	-0.563344	-0.871740537762003	0.759931565177586
-0.0108828594834955	0.00185520472304153	0.0320956400437807	0.0257273804486109	-0.000128044970966106	0.000390672381797456	0.0030129717643098	-0.00246849338038559	0.000576780274481669	0.00103719662172743	SAS	0.185455	-0.121463956444001	0.0147534927150302
-0.0107530017874294	0.000971926169146002	0.0328514615210184	0.0252336642118149	-0.000735322180748388	0.00227089217162748	0.0033780981413294	-0.00437242322426259	-1.80836186241531e-05	0.000980966263867421	SAS	0.973528	0.661327111327853	0.437353548177242
-0.0108988549537564	0.00108796008739766	0.0329231184010274	0.0261678727083108	0.000190534094953328	-0.000445755445057909	0.00109066701614094	-0.000792189055732619	-8.09489649710652e-05	-0.0015094744956445	SAS	-0.624438	-0.935039688544725	0.874299219153816
-0.0109921562910995	0.000454329290444003	0.0337423414323891	0.0260465034601773	0.000293297595312573	0.00073273402685017	0.00138196704446694	-0.00296256004053864	0.00037141714487685	-0.00215472619569606	SAS	0.898909	0.585161406309689	0.342413871434333
-0.0112680475702885	0.0032318302128386	0.0251559734898354	0.0165028377496794	0.000261615671317714	0.000595319606492037	0.00277335342197029	0.00251049889703694	-0.00139206726016029	2.62925201706367e-05	SAS	0.247404	-0.05429656215829	0.00294811666220905
-0.0108346566636176	0.0011863508426554	0.0337714216934577	0.0264025398859033	0.000674517761216649	0.00148357882192927	0.00236901344177011	-0.000882056667179489	-0.00180769777590452	-4.79647854014727e-05	SAS	-0.411135	-0.721741420447552	0.520910677989649
-0.0107453689283038	0.00171520909468869	0.032087242212412	0.0247285957994549	-0.00194142461094757	6.18752552742017e-05	0.0020413324067879	-0.00118818191464892	0.00175425768834319	0.00127343487651835	SAS	0.823406	0.51473156356395	0.264948582528989
-0.0110022327831222	0.00211573119795422	0.0323795868921436	0.0247339736600139	0.000466649610287936	0.00089535775686687	0.00222268782361812	0.00079448802492004	0.000354332950676235	0.00103006771942835	SAS	0.579321	0.273265842856565	0.0746742208721091
-0.0108225998463529	0.0017565264290252	0.0321567563976217	0.0256083788929315	-7.46534984820652e-05	-0.000191787965839651	-0.000715040262345643	-0.00425203145158832	-0.000504936288022563	-0.00197371766295994	SAS	0.561511	0.253818634865969	0.0644238994052243
-0.0112506494678755	0.00375508819804534	0.0292716405437854	0.0231574860386264	-0.000470923705044064	-0.000578967265194304	-0.00161628617953783	-0.0014086323459459	0.000740815730651844	-0.000535740486350278	SAS	0.670871	0.373866397427441	0.139776083125373
-0.0115094782003438	0.00410778532319015	0.0285560861984522	0.0225590499041606	0.00126964109190692	-0.00129901984172636	-0.00518237589601994	-0.000718455688969012	0.000759995714143681	0.000159697050282357	SAS	0.444196	0.149685818708086	0.02240584432231
-0.0110548192659311	0.00276375418919136	0.0312698514950646	0.022087075540412	-3.7368647571613e-05	0.000283901319970984	0.000463893360727992	0.00123822783669805	-0.000437922803719742	-0.00295498112783983	SAS	-0.175622	-0.479598482969273	0.230014704866428
-0.0110178483614712	0.00368897102940797	0.0307113877478932	0.023685944676837	-7.99722159661076e-06	-0.00172314715537509	-0.00350892725158007	-0.00268441530428991	-0.00129655892492022	-0.00131717800107914	SAS	0.203555	-0.0948918241767425	0.00900445829558981
-0.0116132256768153	0.00582968859369493	0.0261231236393834	0.0194868134750015	-0.00159762847538771	0.00020478028489084	-1.30443690362547e-05	-0.000806734800373941	-0.000218183408287334	0.000410857874338047	SAS	-0.309355	-0.596184553515063	0.355436021849956
-0.0113756980694009	0.00344320558814717	0.0293480356757091	0.0213584085245472	-0.000899397083444654	-0.00287395543413658	-0.0034349525422544	0.0012989635828098	-0.00158101807488245	0.000789942170915626	SAS	0.663315	0.364075129748127	0.132550700101116
-0.0108688608312443	0.00206478261486634	0.0333496645901432	0.0259128051984365	0.000932685250087415	0.000160050958679271	0.000112779057439869	-0.00192945152885957	0.000990107751200719	-0.00032173657722586	SAS	0.353688	0.0472339211236449	0.00223104330471471
-0.0113060319112901	0.00557383810641296	0.0288201149101413	0.0210913145091895	-0.00112405976232375	-0.00115345302059432	-0.00157865618277618	-0.00393465109351275	0.00196043977387041	0.000674325851053778	SAS	-0.363589	-0.652918988107013	0.426303205030686
-0.0112534085132849	0.00609460470252938	0.0289087762387232	0.0216199143063845	0.000577288295423568	-0.000740433035817963	-0.000294037900477227	0.00154285903050439	3.33138083077153e-05	0.00222315812132344	SAS	0.988385	0.701632418358598	0.492288050491735
-0.0115888418381487	0.00613547540149537	0.0281196969562619	0.0223502627880405	-0.00135876391184663	-0.00250544690649032	-0.0037324406525677	-0.00258146828581525	-0.000111354838406722	-0.00346760808973724	SAS	0.423383	0.138790895372888	0.0192629126384079
-0.011059904803573	0.00113428823821264	0.0356126281166881	0.0290798051837544	-0.000763326816591636	-0.000562610318700568	0.00221506267335272	0.00133364878842515	-0.000306559602192221	-0.000288433747671011	SAS	0.586147	0.276881917363769	0.0766635961630372
-0.0108343888038711	0.00113787006795225	0.036089623049205	0.0297118313780838	-0.000821561958116551	-0.000955545598854746	0.00269333549377373	-0.00190269706808432	0.00154155683043591	0.000884227262199814	SAS	0.77332	0.463489964170556	0.214822946886823
-0.0109452529302591	0.00118354879844075	0.0330945952305169	0.0260306060588477	-0.000529832964164549	-0.00062378219804723	-7.46641166277325e-05	0.0003529130925074	6.10682322273598e-06	0.003808588243565	SAS	0.552018	0.241854740187631	0.0584937153512265
-0.010740239790405	0.000833324660522232	0.0344839438923162	0.0272709474152064	0.000785185634753329	-0.000786024491025929	0.00142660340469	-0.000833582638448019	0.000562226482712591	0.000430963521753409	SAS	0.312848	0.000471479542860143	2.22292959335609e-07
-0.0110478045984371	0.00375473121575172	0.0327683198951651	0.0257072622694474	0.000886573469420233	-0.000347089489315703	0.00369114639819545	-0.00172456516691032	0.00145928402621471	0.00162900668711621	SAS	0.624825	0.327099384109058	0.106994007084525
-0.0110520164553423	0.00284269359001594	0.0343241391430862	0.0274407137474135	-8.21499212150765e-05	0.000202084596390946	0.00380346590252423	-0.00146793408778421	-0.000409693428514216	-2.6761795554722e-08	SAS	0.317717	0.0160626576807748	0.000258008971769752
-0.0104396645957392	-0.00165746416215563	0.0355978504257061	0.0288085000374515	-0.0010422033544037	0.000989994338655754	-0.000290185205187591	-0.00119595824660644	0.00137601021154984	0.000324254204420874	SAS	0.724814	0.400113273617992	0.160090631725306
-0.0111178809688524	0.00343870928557621	0.0331216368216815	0.0256678149721463	-0.000209772489416721	0.000239326758411144	3.33221330151922e-05	-0.000506193537527449	-0.00116765813978978	-0.00140742070339336	SAS	0.133131	-0.166044819474071	0.027570882074177
-0.0108336122911719	0.0012719951405186	0.0345166760901671	0.0273435711402627	0.000697682134843708	0.00021412591783146	0.00411763795988289	-0.00212064915171318	0.00114805734893157	-0.00180147840643689	SAS	0.409753	0.0997928170984403	0.00995860634444276
-0.0107503539184568	0.00127992007414758	0.0333027170755975	0.0255986762737654	0.00091013399488319	0.00102619129113324	0.0021311847613138	-0.0018714622119697	9.10398383751619e-05	0.00315085484381244	SAS	0.440536	0.129798936180188	0.0168477638335084
-0.010875145058195	0.00199459693826995	0.0329439158477156	0.0253442719306731	5.94725535645276e-05	0.000122781625731533	0.00165093167735209	-0.000520753561853258	0.00203420289878853	-0.00258616757704205	SAS	0.365192	0.0582582251924313	0.00339402080257204
-0.010863638596151	0.000262100593925874	0.0342208262197537	0.026599503389888	0.000124269164673647	-0.000657757181099451	0.00106168697528942	5.78216470652494e-05	0.000918594077832263	0.00417238083146888	SAS	0.263928	-0.051034500219417	0.00260452021264568
-0.0108971502713793	0.000313959405186297	0.0337392070937256	0.0254909170588848	-0.00144600071528566	0.000262176566326276	-0.000615360148782918	0.00178789848512865	-0.000939420730328362	0.000254438327326369	SAS	0.584347	0.26926474756829	0.0725035042830147
-0.0109836856026926	0.000968599634340243	0.0332049836597513	0.0254577014295835	0.000826346267234503	-0.000787691781537639	-0.00047162585367436	0.000875022736148467	-4.05068331544151e-05	-0.00247599465149757	SAS	1.0823	0.770833220042464	0.594183853121034
-0.0104776837497912	-0.00257645132044164	0.0354457504639431	0.0272501472017716	-0.00055289608815549	0.000768043721648694	0.00411604991800263	0.000334828365240655	0.00157556567860545	-0.00115711216334917	SAS	0.816544	0.486710117478165	0.236886738455609
-0.0110000295088285	0.00112140955453899	0.0327964545622582	0.0256191454120556	0.000308627695673309	-0.000469953921884332	0.00178860130589399	-0.00502812125009081	0.000840629678634964	0.00206158165483877	SAS	-0.054409	-0.364802095954236	0.133080569212603
-0.0110785984546729	0.00157522531404991	0.0322290161893316	0.0268153401899166	-0.00100282822172228	0.000830492638425874	0.00378974048996693	-0.00216488086755433	0.00122671562699381	0.000551084289589984	SAS	0.170883	-0.136070932720451	0.0185152987314136
-0.0114947401377443	0.00629948959084603	0.0277233432197099	0.0202762303142865	5.76193819360889e-05	-0.00173380214323933	-0.00194898764161413	-0.00231072930513787	0.000269413325738732	-0.00185624355024913	SAS	0.364277	0.0790105043180338	0.00624265979259003
-0.0108247334946525	0.00241755012787649	0.0335290071180336	0.0258947634982346	2.36780022861804e-05	0.00168716675588276	0.00387878397535487	0.00169957728726467	0.000161426714762757	0.000176929427900958	SAS	-0.0135233	-0.31855623666544	0.101478075918448
-0.0109362643600108	0.00222558961639906	0.0322154514732776	0.0258695406795376	8.50850954310168e-05	-0.000432460999745529	0.00147635523994066	-0.00360882354608535	0.00103646289524275	-0.000663895153659105	SAS	-0.0120785	-0.317035029415216	0.100511209876307
-0.0106738201806248	0.00157479147344808	0.0330224389049829	0.0249590701180695	9.20511403067023e-05	-0.000251257328787323	0.00470240787199274	0.000810032893699506	0.00114980960695347	-0.00228901637827898	SAS	0.0528109	-0.257064856215673	0.0660823403011847
-0.0109976631354017	0.00275455206484567	0.0330539773990619	0.026758927888262	-0.000725535745322567	0.00188236109194153	0.00294747181307322	0.0029370684602141	0.000729922544659795	-0.00226363962225897	SAS	0.376517	0.0744331299419009	0.0055402908329479
-0.0109587241780849	0.00165813787871633	0.0338856803436455	0.0254333756438082	-0.000510406387837848	0.00114167155250764	0.00471917608426676	-0.000986758355099857	-0.00135688398579859	0.000673450192055261	SAS	-0.403057	-0.711689943115981	0.506502575132428
-0.0109050878624496	0.00247908433454547	0.0323248073677466	0.0252697452900593	0.000215454060401045	0.00157095272563674	0.00403519615090773	-0.000992929759502578	-0.000526100043002791	-0.000424553865363287	SAS	-0.564359	-0.868657080558318	0.754565123604099
-0.0105988599469375	-0.00152658412600579	0.0355633423964495	0.028120801170191	7.01424355706584e-06	0.00179244376434341	0.00050691654402104	0.000230599642594933	4.11419638884671e-05	-0.000661460539176212	SAS	0.192941	-0.131028334269532	0.0171684243814482
-0.010929987045934	0.00136130273865606	0.0334697415220065	0.0250797986656878	-0.00135970708647166	0.000270578585700093	0.0035733776688294	-0.00274054803548221	0.000241889353295751	-0.000644392462205127	SAS	-0.353488	-0.663647025030598	0.440427373831963
-0.0105315053835304	0.00226935992316464	0.0311394976006801	0.0232486110604992	0.000107124061229572	0.00153664589405138	0.00245086247955167	-0.00185941400519356	0.000340667583503953	-0.0013472457711847	SAS	-0.77273	-1.07999807191363	1.16639583533715
-0.0117321480268424	0.00777998005688719	0.0254188565350273	0.0178068201068346	-0.00109226090326117	-5.37342894895869e-05	-0.000539021597424181	0.00179504800882558	0.00181526721697854	0.000459396507333396	SAS	-0.26283	-0.54078400550091	0.292447340605608
-0.0119488827450459	0.0124085847239553	0.0211223596577294	0.0129139985425514	-0.000390636471346045	0.00193804741009274	0.00514303204677454	-0.00122802220011292	-0.00182972108434404	0.000165699351891594	SAS	0.508	0.251560908936433	0.0632828909049246
-0.0107127860164407	-0.000814343970191785	0.032355425098397	0.0237342831322488	9.87123775380277e-05	-8.00052882263962e-05	0.00193260923840776	-0.00052761975580602	0.000363253386877883	0.000905356407526279	SAS	-0.0740345	-0.395526643230128	0.156441325504893
-0.0108718121993346	5.62731787221037e-05	0.0323053410021666	0.0248706648899673	-0.00149674880639628	-0.00016571882309827	0.00164608092513019	0.00129345282066336	0.000706361920611961	-0.00165167031508492	SAS	0.154764	-0.161334048881826	0.0260286753286035
-0.0109920796785359	0.000777240007210233	0.0380664475134551	0.0308848040701789	-0.000883889883376259	0.000501567126181811	0.00204363463115476	0.00135145122727138	8.8642872763921e-05	-0.00234418378392739	SAS	0.525678	0.214482144564868	0.046002590337145
-0.0110473086177053	0.000906270348769895	0.0368594309958969	0.0296558168716708	-0.000689758578521792	0.000397680992504336	0.000603372508749585	0.000413608670995319	0.00145598087950034	-0.00431624305663356	SAS	0.112478	-0.198132048370821	0.0392563085916173
-0.0109765955256068	0.0028387439423723	0.0328414591368875	0.0259832332468494	-0.00149953220753582	-0.000383038724455675	0.00216562717247345	-0.00286536424355048	-0.000343271042810582	0.000746897126734296	SAS	0.677703	0.375552850833594	0.14103994376924
-0.0107684681088087	0.00246223041221478	0.0328031319734307	0.0249050086325755	0.00109999748532929	0.0022163641691793	0.00576207670782185	-0.000334327449642987	0.00100974879602423	-0.00202427402934742	SAS	0.0167675	-0.288528958891943	0.0832489601192686
-0.0109771891227998	0.00364859771845789	0.0331710686891898	0.026071765761941	-0.00146137302332753	-0.000665013478570465	0.00437553092062641	-0.000792996615570329	-0.000255462046752711	0.00218939613857876	SAS	1.12809	0.829666593818125	0.68834665689777
-0.0108616904799054	0.0015765229035952	0.0332881847268161	0.0269926976418781	-0.000966725454952738	0.000305874574164193	0.000388052901463673	-0.00268350132703229	-0.00172818892866279	-0.000295827968044476	SAS	-0.209675	-0.517742112809306	0.268056895376244
-0.0108533492677314	0.00219463769944786	0.0322618468800755	0.0251927384067568	-0.000554781210910697	0.000892030043421496	-0.000748744453762874	-0.000866730312790502	0.00112329447836873	-0.000360714410077184	SAS	0.638254	0.33241946924886	0.110502703535693
-0.011115529544058	0.00291458431231233	0.033719480194695	0.0249350222098257	-0.000829097208124273	0.00291024440464462	0.00388309567307141	0.00192801162022293	-0.00158240120942645	0.00117932494975327	SAS	-0.0599182	-0.362328402447352	0.13128187122005
-0.0111195584077568	0.00196442378189372	0.031626052632266	0.0242988983651129	0.00133429919091249	-0.000695246749215144	-0.00122940803379209	0.000174695403826288	-0.000138306208123493	-3.40567893490911e-05	SAS	-0.02018	-0.326474553264188	0.106585633929051
-0.0109773087676496	0.00372769696988572	0.0329294398931185	0.0254317941753059	-0.000416402583654057	0.0019200053148322	0.00350346622554459	-0.00327638418295671	-0.00198190438250669	-0.000506270359023157	SAS	0.23745	-0.060892247488754	0.00370786580423167
-0.0109342212943933	0.00117235366073363	0.0369784127575633	0.0302952585260718	-0.000969449104516499	-0.00150104490115875	0.00327014709247184	0.00307534505568283	-0.000520036047630183	-0.000720709620453285	SAS	1.3126	1.00321749358783	1.00644533944065
-0.0110356324921622	0.000703960093878073	0.0369935240680375	0.0298146360827084	0.000117482823883633	-0.000101605012405253	0.00251857279381625	0.000971554078914485	6.36560687081332e-05	-0.000660111627622532	SAS	0.321307	0.00973962346287155	9.4860265198518e-05
-0.0108381322355093	0.000964178687797858	0.0370389652108029	0.0305761784327382	-0.00124307162265767	-0.000433130175277269	0.0037687904391834	-0.00226120796507535	0.00167573345974123	-0.00163783236933823	SAS	0.268116	-0.0424224370879247	0.00179966316847893
-0.0106957065535972	0.000719333708777855	0.0351151062146192	0.027608025469616	0.000717921704140059	-0.00122929099280387	0.000605404268440986	-0.00178320897734293	-0.0021112495097824	-0.00316243464626541	SAS	0.170751	-0.142398822680422	0.0202774247007703
-0.0111571798763679	0.00331848088720172	0.0304430991624872	0.0239420123609924	-0.000868821525089202	-3.43590294701195e-05	0.00102757457412489	-0.000910502223073999	-0.00144089220650909	-0.00208911783936256	SAS	0.696863	0.397425140172521	0.157946742041148
-0.0114687233228507	0.00530354353635028	0.0293937481383968	0.0228480494518295	-0.00200789297113747	-0.00101056545607646	-0.000522441609552402	-0.00167977602006333	0.00137895393838168	-0.00113078783162631	SAS	0.306406	0.0171925065031497	0.000295582279860846
-0.0108654128757416	0.00327536067780882	0.0339084010146228	0.0257420237782427	0.00018070560356352	0.00177361447610967	0.00387500515020816	-0.00194255152095902	-0.000607830142594965	-0.00272191096417144	SAS	-0.455498	-0.756620358134517	0.572474366343604
-0.0108575849637148	0.00336488483730849	0.0325897773662983	0.0256417170314251	0.00140724824555677	0.00263591755663332	0.00558132026140674	-0.00183449677255493	0.000287782077302175	-0.002881828942664	SAS	0.0700646	-0.230098358739272	0.0529452546945065
-0.0111714009799123	-9.15218829138322e-05	0.0299018600545754	0.0233504769781843	-0.00161874977573687	-0.00033392762936792	-0.000165479452504244	-0.000821682058733259	0.000700623094301495	-0.000167999348906383	SAS	-0.798433	-1.11404842736026	1.24110389850386
-0.0111751180678546	-0.00419341987623044	0.0265506839104941	0.0174153007884504	-0.000321081997527551	-0.00107026256570884	-0.00182216055909227	0.00484763539292293	0.000782284966230993	-0.00069357127591439	SAS	1.28768	0.950515323451677	0.903479380116447
-0.0111236332222139	-0.00451142113398094	0.0282017553788442	0.0205663400190681	-0.00104485928423384	0.00110744938598638	-0.000733722040307203	0.00548246922948855	-0.00153421142539993	-0.000312837689010656	SAS	0.48155	0.143932926461971	0.0207166873199072
-0.0113849199235954	-0.000840023796101228	0.0288803320290349	0.0214164694514927	0.000965049604733013	-0.00145463594368204	-0.00140784832134377	0.00393324594535147	0.00055432065731031	0.00372865745105047	SAS	0.314875	-0.00430470568867702	1.85304910661283e-05
-0.0113929087070949	-0.000389923472235637	0.0270922578443865	0.020210232541186	-0.000330246156486731	-0.00190748364055327	0.000349858625503587	-0.0014971971569668	-0.000203579352363562	0.00023748522661778	SAS	1.04483	0.727884494339947	0.529815837100521
-0.0112703088801166	-0.00079949092805769	0.0273745384105035	0.0201201122368223	-0.0011182794971167	-0.00133431864224449	-0.00260325847111299	0.00135547685784878	-0.00316323662386187	-0.00113671473362722	SAS	0.93889	0.619406526118295	0.383664444597934
-0.0111808952930585	-0.00173750755270176	0.026530246627152	0.0186152252458677	5.37377165155887e-05	-0.000357797029557298	-0.00167634223441608	0.00234781084506016	-0.000227873376313949	-0.000183940988155954	SAS	-0.663547	-0.988318629537244	0.976773713490376
-0.0112169867619706	-0.00110515903312235	0.027871838127288	0.0214604884642559	3.28146867108859e-05	-0.000598372007521429	-0.00242387255852749	0.00184376508563452	0.000977158883528103	0.000987154084186451	SAS	0.0577022	-0.262786648214122	0.0690568224796128
-0.0115147796066944	-0.001808171325787	0.0278411420033587	0.0189168547572126	-0.00021656275056697	-0.00140613785682981	0.000143953376759206	0.00500928658013675	-0.0014334407120387	0.0016778745510629	SAS	0.110167	-0.214247421268147	0.0459019575200509
-0.0114299163799962	-0.00291768852143637	0.0278209168258422	0.0193345596545852	-0.000361754305467903	-0.00014408176396405	-0.00423382330888767	0.00796809722260897	-0.000781107379868714	0.00144287135807365	SAS	-0.0868093	-0.416473527372445	0.173450199002046
-0.0113898689790587	-0.00206207629773406	0.0272428009489246	0.0192458962945162	-0.001301877043339	-0.00138739916728881	-0.00302908049656219	0.00137287595184896	0.00111696241126807	0.00181022884892256	SAS	0.908794	0.583254657330339	0.340185995297531
-0.0115825272594929	-0.000867573276313181	0.0274600567227042	0.0191727776061513	-0.00132974980103074	-0.000601454471840043	-0.00177879003387731	0.00135064487673772	-0.000599608021219384	-0.000290914642519708	SAS	0.567137	0.247736932056284	0.0613735875046599
-0.0110142100108045	-0.000223391610764609	0.0284811685202096	0.020987460153962	-0.00106057317120363	-0.00182665675197004	-0.00113454830777189	0.00179117729027821	0.0012346140452603	0.00101857932838971	SAS	0.528407	0.210810496937459	0.0444410656190184
-0.011426817598835	-0.00133861063167197	0.0283686250550708	0.0210460204107187	0.000681793961916682	-0.00047294252011767	-0.00370812981481976	0.00389535323251964	-0.000584952692058259	-0.00101522217842607	SAS	-0.254717	-0.576103563769089	0.331895316187445
-0.0114004540469384	-0.00227317064290546	0.0275403728370221	0.0189106829525156	-0.000444053023818804	-0.00131147446343145	-0.00485839806949151	0.00294360274072641	0.000835821824118587	0.000977013326338422	SAS	1.14139	0.81453421811319	0.663465992477266
-0.0112588365016795	-0.00105280387559213	0.0278991048866004	0.0195634979861219	-0.000950731053980025	-0.00184121454283477	-0.000599797830005643	0.00294755062108508	-0.000581227840779331	-0.00142147968480243	SAS	0.878923	0.557600630525425	0.310918463162352
-0.0114665327431581	-0.00195285765160953	0.0278947451149917	0.0184986443122963	-0.00163560935297465	0.0011374052363974	-0.00215119483160117	0.00294632031468829	0.00111818825782683	-0.000505103492524263	SAS	0.181227	-0.144324802805222	0.0208296487047663
-0.0113075286516176	-0.00223558547929837	0.0270684972063075	0.0184966737135937	-0.000609195860270292	-0.000850934113813753	-0.00156877570873084	0.00110359374206153	-3.91431256378294e-05	0.00166956123021491	SAS	0.834488	0.507458043500394	0.257513665913248
-0.0109104931700478	-0.00136484172614569	0.0291668756363307	0.0209594269539195	-2.46326812469279e-07	-0.000361529711428283	-0.00155628306908418	0.00112838819819847	-0.000833048988496983	0.0023326587109374	SAS	-0.209208	-0.532887981419318	0.283969600741156
-0.0113064631501978	-0.00119430707482703	0.0266450281975332	0.0190142688460673	-0.00107655360099901	-0.00109650473427474	-0.000792374581381019	0.00491145794628655	0.000142663630090946	0.000297555689983611	SAS	0.699321	0.377736538506359	0.142684892522766
-0.0110040029122087	0.00217169272215052	0.0324516580282911	0.0260119647936812	-3.50832157467846e-06	0.00139465428591256	0.00385480038204912	0.000206039367798146	-0.00102599988620066	0.000220513858331095	SAS	0.0949282	-0.21007682105469	0.0441322707444444
-0.0108059266614192	0.00216180787202611	0.0332273755476995	0.0259302248273215	-0.000743552621587344	0.000934411797383877	0.00268830379846928	-0.000793641277600109	0.000791542624122887	-0.00209783863267209	SAS	0.350951	0.0448129354577809	0.00200819918434323
-0.010985840871938	0.000832103367778986	0.0325564435579016	0.0251685085404932	-0.000833443981976093	-0.000773236490897805	0.00084558877966504	0.000360752933471223	0.00289843260027266	0.000479790431695739	SAS	0.414745	0.102764814004813	0.0105606069974437
-0.0107009136810708	0.00106746396995043	0.032518761731851	0.0243336929662822	-0.00145904657261424	0.000365764788947281	0.00136356212465937	-0.001595965109585	-0.000694979850603092	0.00076914100070721	SAS	1.19827	0.885930141660659	0.784872215902876
-0.0107727575906247	0.00109794335133128	0.0337698146533097	0.0258188490919001	-0.00153241127099328	0.00120069702759234	0.00304287987713931	0.00202404605818675	0.00280289911168105	0.000722556858055995	SAS	0.125863	-0.18574004038711	0.0344993626030052
-0.010930420928715	0.00130672641565982	0.0327688936529279	0.0268800992434552	-0.000617317881886982	0.000638370242681813	0.000831976104498156	-0.00161333366543421	-0.000157839355246326	-0.000340616635600513	SAS	0.417408	0.108472657743263	0.0117663174778871
-0.0107686336570797	0.00136545538327381	0.0339089040202943	0.0269524702280034	-0.000873171033901651	0.000609211404553895	0.000702357699808477	-0.00130943964048378	0.00147950722649034	-5.1251266861898e-05	SAS	1.10332	0.793622639914069	0.629836894584176
-0.0109700674119598	0.00165923570503797	0.0329470945682965	0.025409797883008	-0.00120067126698621	-0.000581263476101392	0.00197522202223504	0.00100650124576553	0.00103944073104257	0.000299034499667436	SAS	-0.230191	-0.53834953258971	0.289820219239559
-0.0109824268764203	0.00204115942286372	0.0324900398064683	0.0252333784868409	-0.000217734101889254	0.000944386845831863	0.00423644848592623	-0.00412574419036128	-0.00167411207829821	0.0014488402951076	SAS	0.527072	0.220863722668837	0.0487807839911371
-0.0110238165266435	0.00254311260825807	0.0318340218664368	0.0258289020627113	-0.000385232942916641	-0.000120287383675957	0.0015575231579903	-0.00458219240587664	0.000125974940396582	-0.00185385102609577	SAS	-0.239154	-0.542161233501286	0.293938803111636
-0.0108345683181018	-0.00302291536781374	0.0357098024115173	0.0281508538970499	-0.000576189131640129	0.000121135719903785	-0.0013767550755195	0.00164176962043124	-0.00149158574788266	0.0028752951453912	SAS	-0.109105	-0.439400107287618	0.19307245428437
-0.0111213687174392	0.00140604924655402	0.0324738112397072	0.024886311472197	-0.00114307158189945	-0.00306547204445384	0.000984301122270831	-0.000658757400243629	0.000403997904233135	-0.00112798055208314	SAS	0.0439356	-0.265018880542811	0.0702350070441649
-0.0102766783929641	5.94018608803471e-05	0.0330964596284849	0.0254502532029507	-0.00137811616504216	0.000510393969617409	0.00204535632385412	-0.00134314706308041	-0.000856346051621915	-0.00101060795367311	SAS	-0.00425814	-0.32234797466571	0.103908216771085
-0.0110227252401439	0.000811398357393774	0.0369445933116736	0.0307665869177166	-0.0017970396360913	0.000181116669573197	0.00189694715641176	0.00282342747070846	0.00167089888034456	0.000233642084259515	SAS	-0.786061	-1.09653461546462	1.20238816291215
-0.010970703782902	0.00358206992440646	0.0313247149863678	0.0246007752706792	0.000627983403500565	6.04057636795423e-05	0.00219897983945052	0.00213762646727907	7.82360047028148e-05	0.000971101636367556	SAS	0.210345	-0.0884738851910362	0.00782762836079666
-0.0109725114984598	0.00297035699164003	0.0331383523004968	0.0250273412107754	-0.00178371256800372	-0.000984475403412214	0.00225745303842914	-0.00147360948390143	1.1246745759932e-05	0.000709660418580074	SAS	-1.48996	-1.79225231322317	3.21216835425382
-0.0109177605804339	0.00310854436064725	0.0325447206382462	0.0256300956249471	-0.000773622780108782	0.000587363890562832	0.00101742491994376	-0.00327144978028898	0.000521753727015536	-0.00102193492375395	SAS	0.620287	0.319129532859426	0.101843658743075
-0.010880799992278	0.00234839388631331	0.0332793515498813	0.0264794195466107	-7.75636450407467e-05	-4.60610700414566e-05	0.00128443084184011	-0.00247761437523446	-0.00105450551375405	-0.000547617117052538	SAS	1.05915	0.754469941123755	0.569224892059283
-0.0106608020952932	-0.00128133347815599	0.0334481814237016	0.0267095417280582	0.000166782070221495	0.000637920876245917	0.000990739602379726	-0.000917475732839825	-0.00137026861030787	0.000191641382721456	SAS	0.106865	-0.215631503764661	0.0464969454158088
-0.0111713117476953	0.00374151828878132	0.0328012802645607	0.024929400816534	-0.00101370048446424	0.000689717697389117	0.00354397129525975	-0.00326557798859919	-0.00178202114550653	0.0016439938907705	SAS	0.122707	-0.175177214008979	0.0306870563079475
-0.0109233392064263	0.00292017300803812	0.0333778517888318	0.0255099602666121	-0.000490771026122235	0.00191558838502978	0.0061283357174947	-0.000619821723789641	0.00117546979498645	-0.000151909593848938	SAS	-0.204054	-0.506554955262673	0.256597922701169
-0.0109619720678061	0.00327097651869975	0.0334473419949587	0.0269599209093496	-0.000658078345649064	0.0019832679719719	0.00432370750155571	-0.000120168197553024	0.00149883658871371	-0.000772476112557528	SAS	0.350611	0.0507873923111329	0.00257935921776493
-0.0109282693697115	0.00249568101405959	0.0334195405664908	0.0262679636295005	-0.000277362489059563	0.000877356356650301	0.00385258078830207	-0.00277382149557097	-0.000278185684215213	-0.000373653447507123	SAS	0.0276639	-0.276362343140893	0.0763761447063248
-0.0108111813632106	0.00255331166053738	0.0328030752221232	0.0263933133863987	-0.00110353195694015	0.00065454728809627	0.00189963003282154	-0.00228194411102848	0.00130462843217146	-0.000918836522390647	SAS	0.188339	-0.115435610683448	0.0133253802138606
-0.0109281752174531	0.00192934919484762	0.0347572736666257	0.0278975992992102	0.000291204214546816	0.000631768202608949	0.00197078287055612	-0.00220172838694831	-0.00200994169230391	0.00079693193341837	SAS	1.07975	0.773450890628024	0.598226280213284
-0.0109694617498129	0.00158592179831949	0.0315411777786809	0.023775660715492	-0.00113976117429279	0.000780876754052373	0.00137564965583154	-0.00424723173101794	0.000697883224677138	-0.00166137487621571	SAS	0.341594	0.0327144131750073	0.00107023282938509
-0.0114871810022149	0.00645596487572213	0.0277681186279014	0.0201950525820106	-0.000562009488785834	-0.00113931890734607	-0.00206316861967554	0.000138462604871253	0.000556470531505634	-0.000437572544978462	SAS	-0.0942751	-0.3789009435717	0.143565925039525
-0.0109508453321899	0.00362113211961346	0.0324053794381373	0.0257323785220279	-0.000639363900368871	0.00054348336195675	0.00154606970408267	-0.00368357799157674	0.000846349234118129	-0.000169531225160168	SAS	0.411296	0.112802096562645	0.0127243129889283
-0.0110653734120305	0.00196225050431884	0.0339295748138094	0.0259471705045084	-0.00133819806094253	-0.000228900375618214	0.00190135909419264	-0.00436621132761564	0.0019501102137102	0.0017665801041291	SAS	0.249889	-0.0566427850700793	0.0032084051004952
-0.0108249323922184	0.00226382515828533	0.0331112200188228	0.0261052519304072	-0.000451960586996887	0.000733607352474012	0.00085424725401414	0.00077257101032373	0.000841341810780702	0.00238108651892908	SAS	0.566326	0.260900346454901	0.0680689907802874
-0.0107137861915229	0.00209532288188825	0.0344072268104812	0.0271679496093798	0.00020615117726308	0.000738281454064624	0.00310998320848431	-0.00207141966157484	-0.00144570003165445	0.00159866917724839	SAS	0.0800015	-0.226532514130056	0.0513169799580841
-0.0110282850375804	0.00143518560152476	0.0342212372483386	0.0266711675853962	-0.000930365599229117	-0.000148169060180556	0.000750941208317809	-0.00235274965265249	0.000314410741645453	1.36187046040594e-05	SAS	0.686754	0.377930794365227	0.142831685329532
-0.0115520624550358	0.00620502511112038	0.0279676539879241	0.0215387441294856	-0.000342785642092802	-0.00208785910470001	-0.00312648900815973	0.000614173108937453	0.00137304320295861	0.00139697794513781	SAS	-0.0639524	-0.348784300935014	0.121650488578726
-0.0105899933072364	0.00132005239218036	0.0335058892664228	0.0261197176820355	0.00104328759308763	-0.000155093980620395	0.00298896442085044	-0.000391179972714575	-0.0010809893204734	-0.00165869985655233	SAS	0.192553	-0.118298000453672	0.0139944169113369
-0.0107939548755729	0.00164690814643778	0.0339020164525323	0.0261636499575014	5.83733583711726e-05	-5.47048499709412e-05	0.000574846632266195	5.81137617270657e-05	-0.000556857466318077	-0.00216328334187104	SAS	-0.0235014	-0.332283584489617	0.110412380521269
-0.0108217961286237	0.00186745861883712	0.0328039301175894	0.0260547792582457	0.000246234127262625	0.000462931886445712	0.00396094919080504	-0.00431389497291213	-0.000584706935598173	0.000675851758285687	SAS	0.426384	0.119189637803496	0.0142061697597284
-0.0108232295276099	0.00112920366410711	0.0339106815060955	0.0259107376661931	0.00109935101490548	0.000104760357895318	0.00199952863168438	-0.000390474105052658	-4.88380875521796e-05	-0.000322574887671078	SAS	-0.203159	-0.514453220950018	0.264662116545848
-0.0109708290127973	0.00282840241309459	0.0323722587578146	0.0253454053534769	-0.00134508343887966	0.000312341969016352	0.00348331171234904	-0.00131658459817511	-0.000770212930140649	0.00114887874753622	SAS	-0.453179	-0.75558067132073	0.570902150873485
-0.0106022502755995	0.00167205223406857	0.033503286744108	0.0269644658306255	-0.000346718584359182	0.00123104580428455	0.0026564682947115	0.00058252801916739	-0.00163838364443815	-0.00254077396406001	SAS	1.26336	0.954752091935172	0.911551557054587
-0.0108332228276585	0.0014021124689512	0.0347532229984929	0.0268027338326082	0.000269946897605953	-0.00030802462371412	0.00349874366313297	-0.000306732633666476	-0.00155862545932517	-0.00274903244641103	SAS	-0.352627	-0.662430906107612	0.438814705366551
-0.010979538543193	0.00224603696738578	0.0330700856552007	0.0250001046557335	0.000605669485890706	0.00204166701632942	0.00389658519857956	-0.00376821132170693	0.000836455441417098	0.000597621168542956	SAS	-0.855493	-1.1611676390494	1.34831028597557
-0.0112748634958653	-0.000204386443546128	0.0276985210323246	0.0210419049686851	0.000327349202276083	-0.000428945133323445	-0.00262943304331737	0.0010426655034608	-0.00216878131640355	0.00165333977949076	SAS	1.02149	0.705265792345815	0.49739983785317
-0.0113646409487185	-0.00134692791280592	0.0278962768438194	0.0210245771646191	-0.000281528850870795	-0.000392386445698764	0.000585178188249557	0.00445805035283318	0.00137588927555152	0.000531270156599009	SAS	0.999716	0.678292086126007	0.460080154101171
-0.0112237794677839	-0.0012625489237967	0.0283860024386356	0.0208456175135166	-0.000640806951959029	-0.00241455192603521	-0.00226851591307777	0.00461202954237522	-0.00125998824492662	0.000715914263706352	SAS	-0.208103	-0.529948483477584	0.280845395140191
-0.0109468839879685	-0.000555588271977838	0.0288020159716733	0.0206744394912993	-0.000582004783809021	-3.01986324909986e-05	-0.00240712834772022	0.000350907535724753	0.00117711199390152	-0.00234930405111031	SAS	0.0685201	-0.251223540558989	0.063113267330994
-0.0114336628740329	-0.00184668302147445	0.0265746484417462	0.0193152093869042	-0.00101629403362619	-0.00200486384257989	-0.00155354233983605	0.00326310237769992	-0.00216466546000137	0.000155198758089982	SAS	1.13484	0.8108268787598	0.657440227319359
-0.0114315188507886	-0.00036102689913275	0.02922270579571	0.0213601059375549	-0.000746513230149655	-0.00233733213980789	-0.00136712253736627	0.000239675861480126	0.00168609202067017	0.00227768274741927	SAS	0.193633	-0.123326419032114	0.0152094056312845
-0.0113387127868297	-0.000569397284015205	0.0287590406407658	0.0201329858642876	-0.000260091461639639	-0.000864317839075271	-0.00292548471475544	-0.000552424816176041	0.000684905442682733	-0.000608572754281771	SAS	0.205389	-0.113427753139543	0.0128658551822851
-0.011309049297512	-0.00142256198581771	0.0282862891503562	0.0209568762652178	-0.000166576274738527	-0.0030810372131442	-0.00295708744921375	0.00319614007269519	0.000364421892653997	0.000258882343591423	SAS	0.630025	0.307828552040511	0.0947584174513575
-0.0113389371393477	-0.00196896144440367	0.028370634514135	0.0203971057038374	-6.95583830778281e-05	-0.00194150118634845	-0.000376127860804215	0.00184246923913028	0.00172237054686998	-0.000330731881518395	SAS	0.399734	0.0746605928419162	0.00557420412350639
-0.0113194165672257	-0.00212587697418233	0.0283862071644559	0.0192221922390667	-0.000915856779238127	-0.00135434343636566	-0.00161023950149282	0.00208619244639881	0.000137016588581434	0.000486319319036799	SAS	1.01902	0.692384002221973	0.479395606532916
-0.0112285598744447	0.00304774949214925	0.0290744991328235	0.0215180617294104	-0.00067512925925586	-0.00212307317546362	-0.00254339373275447	-0.00207420296543084	-0.0016527063337392	-0.00207215632225027	SAS	1.22684	0.925469665915277	0.856494102529334
-0.0113640668653845	-0.000952096966302055	0.0302015773376038	0.0222669760342006	-0.00175297363074056	0.000196227650188934	-0.00229375153813794	0.00141130869376085	-0.00111112255363856	-4.6761989055332e-05	SAS	0.950094	0.630228683087051	0.397188192985639
-0.0110367040785823	-0.00166616756680946	0.0268339474194689	0.0200092295990787	1.69412479614181e-05	-0.00240884148722451	-0.000569680082914329	-0.00102562708225336	0.00080239483788703	0.00200959136970966	SAS	0.856351	0.53217549274125	0.283210755074392
-0.0114150822634506	-0.00121241064429055	0.0276527270111211	0.0194963251111188	0.000662010362775382	-0.000908687649974605	-0.003139839691872	-0.0011905524120698	-0.00253032895181934	-0.00122366088898871	SAS	0.496751	0.175274120495074	0.0307210173153217
-0.0111559479327458	-0.00234562780370837	0.0264913357548383	0.0182264781506248	-0.000354735621309816	-0.00104594536539763	0.00127093569742702	0.00582622370311934	-0.000142436011728375	0.00107657572820894	SAS	0.983656	0.65569917779701	0.429941411763675
-0.0111454398768688	-0.00142901114554873	0.0287746405172053	0.0208397213145977	0.000579645789528866	-0.000151286493039883	-0.002126731358042	0.00504889136934988	-0.00104529439625736	0.000592101335324962	SAS	0.220352	-0.102731419475795	0.0105537445475118
-0.0112946610036849	-0.00224260491433329	0.0266615639903772	0.0197991490567129	-1.82254143610114e-05	-0.00108267235742917	-0.00333571548204645	0.00433697497147217	-0.00151869769421093	-0.00324411626677888	SAS	0.0299349	-0.296148292483746	0.0877038111410383
-0.011226449350146	-0.00116396553571177	0.0278171025260315	0.0190658661680666	-0.000465153841010151	-0.000794339046910853	-0.000253383924273929	0.0012686199465483	-0.0014572434533698	-0.000776979946761132	SAS	1.56328	1.24104574212746	1.54019453405271
-0.0113084319157072	-0.00156892581292665	0.027505272079138	0.0202538970661829	-0.00114809221651803	-0.000219912881531658	-0.000561685945516413	0.00271755849658525	-0.000936608608788018	-0.00185902393986095	SAS	0.645226	0.322259594129958	0.103851246008806
-0.0106827916502416	-0.00012456786609583	0.0349212558008477	0.0273579727522969	-0.000518345878400031	0.000441938729941753	-0.0030155302922403	-0.00105530987788097	5.79137672951437e-05	0.00194444476070115	SAS	0.55857	0.241323797215878	0.05823717510269
-0.0107726703277	-0.000517368741868096	0.0343087909340228	0.0279275119743816	-3.90797429500798e-05	-0.00166896197732774	-0.00231392018521849	-0.00138712799516155	-0.000155994626684056	-0.000931070726858784	SAS	0.0695638	-0.248581695198534	0.061792859187777
-0.0110255884825129	0.00173277944030387	0.0335224307095725	0.0264299372840885	-0.000565177028667903	9.59603405025086e-05	0.00354623769557675	-0.0013011859391473	0.000677873351660957	-0.00172707400860171	SAS	0.876705	0.569456783113376	0.324281027833835
-0.0107987654792385	0.00238698330247023	0.0319642061831163	0.025395272877971	0.000623716222018342	0.000366868443894676	0.00236867518263168	-0.00049874653366026	-0.000744148758434107	0.00124445290812398	SAS	0.302454	-0.0023849759721058	5.68811038752199e-06
-0.0107563770293485	0.00217798081832556	0.0321435063179219	0.0248387529989188	-0.000456090144717471	-0.000260456973855525	0.00317106299186055	-0.00318567917991019	-0.0013260198128065	0.00204894786746128	SAS	0.0539277	-0.252480599257721	0.0637464530015379
-0.0109104303362783	0.000900855323100871	0.0336579367799051	0.026284631517065	0.000296228621853126	-0.000703804847068684	0.00241528309084882	-0.00249321817582277	0.00189038707182061	-0.00110822718812774	SAS	0.333801	0.0220795972518462	0.000487508614803733
-0.0110687703138729	0.00166364923205003	0.0331654542390344	0.0263136816991409	-0.000188842626610583	-0.00109009191576806	-0.000619747631345406	0.00012297224090746	0.000474238869189596	-0.000378428323988982	SAS	-0.296675	-0.60400900854455	0.36482688240297
-0.0108837539908976	0.00139879721124654	0.0340104847842704	0.0267904414928623	-0.000326512761229228	0.00159872102964164	0.00205849016639586	0.00196003825444544	0.00222805215535369	0.00137915030119985	SAS	0.230588	-0.0787165623722847	0.00619629719170979
-0.010505262790188	0.0018939050706786	0.0331347973701865	0.0267813285705847	-0.00187391655988009	-0.00064939654223982	0.00397752023392978	-0.00132123250204083	0.00179001204840318	0.000527354856545193	SAS	0.579864	0.272036515885926	0.0740038659753535
-0.0109734121474381	0.00254329964466043	0.0336166901275629	0.0238197344785414	-0.00120556688891697	0.00104469990302324	0.000979224245148284	-0.000125701575918475	0.000203773582830319	0.00166880068157865	SAS	0.736807	0.431504018809726	0.186195718248945
-0.0107135497762075	0.00224391256370166	0.0331012459030845	0.0265999682041431	0.000610025156437411	0.000250855793053718	0.00202220325748859	0.00219722881872264	-0.000449658698410142	-0.00403678604403948	SAS	0.198391	-0.10718307118833	0.0114882107493626
-0.0110124780049364	0.0013551221796743	0.0324809295871284	0.026515318564668	0.000275078663458632	0.000384938786209255	0.00187100834452593	-0.00331139867897636	-0.000503225048178991	-0.00299568587965154	SAS	0.130106	-0.178420543609095	0.031833890381765
-0.0109506754217584	0.00107914129728574	0.0335578553714179	0.0269740077179201	-0.000172266348781858	0.000474041584987748	-8.89106323170055e-05	-0.00186855108761901	0.00261692660602026	0.000353759838796067	SAS	0.151626	-0.158631378066968	0.0251639141074253
-0.0108299780817696	-0.000245246486823082	0.0325972820096249	0.0256954723376628	0.000635575156123113	5.29920645937982e-05	0.00191382509107079	0.00304104336283899	-0.000215824319341132	0.000698841810898077	SAS	0.42239	0.105113944671146	0.0110489413643286
-0.0110535090445915	0.00348588782910376	0.0334773293348297	0.0260291359205288	-0.000145067251928649	2.0391257715271e-05	0.00109777087645721	-0.00239164474167721	-0.00250353522392754	0.000893041062728689	SAS	0.358143	0.0590348171203013	0.00348510963242742
-0.0107631515883075	0.00267547452830013	0.0340290507841067	0.0262973502951855	-0.00126008161437441	0.00163622538973522	0.00145299355761073	0.00179280694528264	-0.00283491257820317	-0.000251538910560417	SAS	-0.304754	-0.608756876645435	0.370584934863105
-0.0109416672197899	0.00299670746113583	0.0327945562350671	0.024766648684164	0.000146974072887838	-0.000535830896916747	0.00119130539147782	-0.00188758749610694	-0.000507059713653925	0.00109712810930594	SAS	0.275708	-0.0265661574307924	0.000705760720637648
-0.0111803730441243	0.00297326523716518	0.032904439769912	0.026222124062507	-7.05403063388982e-05	-0.00123604218064423	-0.000465597135380038	-0.00153960117499722	0.00102960822454641	-0.000211323329922469	SAS	0.222099	-0.0786088179956074	0.00617934626666653
-0.0110104352455762	0.00307670484541563	0.0324778473724343	0.0263284085658349	-5.06885389770779e-05	0.00011612704927597	0.0031609791103744	-0.00217215342408666	-0.000383690895996058	-0.000285190016781685	SAS	0.318517	0.0179971945510145	0.000323899011707066
-0.0109932647078378	0.00300580209913349	0.0337824571362057	0.0259612024189528	0.00101979418871724	0.00122532328324992	0.00309689178708716	-0.001052148892697	-0.000499636042686877	0.00197959283372851	SAS	0.848042	0.546275583019287	0.298417012603062
-0.0109138822780124	0.00230688177405711	0.0322588941491637	0.024855480305572	5.15636077336543e-05	-0.000356171421871055	0.00151205085106312	0.000346242051425082	-0.000519889988005682	0.00385966476333762	SAS	0.110074	-0.195240433681243	0.0381188269440397
-0.0105195359992915	-0.00200587350795862	0.0366096873221315	0.0292097576917672	-0.00129525038371635	-0.000497121357528335	0.000743941285660544	-0.00141402154703448	-0.000656888404863964	0.00208770305072826	SAS	-0.110416	-0.436719247575652	0.190723701203044
-0.0110230138418462	-7.73711694192601e-05	0.0340458741752903	0.0253968980213898	-0.000662814255925302	-0.000647047078734465	-0.00229348945173527	-0.000565527043018494	0.000525140421026027	0.00109354600150263	SAS	0.566141	0.249427717263495	0.0622141861392779
-0.0107066316604896	1.10005988860199e-05	0.0346583436482684	0.026897537822929	-0.00136252096839404	0.000987030904444194	0.00401305649035711	-0.0014197008921071	0.000111981166448619	-0.000151630817311595	SAS	0.0721253	-0.244568841258579	0.059813918114564
-0.0108941776142826	0.00233654605052446	0.033429090354852	0.0259646636857758	-0.000400531293617815	0.00177885499416276	7.53091919485631e-05	-0.000464067206083504	-0.0017578394891453	0.00202321736425371	SAS	0.447613	0.142522838738457	0.0203127595620683
-0.0109617109043703	0.0019129979863777	0.0332117763366809	0.0264933028919198	-0.000397618568951897	-0.000218262908098585	0.000921879785054469	-0.00193837673938014	0.00137442416351081	-0.000235075127841457	SAS	0.5054	0.198976361265643	0.0395915923425155
-0.0108946630024899	0.000613417409499562	0.0331583214356443	0.0259381927827923	-0.000234470835305358	0.000947047069196634	-0.0006518800722878	0.000159703273872942	0.000213883657364821	-0.000538160110002368	SAS	-0.0174205	-0.330535699313911	0.109253848520936
-0.010792125630515	0.00189455803043438	0.0332630589598028	0.025246397408551	-0.000493785390257821	-0.00129912080920855	-0.00220498331931938	-0.000221596953818085	0.00180211457679753	-0.00149122530091178	SAS	0.787044	0.479144726563983	0.229579668994074
-0.0109727866684246	0.00112502649691607	0.033851451236876	0.0259734762550663	-4.65671798043937e-05	0.000956044980724548	0.00355235725999592	-0.00109857896375667	-0.000804403384001745	-0.000975141515581403	SAS	0.20427	-0.106473292705433	0.0113365620595368
-0.0108882939243013	0.00205608562013485	0.0344015477455645	0.0271238120678995	-0.000469687888344014	0.0006472855463408	0.00178257929634079	-0.0036709737508663	-0.00332113958518945	0.00143374777231623	SAS	1.05122	0.745061621364535	0.55511681963035
-0.0109137324706602	0.0014473380961693	0.0340520830518067	0.0270617934016417	-0.00139179532366352	-0.000487731728329071	-0.000791995365674387	-0.00054750079106937	0.000296951371422751	0.00335917377236554	SAS	0.884835	0.576013523594446	0.331791579363689
-0.0110393511712149	0.00123650106001858	0.032138343772446	0.0262285469812863	0.000210869810731235	0.000461029176687311	-0.00119205727987971	0.00238410646025846	-1.91350254961289e-05	-0.00140016547551797	SAS	0.756147	0.447130648448788	0.199925816782233
-0.010898196839122	0.00228799228000556	0.0334065991576554	0.0259800729430355	-0.000178827172241696	0.000137425202036396	0.000692350155524763	-7.26364179053386e-05	-0.000435665751612213	0.00344647489415125	SAS	0.490163	0.184877526595813	0.0341796998401854
-0.0116605081431485	0.0060503003121459	0.0279045973125776	0.0217813950891886	-0.000702284903925346	-0.00165512540811847	-0.000644533118861086	-0.000131186017064323	0.000851744011626837	-0.00160760970224206	SAS	-0.0987709	-0.383784635085865	0.147290646127991
-0.0107029093262041	-0.000105497816032583	0.0346767967234043	0.0277298122119126	-0.000362509420888599	0.000580194331165978	0.00223658004372633	0.00177565091836797	-0.00180504313835792	-0.00199447278122452	SAS	-0.299324	-0.616059460440557	0.379529258798311
-0.0108541850730678	0.000169038025884922	0.0325072550035941	0.023950823243776	-0.00132900065622844	0.000160563252723325	0.00248544024221485	0.00285581221552638	-0.000106164753284073	0.000472770573719845	SAS	0.255674	-0.0606326306915234	0.00367631590457466
-0.0107872813360453	0.00183535545471739	0.033955444858198	0.0268166018721249	-0.000488404455980328	-0.000601114084561624	0.000155341169787912	0.00110302840988053	0.000349576522320792	0.000715325592979485	SAS	1.18229	0.874766008456436	0.765215569550805
-0.0110918229117419	0.0012141282125264	0.0360857224252227	0.0291290006505887	-0.000924191168108183	0.000510079569399901	0.00338353746080286	-0.000241194785127268	-0.00087034504963903	0.000107994607722228	SAS	0.889824	0.580849727214262	0.337386405604882
-0.010927228427748	0.00344073042096565	0.0337580662236813	0.0253147586091406	-0.00188839501802563	0.00211759507695994	0.00338553440816995	-0.00226621436031533	-0.00188886971625087	-0.00115697032868338	SAS	0.147624	-0.152710318013251	0.0233204412277082
-0.0109548727824041	0.00320006417890192	0.0336440232667292	0.025436822372807	8.08073794729343e-05	-0.000577452011224696	0.00234139219304906	0.00117340706272689	0.00111348236123948	0.00257058249071354	SAS	-0.01889	-0.320136152256237	0.102487155981429
-0.0112675368818615	0.00338915230251125	0.0295838742285562	0.0222267406608545	0.000229849332102682	-0.00149474311684347	-0.00138026301600409	0.00233144798691477	-0.00032912125577245	-6.91231115845454e-05	SAS	0.746745	0.44732745542348	0.200101852375645
-0.0108340937841162	0.00220659626597336	0.0325706274886998	0.0260506054567149	-0.000607532590914443	-0.00150822624133316	0.0025296469534076	0.000580622583106471	-0.000999182327180964	0.00359202268652715	SAS	0.778813	0.473369975817901	0.224079134005841
-0.0108552865909712	0.000157203249678	0.036768175656447	0.0303142305660725	-3.15596123988489e-05	0.000259607425696573	0.001465739309894	0.000560813276543186	0.0013075201351667	-0.000620380296402028	SAS	0.570564	0.256233619496222	0.0656556677601346
-0.0107233642712604	0.000914525608249077	0.0374952112077653	0.0300159655741002	-0.00180764277613112	-0.000579934932454302	0.00469140033558368	-0.000297049410960918	0.000580116926108784	-0.000179749322545988	SAS	0.497527	0.185794664548909	0.0345196573748416
-0.0107706160079899	0.000505913798654122	0.0377269124975678	0.03171994428465	-0.00038707623108402	-0.000693286832858543	0.00189039502482011	-0.00104062828841345	0.00063355294600503	0.000411399476444427	SAS	1.19223	0.879701896295913	0.773875426346626
-0.0109174340967428	0.00179190599551972	0.0327149222317354	0.0250224822855693	-0.000734999724961078	0.00116885913074935	0.00374337680724869	0.00378018562692358	0.00258721592523766	-0.000249532467923477	SAS	0.443602	0.135756846195666	0.0184299212889938
-0.0106903113275154	0.000679149830985719	0.0343396518838338	0.0258451478192031	-0.000333081581799827	-0.000486800587823545	-0.00104170245760329	0.00018512733248801	0.00115591944278634	-0.00107401546074758	SAS	0.184506	-0.129606179761253	0.0167977618323062
-0.0111721077363443	0.00217846717576766	0.0343359244114918	0.0255781439262754	-0.000647908223863748	-0.000762476630355819	0.00451273469604986	-0.00175559915900917	0.000789494751841501	0.00114694883720005	SAS	-0.0578533	-0.363433459086566	0.132083879183626
-0.0107976375014763	0.000930588879219453	0.0321263743580404	0.0258002218541891	0.0019538684031268	0.000897091638390294	0.00180659903622487	0.00155320367039308	-0.000392179699850739	0.00133303928913511	SAS	-0.543517	-0.85505757499255	0.73112345655214
-0.0108062868271412	0.00128602256382032	0.0326895533516906	0.0256740327558823	-0.0010838266664116	0.000539283617633333	0.00271207894640981	-0.000282490148463042	-0.000455539699142142	-0.00043779321012169	SAS	0.141162	-0.169018842004827	0.0285673689526528
-0.0107351201781997	0.00150600733445707	0.0320999233641993	0.0265920943375317	-0.000940671310312595	-0.000233341300259016	0.00234623878353026	-0.00321005815476847	-0.000688036851271492	-0.000151364299158355	SAS	0.175938	-0.132577856589638	0.0175768880579027
-0.0108809637030181	0.00102160970218401	0.0345987711692295	0.0265372053294805	-0.000844315302717588	-0.000697164105178329	0.000885696998673632	0.00172244847130837	-0.00336102400398877	0.0017483694672123	SAS	-0.325984	-0.637520379649022	0.406432234467833
-0.0109344072684544	0.000173158825271529	0.0373628470902839	0.0307311101481887	-7.85267369348845e-05	8.88134717507792e-05	0.00320429931933885	-1.85670091472403e-05	0.00225066334934857	-0.000828253277284412	SAS	0.106908	-0.207098252783453	0.0428896863059591
-0.0110317375753567	0.00131344463231508	0.0365422683830327	0.0298198881169246	-0.000134650789590627	-0.0009137902764572	0.00194954364266028	0.00365289511907898	0.00180354152377847	-0.000112314243920426	SAS	0.100234	-0.208249970470218	0.0433680502008467
-0.0110768807542293	0.00282099473341352	0.032913940837791	0.0249273817122989	-0.000528153922210281	0.000869885865116651	0.00240084343916952	-0.00249000328045685	-0.000289977271341717	0.00163929563259507	SAS	0.612835	0.310230921337857	0.0962432245541358
-0.011484811509241	0.00520922462245204	0.0291788796878733	0.0228665493265369	0.000972116562430192	-0.00177592954200545	-0.00338521858626205	-0.00269935600602767	0.000181755658524943	0.00281940098213663	SAS	-0.883219	-1.17270999530732	1.3752487330937
-0.0103818974897675	-0.00235392159273854	0.0358473967263321	0.0283725063158213	-8.56432066175559e-05	-0.000903503537722235	0.00154447151602281	0.000144732334936329	-0.000261787950465753	-0.00164004687744768	SAS	0.991594	0.663013367807583	0.439586725891554
-0.0106542683159587	-0.00138344618585705	0.0359113476188232	0.028394710589881	-0.000879905949450495	-2.39754765288842e-05	0.000663217505743725	-0.000756227427073497	-0.000700128606683491	-0.000906216548910031	SAS	0.747731	0.424632979031455	0.180313166881128
-0.0109409120549059	0.000927970440979886	0.0375449409701089	0.0302492968024875	-5.04288862456692e-05	0.000412428525207368	0.00276748008044292	0.000473964879614812	-0.000839199942731989	0.000449391469821962	SAS	-0.16767	-0.478482833355119	0.228945821815543
-0.011043597185479	0.00129800156254847	0.0318131685155841	0.0243981947336922	-0.00124439047007666	0.000692660174871406	0.00127697868660669	-0.00094119289061575	0.000587614835310357	0.000239972712430898	SAS	0.871785	0.562061941453207	0.315913626030148
-0.0108601556181537	0.00173210332691069	0.0331218218761638	0.0253918308546841	-0.00050939504624735	-0.000761769926348182	0.000722474427389976	0.000130596007278526	-0.000504213730296293	-0.000253160280326134	SAS	0.0766454	-0.231632790916353	0.0536537498276989
-0.0109104417884154	0.0020100709791843	0.032987743262074	0.0253625749546489	0.000108271613659646	0.0017075108065331	0.00408812086346183	-0.00265426867446597	3.41238149348967e-05	0.00186950878306971	SAS	-0.334903	-0.641654258815736	0.411720187856372
-0.0113120897312109	0.00506080650230384	0.0299819178681187	0.0236226960394502	-0.00101631697600887	-0.00101951953942946	-0.00103087092684847	-0.00292010405374544	0.000632137689022306	-0.0019964647740083	SAS	-0.173272	-0.463944367573651	0.215244376203315
-0.0110716135687323	0.00306516570253877	0.0328079569007085	0.0264064403194875	-9.14912273257892e-05	0.000514367096614773	0.00187136284347511	-0.000985732526399043	0.00130625142423539	-0.000368444032440424	SAS	0.0101303	-0.290345635395459	0.0843005879931926
-0.0109625569097403	0.0028930218800124	0.0329616129279131	0.0265316452754035	0.000344084600133802	0.000965409757866098	0.00166853340280726	-0.00156095165086818	0.00112333111821998	-0.00146479757044495	SAS	0.0459033	-0.255745411679704	0.0654057155952211
-0.0110392649639376	0.00131955072381912	0.0330760421032897	0.0264467787046756	-0.00153099917675078	-0.00179575903523928	-0.00177029038023334	-0.000277646791636138	-0.000765905797941349	-0.000164134538955101	SAS	0.848097	0.539165924848534	0.290699894517775
-0.0108265297516713	0.000986128538372715	0.0366984425821289	0.0299797076012153	-0.00132378668686824	-0.00110182393373556	0.0006359133463641	0.000471110925009112	0.000798058159850155	-0.00164655857274236	SAS	0.0109968	-0.29969507084408	0.0898171354882378
-0.0109097153075398	0.00200300596461135	0.0326540368691995	0.0262183140950077	0.000664026294650694	0.00040442306258742	8.49676904037074e-05	0.00323148685226594	0.000152261480667918	-0.00118531635584178	SAS	0.763411	0.457327690501801	0.209148616499711
-0.0108378337772834	0.00175563114469755	0.0320856182960066	0.0251935668350699	-0.001427365066337	-0.000329932747204389	0.00139949622914351	0.00102359640009417	-0.000346167196990912	-0.000473208934459801	SAS	-0.0137413	-0.321617144079136	0.10343758736562
-0.0108453187548617	0.000672581222579614	0.0339133906505293	0.0259108620162856	4.83662502946378e-05	0.000382631466677126	0.00324598001766897	-0.00352039624925553	-0.0015552194891763	0.00138602810263783	SAS	0.885933	0.572555120726378	0.327819366269998
-0.0109544759726013	0.00263318242267628	0.0334342061554087	0.0264713843411245	-0.000940783974987025	-0.000150073421045157	0.00291851239302405	-0.00161215346039942	0.00212182627613711	0.00405540440059264	SAS	0.0568219	-0.246344235185734	0.0606854822092445
-0.0107835741851136	0.00221276643772644	0.0345605550921202	0.02662218366094	-0.00107470776581363	-0.000674479824899297	9.89365332225399e-05	0.00269868037419486	0.00212253417503575	0.000804129253482671	SAS	-0.224132	-0.530297373005898	0.281215303816957
-0.0109708433945629	0.00252907556999142	0.034024424102724	0.0254267132201133	-0.000935403619310115	0.00233390644123284	0.00256319908576898	-0.00219077252233486	1.16040611062997e-05	-0.00127962746164558	SAS	0.257923	-0.046625887165238	0.0021739733539455
-0.0114235516307161	-0.00132752838324697	0.027140582149709	0.0201038207308712	-0.000112097113304734	-0.00197173014913455	-0.00142831267725089	0.00444670288362289	-0.000841250440587157	0.000627544678247606	SAS	0.100644	-0.220717700111776	0.048716303142632
-0.0114084287820948	-0.00169747003770791	0.0272087838623474	0.0187665385430174	-0.00141766887446161	-0.000249031080746882	-0.00111868285225571	0.00242576202976944	-0.000926058245251092	-0.00088398194988028	SAS	0.183423	-0.140621108609208	0.0197742961864826
-0.0111919712553844	-0.00324963592310999	0.0283754128996875	0.0194478773614659	-0.000645553677409198	-0.000740608952399878	0.00144117144340064	0.000169207404161424	-0.000664403164830947	-0.00103004773348554	SAS	-0.510138	-0.842360959269582	0.709571985701571
-0.0114763747144833	-0.0013296902554563	0.0260466443079946	0.0189146130575315	-0.000526940301580288	-0.000122984380016721	0.00129252365474222	0.00186721893889703	-0.000507317804635149	-0.000969719218143242	SAS	-0.0614797	-0.382911718574912	0.146621384221993
-0.0113782502433401	0.00203806843247035	0.0277114706497433	0.0209835163112072	-0.000214562959564371	-0.0012960304820428	-0.0047441567858051	0.00131142895616539	-0.00195691611354041	-0.00202767477012983	SAS	0.486977	0.181648175720198	0.0329960597424758
-0.0111636355322047	-0.00196410052710149	0.0269323032626848	0.0196038314034649	-0.000421460859166205	-0.000651093351316491	-0.00273418619042202	0.0047566175926603	0.00201247142058712	-0.0021390175847428	SAS	-0.737245	-1.06270616961249	1.12934440293245
-0.0113267660265901	-0.00157401095610179	0.0279564839869411	0.0197337460148329	-0.00163567093731889	-0.000540829293871999	-0.00113780472698862	0.000115933119002761	-0.000649417025344329	0.00106256475362252	SAS	1.08273	0.759255353560171	0.57646869190978
-0.011177246884947	-0.00171464829299554	0.028519174688599	0.0203293142731021	-0.000154433569548972	-0.00122917619661721	-0.00289964744384593	-0.00189717621978644	0.000905500666499034	0.00374229641136537	SAS	0.794496	0.469966642691245	0.22086864524248
-0.0111673852907493	-0.001956432007867	0.028004034309577	0.020547555262107	-0.000321333470453561	-0.00182136012443412	-0.00149710002726205	0.00104364425238349	0.0017810047549827	0.000483709970239228	SAS	0.551847	0.226526423483259	0.051314220536117
-0.0113526474366913	-0.000942522131083534	0.0288548069253595	0.0195102745374243	-0.00054266377354034	-3.36327985270886e-05	-0.000601376255280465	0.00450832106203312	0.000774294703785085	-0.000891900684141043	SAS	0.713597	0.392622551055105	0.154152467597019
-0.0113812863883098	-0.0013295996702134	0.0276104327895123	0.0194386433319509	-0.000734977578070901	-0.00118025838124875	-0.00112864100448377	0.00162761780520023	-0.000399273611025488	0.000146613973942034	SAS	-0.0374225	-0.359583077044728	0.129299989296955
-0.0114618794025498	-0.000679974420028993	0.0281736887190453	0.0207328183387621	-0.000322995934544761	-0.00259810479872337	-0.00314690089193521	0.00213399234853704	0.00169522438190138	0.00210507987343694	SAS	-0.564539	-0.882803810997391	0.779342568711517
-0.0113161149180003	-0.00260274551621704	0.0275341472747411	0.0193837300511508	-0.000480191906290316	-0.00177808935758362	-0.000613928817312481	-0.00098803798347223	0.000849426446196724	0.0010421270747624	SAS	0.557689	0.22929751935073	0.0525773523803985
-0.0112957150149446	-0.00327748192348171	0.0271299627164679	0.0189404565167957	-0.000898513358002939	-0.00100216092468624	-0.000943942056456571	0.00146722255610852	-0.00055606406227604	0.000491461746065908	SAS	1.34231	1.01057285908197	1.02125750351311
-0.011290073982912	-0.00100235135013466	0.027929323338513	0.0202665906069798	-0.000743904773264139	-7.23565638375853e-05	-0.00356991710285345	-0.0024884156973379	0.00057563860060881	-0.000617012808253512	SAS	1.03957	0.719024421604313	0.516996118863417
-0.0111585005354961	-0.00166337284219523	0.0280298356829865	0.0205353894805127	-0.00113743308638937	-0.00275399433646623	-0.00302679751529698	0.0019471239600643	0.000851408416235244	0.00314708260520575	SAS	1.01636	0.692373702816505	0.479381344351837
-0.0112828469219885	-0.00155623475425746	0.0285626144564204	0.0199363361663013	9.25136534421856e-05	-0.00234581563944118	-0.00129560732772063	0.0051748088607905	0.000841387406443944	0.00270674788001906	SAS	0.812515	0.48881768814445	0.238942732242885
-0.0111167867725533	-0.00126118038979472	0.0291566932386209	0.0206891731972148	0.000114600612771636	-0.000553919581704472	-0.00527526208236074	0.000972318329906324	0.000878855414674536	0.000462047480781544	SAS	0.240585	-0.082079520646438	0.00673704770954905
-0.0113992173967311	-0.00164309337294848	0.0267189911368002	0.0197376152460466	-0.00168582570161565	-0.00143069300972404	-0.00116433986136737	0.00675948257732103	-0.00111729335837555	0.00142682282309222	SAS	-0.00947853	-0.332445338774297	0.110519903272757
-0.0112644439376556	-0.000538285518206429	0.0288471775836123	0.0212087853620077	-0.00162745445837802	-0.00113367796866282	-0.00151523498633617	0.00285879346596694	-0.000916782356486122	0.000487501844526647	SAS	0.690475	0.37219907055607	0.138532148122803
-0.0113803103880695	-0.00184990696057065	0.0277295942904022	0.0219409562999411	0.000937049762762324	-0.000294663304978238	-0.000941124545925145	0.00393579909790902	0.000751519735021417	-0.00170013922120447	SAS	0.921411	0.598327117178831	0.35799533915153
-0.0114485462901181	-0.00167878000462697	0.0262744392125844	0.0190571489236311	-0.000468913159851772	-0.000775593834638605	-0.00182844914956195	0.00283185874223366	0.000734671994477519	0.000313114773491437	SAS	0.701703	0.378511212976968	0.143270738349296
-0.0110499288786592	-5.67710430926475e-06	0.0331133518309142	0.026074826369176	-0.000474702985957016	-0.00305961054785648	-0.000782000204390093	-0.00143456581056709	-0.000414666181068032	-0.000716642484978367	SAS	0.641426	0.32601689107889	0.106287013268745
-0.0111058838459378	-0.000531678021503006	0.0347222098055375	0.0279853235631449	-0.000629682553391514	-0.00139068594340169	-0.00192564086705249	0.000352013583613415	0.000838344957731928	-0.00100377614863971	SAS	-0.261936	-0.579189105031268	0.335460019386921
-0.0113700185327226	-0.00129117106915605	0.0282415676268529	0.0204437535744052	-0.0011350002956818	-0.00243373613779231	-0.00155368160282057	0.00221049733550018	0.000875571229584545	-0.0014400269058275	SAS	-0.0450217	-0.366698332069065	0.134467666742234
-0.0110969945171579	-0.000852921745752741	0.0287362568576757	0.0203282714366692	0.000681872029437291	-0.000486824089679324	-0.00226053546552406	-0.000267611806838553	-6.14937745209717e-05	-0.000274883045685048	SAS	0.260266	-0.0605668464606646	0.00366834289018972
-0.0113072985392197	-0.000571222037402757	0.0287175511375239	0.0208100104261492	0.000428262992480717	-0.00207074321398461	-0.00283114121997611	0.00386656743698174	0.00190385945036812	-0.000464265422334428	SAS	0.0169101	-0.301569815187334	0.0909443534321229
-0.0114748070040682	-0.00203891806018954	0.0267521544697732	0.0182528327682338	0.000145308436071517	-0.000100170321531247	0.00014215565215544	0.00357055734929189	-0.000836857250482812	-0.00128246705902739	SAS	0.541297	0.215753034257917	0.0465493717914981
-0.0108596211905389	0.00390744025015261	0.0326110131438517	0.0255760576445878	-9.70358184598775e-05	-0.0018446805444779	0.00337620857447955	-0.000221142127041504	0.00129740786143975	0.00034100624526839	SAS	0.587914	0.290268505043277	0.0842558050200587
-0.011017297313754	0.00328355142375561	0.0317512009516032	0.0248581722294266	-9.59837319838693e-05	-0.000222944114137171	0.0024400652887413	-0.00224438623111076	0.00090734825954931	0.00101086983351967	SAS	0.0837915	-0.216319501335057	0.0467941266578479
-0.0109897001362594	0.00177780799544404	0.0328384579806637	0.026348235041125	0.000340916779951072	0.000113663470192664	0.0019846542115277	-0.00192621999277652	1.70407529102059e-05	0.000298560661569179	SAS	-0.101117	-0.408000073948744	0.16646406034218
-0.0110796549562199	0.00325104860751283	0.0329963102794378	0.025061335314302	-2.86784737572903e-05	-0.000497788935834202	0.00147287092502647	-0.00226383209808502	-8.07037863652174e-05	0.00146715224758133	SAS	0.966616	0.666098612438846	0.443687361492956
-0.0108743586228009	0.00203321695555141	0.0335188708043643	0.0257456983208582	-0.000116802924313115	0.00176866250392145	0.00398835826068907	-0.000271643702593693	-0.0024075121617364	-0.00036769068163941	SAS	-0.205779	-0.512550574532996	0.262708091454104
-0.0108424414373246	0.00077885171353105	0.0342849083966214	0.0262061256414979	-0.000561259590859373	0.000204972110067111	0.00210703186424246	-0.00220169321150492	0.000811376536332822	0.00214885644390729	SAS	0.409271	0.0963968832729882	0.00929235910474612
-0.0109122762321824	0.00340577249067278	0.0328439972161141	0.026049682545141	-0.00102140974066978	-0.000661774684635928	0.00128524329286483	-8.87985109901081e-05	0.00142621997717254	-0.003071274267748	SAS	0.376263	0.0766159841994458	0.00587000903484972
-0.01106506136987	0.00372703921603175	0.0326005513532079	0.0261874922236508	-0.000255876299896616	0.000673668671435937	0.00517652030769335	-0.000819047903219229	-0.00094165962674474	0.000634943728221605	SAS	0.647317	0.349904248068728	0.122432982816542
-0.0111208403514206	0.00410930181116617	0.0334546427843609	0.0258303135139781	-0.00100753552663401	0.00174536924977982	0.00520640447937936	-0.00320346454099162	0.000760013325981138	-0.00230116351389524	SAS	0.31147	0.0154166332103947	0.000237672579543845
-0.0110975894380589	0.00197921374279824	0.0317414850151308	0.0242080680485033	-0.000643756566417605	-4.34771350337324e-05	0.0023510998853834	-0.00123085841881203	0.00111219781580363	0.00152240380123293	SAS	0.473	0.166588751601282	0.0277518121600738
-0.0109017594772216	0.00312083723304097	0.0330278372349077	0.0253369406011942	-0.00052609008100445	0.00246161920265273	0.00180817468823163	-0.0014142772451905	0.00134027777165757	0.00123036030469385	SAS	-0.175788	-0.477357560771298	0.227870240825524
-0.0107495203416102	0.00121945593150399	0.0344339444340645	0.0264887764355651	-0.000740253670039605	0.000221406373730978	-0.000661214353501801	-0.000550822572733991	-0.000511102933121727	-0.000424424060005439	SAS	-0.321808	-0.632804109255046	0.400441040690072
-0.0110271564379186	0.00355833857982915	0.0337682076796749	0.0262561213763054	0.000304039641196174	-0.00254976459075062	0.00115373562984417	-0.00264211218471098	-0.0044291197078072	-0.00216236746478027	SAS	0.233355	-0.0654932015794442	0.00428935945312572
-0.0108278696095711	-0.0010111746392268	0.0329623813636974	0.0249116909069088	-3.28680628308473e-05	-0.00075454652503309	0.00158278311736335	0.000545585890098405	0.00109417088392254	0.00190028457931794	SAS	0.609524	0.287950463942879	0.0829154696849195
-0.0108777910683491	0.000961859720567292	0.0330349143973611	0.0255032167747941	-0.000522651891290797	0.000538196633053054	0.00385829865501925	-0.00189157678186062	0.000136407563602152	0.00279487011756264	SAS	1.12261	0.810865396262657	0.657502690856195
-0.0110261156594052	0.00197200800875955	0.0324083462940893	0.0254751883650588	0.00064011003251085	-0.00110029979491682	0.000697248064490174	-0.000145291770527067	-0.00154094144531427	0.000640083274753025	SAS	0.745735	0.439539788846544	0.193195225979264
-0.0112649841817952	0.00154581952518041	0.0329696801911756	0.0254505754439387	-0.000618402239314673	0.000207038238193849	0.00242705380948979	-0.000868738899018693	0.00250607673456219	0.00248504032863874	SAS	-0.109616	-0.417303997480983	0.174142626313609
-0.0109239520647216	0.00138644978932267	0.0335857017138095	0.0274959886989389	-0.000470254613783604	0.000491925577500639	0.00217965216391175	-0.00312279866573932	-0.0015557305037041	0.000453941169355105	SAS	0.964831	0.656254563173509	0.430670051686054
-0.0137505425796597	0.0275352916012436	-0.00584666592955695	-0.0192461162885976	-0.000954193176055564	-0.00393045106723188	-0.00936102352624354	0.00236898477281517	-0.00107549436398936	0.00231861285770948	EUR	0.0863252	-0.100283430011738	0.0100567663349191
-0.0135243767582846	0.0274596540415176	-0.00492571243107026	-0.0194632300758883	0.000559256883723412	-0.00231909350163941	-0.00861108821892877	0.00449664272412842	-0.000106853152555567	-0.00286871512503172	EUR	0.196884	0.00858211171156553	7.36526414297903e-05
-0.013601280339457	0.0273782105356002	-0.00460177033141078	-0.0191172156242969	-0.00041307981706285	-0.00537179443282455	-0.0118898813112346	0.00435964399123718	-0.00354590832395068	0.00310932184206468	EUR	0.28161	0.0932483035672912	0.00869524611817769
-0.0135965618390504	0.0274563092021677	-0.00503237550368597	-0.0207268395883445	0.00179030071893138	-0.00384901775100673	-0.0130396092347945	0.00459383339888135	-0.00258784837007945	-0.000169856645520274	EUR	-0.717233	-0.906062404716827	0.82094908124124
-0.0138154224840819	0.0269456791007554	-0.00442133160210843	-0.0203531066464487	-0.000497781269775841	-0.00428473367316845	-0.0113926620122647	0.00378299855479794	0.00118888442952187	0.000143866590071407	EUR	0.523917	0.333358887542811	0.111128147903781
-0.0137824445463229	0.026473938070618	-0.00612524383277073	-0.0193013382231403	-3.63962834153429e-05	-0.00530888378443366	-0.0152793715410549	0.0033757572551415	-0.00476479347256614	-0.00111694906479238	EUR	-0.124398	-0.315815077132458	0.0997391629441805
-0.0135483315108318	0.0275003945120992	-0.00542620656017993	-0.0208229923411894	0.000237140208561428	-0.00368582732808998	-0.00583608934855747	-0.00024666279821798	-0.00185409560891403	-0.00183153479136301	EUR	0.3238	0.135142695842375	0.0182635482395447
-0.0134200007309278	0.0269200704922375	-0.00499254544026714	-0.0202197028523033	0.000319143517621771	-0.0025063190206932	-0.00943442810768867	0.000741349410772506	-0.000204249185579181	-0.00240409888849018	EUR	-0.0523604	-0.244011653322457	0.0595416869571588
-0.0138840194982357	0.0276233004867957	-0.00544220803453473	-0.0204860109532886	0.000265516664918505	-0.00447536954050117	-0.0127547866422573	0.0011427293099104	-0.00192526557808866	-2.00024928695466e-05	EUR	-0.684494	-0.871220562481202	0.759025268490062
-0.0137653767733913	0.0266647040493232	-0.00553464450492013	-0.0191523923493189	-0.00018064886774115	-0.00420913226784617	-0.00938583717493512	0.00378710510095648	-0.000540527417536746	0.00195698452891279	EUR	1.10563	0.914870739021868	0.836988469118419
-0.0137467708692496	0.0278162240472608	-0.00519655295875641	-0.0199497713731034	-0.000235417975689401	-0.00393397918568114	-0.00944310034948166	-0.00139709036248853	-0.00243446244458605	0.000971597286662826	EUR	0.0471509	-0.138900801910873	0.0192934327714836
-0.0137667952469288	0.0273240746097131	-0.00540602078886516	-0.0191774239872802	-0.000276650282581174	-0.00425349087953799	-0.00717116761019385	0.00155227479858193	-0.00123552868933469	0.00114938057249177	EUR	-0.134376	-0.322093305628172	0.103744097530483
-0.0136747257909582	0.027755771811457	-0.00550058634074795	-0.0190581530251689	0.000607638929861537	-0.00617583946363574	-0.0104631327656869	0.00467781416931144	-0.00260021326167244	-0.00127504527815415	EUR	1.58358	1.39771320418506	1.95360220115327
-0.0139866287359499	0.0277760138208229	-0.00608338453658094	-0.0197276355720398	6.80465172170615e-05	-0.00463819843402332	-0.0154474157698754	0.00552010635945371	-0.00213420395088733	0.000857582334966529	EUR	0.562176	0.377303383616694	0.142357843288606
-0.0138586014371345	0.0275101999375494	-0.00541425911296994	-0.0192725788966468	-0.00091071321327315	-0.00834443426716107	-0.0222716281133695	0.00254158990879288	0.00146897959619526	0.000787782205263008	EUR	0.784203	0.597616565176992	0.357145558973946
-0.0136695948631654	0.0267491293586514	-0.00447567890931514	-0.0192961316359818	-0.000898148690882488	-0.00691309344357943	-0.0155125811115033	0.00505978901704041	0.000229013846400554	0.000908751266532042	EUR	0.117404	-0.0738732722645242	0.00545726035506853
-0.0135257016763192	0.0272505303325569	-0.00511431828707635	-0.0191110651233091	-0.000127308795167533	-0.00307534855214756	-0.00475815647141419	0.00430458244963182	-0.0010099087985975	-0.00401226301793154	EUR	-0.0186125	-0.207583656339436	0.0430909743792492
-0.0134010916055539	0.027245810338184	-0.00433186596788806	-0.0204948084168775	0.000264847792091652	-0.0017296211071127	-0.00209208453300843	-0.000558314815439351	0.000606110087632683	-0.000278982308911761	EUR	-0.190172	-0.38083757833607	0.145037261072882
-0.0138554976216547	0.0267492163233234	-0.00606571237572609	-0.019389546918096	-0.000421558722150115	-0.00647794681521562	-0.021349498528563	0.00353725418780499	-0.000354012272433989	-0.000680774016741593	EUR	-0.272114	-0.462069929191263	0.213508619462818
-0.0137391138140225	0.02683665473374	-0.00553412575789726	-0.0196411851429497	0.000241347074887125	-0.0022298709411098	-0.009359305206226	0.00232230958040617	-0.00221671679465025	-0.000930500446727066	EUR	-0.242625	-0.432971996499248	0.187464749752545
-0.0137375829747573	0.0271784488955476	-0.0056817297936665	-0.0197294873656433	-0.000210125932973106	-0.00580954308600973	-0.0138084914967994	0.00155991503880017	-0.000174433624601022	-0.000490930547279514	EUR	-0.201522	-0.390245905241459	0.152291866557726
-0.0135229909090709	0.0270647193928178	-0.00446801436475576	-0.019516765206008	-0.000305909883335021	-0.00381370578733792	-0.0117332490271077	0.000110650936226369	-0.00100042608512621	-0.0007303327587696	EUR	0.0249349	-0.165488618628968	0.027386482895724
-0.0140329055573232	0.0271220478145278	-0.00473000875707869	-0.0192556223248149	-0.000515497966778047	-0.00377832071487795	-0.00998862942136677	0.000795859300473983	-0.000155005064250706	0.00152486032861673	EUR	0.966613	0.778464537847001	0.606007036685345
-0.013687330995062	0.027536308287011	-0.00487250695073924	-0.0186480660304871	-0.00118809244743679	-0.00375236030402279	-0.0103029777965648	0.00302959769068702	-0.000988638934780064	-0.00238412325756034	EUR	0.539238	0.352339714270528	0.124143274252237
-0.0139076579237825	0.0271027952566723	-0.00554812216006949	-0.0184796625566961	0.000737980690448855	-0.00493166438443905	-0.00707695876990485	0.00162673290373022	0.000598453160828901	0.00229630421166473	EUR	0.243917	0.0561399387927281	0.00315169272765126
-0.0135474800610777	0.0272319924311197	-0.00462079329965764	-0.0183324815115513	0.000104456926167028	-0.00301277756415605	-0.00682163480177181	0.00184334645163767	-0.0030619236028963	-0.00324092905245779	EUR	0.324455	0.135730873148622	0.0184228699256872
-0.0137496646471818	0.0277927458566925	-0.00472710496072747	-0.0192346510637566	0.000743709276365335	-0.0036599369302818	-0.011167164143373	0.00339528868878444	-0.00429888303798407	-1.75852309050223e-05	EUR	0.603406	0.417485554239195	0.174294187998408
-0.0136328400999729	0.0270804053318628	-0.00504940530729019	-0.019039430621381	0.000391813985624362	-0.00324071883670876	-0.00878813020084203	0.00415515434249069	-0.00116571219844266	0.00285335488889374	EUR	0.909463	0.720063108867993	0.518490880752639
-0.013805887322621	0.0271440053206453	-0.00529408209218176	-0.0195251356808316	-0.00209575509532686	-0.00602766915188681	-0.0143884433135456	0.00430177003731858	-0.000654062917993446	-0.00175541840909636	EUR	0.0419341	-0.146777048591026	0.0215435019930924
-0.0136355776739477	0.0278932493755853	-0.00509836211183318	-0.0203109159962762	-0.000617658425477143	-0.00268944513515548	-0.0043659077450771	0.00395427217606027	0.0016223685742892	0.00327051789861696	EUR	0.570889	0.384550732405827	0.147879265793858
-0.0134560765432771	0.0275678203148883	-0.00510804111765543	-0.0191493081909132	-0.000608395188418383	-0.00355025994771318	-0.00676483947966204	0.000483669642572816	-0.00225184683538828	-0.000861769030746125	EUR	1.01565	0.827916137736329	0.68544513112424
-0.0133773144183748	0.0274165842853797	-0.00479674360161037	-0.0195324262048359	0.000126254770551288	-0.00235534043411149	-0.00623625934475698	0.00260231931050492	-0.00116554450440774	0.00127240767777026	EUR	0.819455	0.630350152509814	0.397341314769146
-0.013861378648856	0.0268247251082297	-0.00540897359686824	-0.0198632554982691	-0.000507181666228824	-0.00468439993327096	-0.0125089646402875	0.00294736115938757	-0.000523960575944205	0.00270749340495539	EUR	0.494965	0.304771533343893	0.0928856875367875
-0.013706591912773	0.0282424177266967	-0.00550322007276877	-0.0199437436515055	0.00108036147582499	-0.00394110179341997	-0.00823093165912994	0.00548618932664375	-0.00404045976041936	-0.00152986593582844	EUR	0.480674	0.29664985079259	0.0880011339752657
-0.0138818419757512	0.0263825530607113	-0.00535898628216731	-0.0189916986917511	0.00027213629488241	-0.00767437777987255	-0.0241484194708055	0.00243807559759952	0.0010367335169332	7.94138586148398e-05	EUR	-0.237913	-0.429594671400904	0.184551581696051
-0.0136182012482326	0.0267861091450546	-0.00422327491583843	-0.0192931189233748	-0.000865015747283085	-0.0016117992460657	-0.00713306933571196	0.00394276183101121	-0.000698798287278386	-0.00119328025898041	EUR	0.339768	0.148374641959008	0.0220150343764639
-0.0138468777026679	0.0276151932643163	-0.00529805632872613	-0.0191260207602157	0.000861195157349163	-0.00397564779452665	-0.00901822328766824	0.00486961548297781	-0.00196041324029958	0.00306908189764686	EUR	0.945996	0.75990419531583	0.577454386058599
-0.0139146337011715	0.0276423250989366	-0.00626534611151165	-0.0190030431301226	-0.000622287910713743	-0.00357718415393205	-0.00900709878314644	0.00126466694807571	3.23995377883248e-05	-0.000243516507176321	EUR	0.219546	0.0343481288378414	0.00117979395466095
-0.0138483869577412	0.0266623083715897	-0.00526947092956883	-0.0188195010717313	0.00146209236996862	-0.00231104448419908	-0.00529125571798612	0.00388149899153447	-0.0011339128106093	-0.0016560972934041	EUR	0.93327	0.74286437480631	0.551847479356369
-0.013792855701077	0.0274804207111833	-0.00448099807806482	-0.0193293889581067	-0.000142118093628385	-0.00304338021010796	-0.00843098960048894	0.001735777254508	-0.00154845583725164	-0.00283323682544527	EUR	0.227746	0.0403182086623675	0.00162555794974221
-0.0136318339987074	0.0273101051612807	-0.00627185417410646	-0.0195665013743733	-0.00110629836048138	-0.00242006253137118	-0.00722280681250773	0.00271784749211048	-0.000426347027138076	-0.00412150607868078	EUR	0.137294	-0.050779085967317	0.00257851557167617
-0.0136413891147027	0.0272471253472678	-0.00500506780642703	-0.019713433526582	-0.000605949550895282	-0.00442273710169207	-0.0148251043602924	0.00515784041338125	-0.00272422047011789	-0.00345379660554659	EUR	0.412769	0.223734827888949	0.0500572732104976
-0.0137621772638965	0.0278701404097097	-0.00460733946561678	-0.020085730873904	-0.000287145022395959	-0.00290611353524143	-0.00804499501738597	0.00488964500372628	-0.00130813076840257	0.00391206119308491	EUR	0.399735	0.213623040671275	0.0456348035056411
-0.0135198035861922	0.0269543419709745	-0.00431744885775325	-0.0190793773528533	-0.000968846675021921	-0.00191971650840004	-0.00130826371636679	0.00127546704875246	-0.000465024114547202	-0.00122940483598983	EUR	-0.116443	-0.307191485014139	0.0943666084651921
-0.0138387206898302	0.0270005929256146	-0.00429273780802465	-0.0196439145739802	-0.000710534435998331	-0.00525477811726853	-0.014130671969258	0.00286477059403369	1.25704091167095e-05	-0.00045214125234652	EUR	0.524219	0.334389198158329	0.11181613584497
-0.0138157848202694	0.0275946683787348	-0.00494387925449197	-0.0190314856939302	-0.000154022819631574	-0.00469635786340285	-0.0114787123562818	0.000719787938059666	-0.000421693963633877	-0.00209023437127999	EUR	1.28133	1.094928651655	1.19886875221504
-0.01385363118012	0.0271241431370938	-0.0049512502012954	-0.0190924218568865	-0.000478605421795819	-0.00528423403554861	-0.0117910630128038	0.00478179221213075	-0.00422429986261031	-0.002598118807658	EUR	0.930767	0.742235168821935	0.550913045836126
-0.0137618515070791	0.027682173008366	-0.0051688456593494	-0.0206089891322787	0.00173419372202173	-0.00321141945988995	-0.00506088942641555	0.00316035239512142	-0.00124860019231182	0.00130098059454652	EUR	-0.322043	-0.509110283771821	0.259193281042224
-0.0139041300495505	0.0264233891831135	-0.00527783112348658	-0.0190086711465154	-0.000225923620222671	-0.00822839667769939	-0.023031130918388	0.00591480727344815	0.00104873129293325	-0.0021007696767176	EUR	0.632814	0.441350706347445	0.194790445993388
-0.0135253891861437	0.0273316057687046	-0.00492267147663535	-0.0202207486819669	-0.000361317181432114	-0.00262910824951356	-0.00407432034297157	0.000700853761047324	-0.00446804617952363	0.00266213062078702	EUR	0.214378	0.0249907127238075	0.000624535722443875
-0.0134301591703124	0.027377387419451	-0.00425565736437543	-0.0187227752342319	-0.000750531348588665	-0.00275899350438155	-0.00814087756089644	0.00340797019631072	0.000120467873430986	0.00147603321032197	EUR	-0.211877	-0.400730819884361	0.160585190005192
-0.0135878070942467	0.0271538805465841	-0.00591220824277827	-0.0192933976774317	0.000911626315352195	-0.0017202706872017	-0.00842965501751725	0.00370220380407748	-0.000597769436601711	0.00184805428264422	EUR	0.938147	0.749191142702581	0.561287368303999
-0.0134223735918085	0.0268531001553605	-0.00469708212492527	-0.0189783570248976	0.000204944092430547	-0.00126252359887785	-0.00328438804858312	-0.000523948071552153	0.000200047105690394	0.00267300731098648	EUR	-0.343898	-0.535207239128695	0.28644678881576
-0.0132654036201256	0.0265479822880583	-0.00554888728553898	-0.0189076139524448	0.000218880043224061	-0.00164716594534394	-0.00572279649005445	0.00191487562597223	-0.00237253499863156	0.00373719491066436	EUR	0.560048	0.367220161307451	0.13485064687067
-0.0136109865392735	0.0258267944083782	-0.0036436527913923	-0.0179743725006498	-8.29346237381882e-05	-0.00296506353128304	-0.0137967630702259	-0.000806932481054675	-0.00092816588981161	-0.00382170214679729	EUR	-0.0385628	-0.233946750707549	0.0547310821666198
-0.0136084756270322	0.027635037039094	-0.00545875836482949	-0.0194680252760049	0.000512359567955154	-0.00179541774933492	-0.00702857338656225	0.00239787899975175	0.000219135070548149	-3.03270393166382e-05	EUR	0.566847	0.379906362887294	0.144328844562252
-0.0138248697961527	0.027689127685144	-0.00555231130823617	-0.0191039869045641	-0.00135234634855526	-0.00352603045432193	-0.00767408294661867	0.00471896318990677	-0.00062616396468239	-0.0010175544401809	EUR	0.591102	0.405420334124889	0.164365647321937
-0.0132188489702535	0.0273615308167394	-0.00537298537686198	-0.0184595196683749	-9.31969883809201e-05	-0.00446130484048909	-0.00996537784945868	0.00145083034031094	-0.000344760208291964	-0.00272524859278871	EUR	0.99229	0.803350045338145	0.6453712953448
-0.0137863273901239	0.0278053092319246	-0.00513644608247674	-0.0200930065457525	-0.000348586256275902	-0.00654102225758651	-0.0137301449675321	0.00470332042036918	-0.000529742852981171	-0.00172402741665146	EUR	0.936935	0.750844845984634	0.563767982741689
-0.0137460028679664	0.0268836080585103	-0.00441975249009677	-0.019413183346056	-3.59497202560561e-05	-0.00637431395465544	-0.0200049450517555	0.00654394037645047	-0.00272205376676501	0.00218517136154095	EUR	-0.498069	-0.688555522166809	0.474108707106408
-0.0139722127604263	0.0272886003717578	-0.00574437354140667	-0.0190728679849094	0.00040693800774807	-0.00532133508659507	-0.0111160923849034	0.00154799038514056	-0.00536535994673856	-0.000431642971623792	EUR	0.338194	0.151226816001933	0.0228695498780825
-0.0136284128589126	0.0276965594141677	-0.00444225177395496	-0.0195009702427102	-0.000242422682497811	-0.00134628029738027	-0.00353097385333933	0.000996601546032637	0.00244947538059938	-0.000659537065313394	EUR	-0.360227	-0.547314223387261	0.299552859122
-0.0135716779104888	0.0269355292210654	-0.00557232476938132	-0.0192903417516257	-0.000570857633275026	-0.00428789450892558	-0.00893347495353661	0.0053133801308061	-0.00121023051195138	0.000567288396199331	EUR	0.306839	0.116638043624799	0.0136044332206206
-0.0137388572546036	0.0273672079443443	-0.00569626808540296	-0.0187673794601874	-0.000233279188921607	-0.00391517939393476	-0.00785544908758603	0.00277756984917833	-0.000517054037141924	0.00179683831450611	EUR	0.393123	0.205914717303374	0.0424008708021284
-0.0136600004869747	0.0267085244616095	-0.00567894666418683	-0.0191889540899154	0.000149691761294149	-0.00188155473729242	-0.00369131703365355	0.00342319752114952	-0.00138056043762518	-0.000172740694785405	EUR	-0.195364	-0.386225076066393	0.149169809382491
-0.0138313205744311	0.0274055437147463	-0.00619228967168369	-0.0189621536511307	-0.000285291609589311	-0.00445498538037985	-0.00946476912759135	0.00296971662815811	-0.000800847496667664	-8.89011637698271e-06	EUR	-0.03558	-0.22218483625002	0.0493661014594482
-0.0134886819778461	0.0277585522581444	-0.0052830076583992	-0.0194981162181785	-0.000894892628933693	-0.0036905174340086	-0.00936663909481881	0.00118349347182979	-0.0022531079484709	0.000286467871276538	EUR	-0.228616	-0.415478496348363	0.172622380927897
-0.0136312610169852	0.0272374332925755	-0.00418761830307852	-0.0188308051233094	0.00106915331207291	-0.00291861730547491	-0.00593562917872905	0.00204125348405902	-0.00370012256263824	0.00185200490137638	EUR	-0.0851215	-0.274061761431214	0.0751098490787795
-0.0139189172939549	0.0280914874170525	-0.00533365972081874	-0.0191432399056258	-0.000945390108071964	-0.00566585367484105	-0.0141499612885823	0.00312981336646502	0.00142491761278975	-0.00249030243584571	EUR	0.0924752	-0.0911190011383371	0.00830267236844827
-0.0135559067103886	0.0273254053905132	-0.00539771978867741	-0.0190634548829545	-0.000738678217557249	-0.00274387147405899	-0.0115806798708263	0.002946288385847	-0.000387656019948078	0.000913640834191236	EUR	0.711479	0.523128016562984	0.273662921713122
-0.0135280329696812	0.0267658909952977	-0.00443311081857104	-0.0194778300234221	0.000774042146455218	-0.00149433261034402	-0.00879012794728151	0.00447617594644857	0.00132600843775998	0.00234368828394613	EUR	1.0527	0.860890240134778	0.741132005559315
-0.0140078615194192	0.0274073652287597	-0.00584167892378087	-0.0210814369808111	3.21032678183833e-05	-0.00262918399549471	-0.00986330868952933	0.00135154333753584	-0.00116864263759891	-0.000399697425481434	EUR	0.991821	0.804301249755659	0.646900500358515
-0.0139153793196839	0.0272563642865014	-0.00556042390562111	-0.0196380637161521	-0.000336118760651542	-0.00258409127386082	-0.00870932179248324	0.00521692934069756	0.00121325820175173	-0.00183348768034928	EUR	-0.231896	-0.419653896423231	0.1761093927832
-0.0137540551935835	0.0268156044822726	-0.00476271181964761	-0.0197328312458134	-0.000748444412799929	-0.00315354618435648	-0.00763009970638186	0.00285734121308706	-0.000967013772645622	0.00312752328480077	EUR	0.603529	0.412707734398986	0.170327674032744
-0.0138017822878488	0.027474022713104	-0.0054668081069278	-0.0197590961505184	0.000344451322257634	-0.00433850702264625	-0.0147820934252289	0.00273754575708897	0.00146482931457886	-0.00309103981726428	EUR	0.0389781	-0.14825507922735	0.0219795685167079
-0.0135112011686635	0.0270041963517058	-0.00443713574113096	-0.0187242010924846	-0.000716906128153597	-0.00298926259420865	-0.00805955092565436	-2.93996006786604e-05	-0.00360271303096242	-0.00282037986437329	EUR	0.253683	0.0634242284071063	0.00402263274903679
-0.013760379983329	0.0273272752108897	-0.00515609891078543	-0.0194532249554041	0.00016644022371749	-0.00432985291901789	-0.00712056219830175	0.00455667133738108	-0.0016388291694097	-9.48416782783594e-05	EUR	0.758769	0.570750764830794	0.325756435554936
-0.0139458058779747	0.0270806253399211	-0.00500894509273038	-0.0193028567369205	-0.00118225548524615	-0.00371467433051204	-0.0105752035492171	0.00343380648046728	-0.00170011589895957	0.00117964594241881	EUR	0.684277	0.495742720170395	0.245760844601942
-0.0134459438721279	0.0269285304246325	-0.00545942707193738	-0.018533624587429	-9.75486854814303e-05	-0.0026157141454556	-0.00981873113024873	-0.00110022995896262	-0.00165795129610963	0.00167744232045044	EUR	-0.939292	-1.12952010225979	1.27581566140896
-0.0140127551280069	0.0278222934309031	-0.00465095401135819	-0.018610951468759	-0.000625940140197575	-0.00387547746166382	-0.00926806470886706	0.00480533329057552	-0.00305412818211128	-0.000881906345789441	EUR	0.708676	0.524140264489616	0.274723016859244
-0.0138125565936292	0.0266133012364227	-0.00664321564874566	-0.0183505339121389	0.000390607522916973	-0.0052409352188785	-0.0162236628725239	0.00580719218532384	0.000291441622121008	0.00107338177235341	EUR	1.09791	0.908104235484094	0.824653302504152
-0.0138272843411838	0.0280301039396792	-0.00514596853442933	-0.0211737034286637	0.000382278386014075	-0.00263359077597485	-0.00715018467878298	0.00141431723994935	-3.24677979110528e-05	0.000197888970526931	EUR	0.1891	0.0035252735307722	1.24275534667631e-05
-0.0139553779114315	0.027579013150263	-0.0055380842832115	-0.0190544852108332	-0.00014475465201365	-0.003860377265896	-0.0130614465103197	0.00371437453092732	-0.00312099015238781	0.000255469386382302	EUR	0.561482	0.375743553422527	0.141183217938588
-0.0138174670002853	0.0276858591501731	-0.00497647635803385	-0.0193203841119331	-0.000860975057809398	-0.00425947659045898	-0.0119386770604619	0.00306250306217498	-0.00143739508054093	-0.000962193743289392	EUR	1.17551	0.989376461018566	0.978865781617622
-0.0139877420374065	0.0274049558651429	-0.00551059614422016	-0.0192187179957902	-0.00121515620733072	-0.0039352198713306	-0.00538156549873645	0.00267206915599506	-0.000284110602210851	-0.00150699025556715	EUR	1.47577	1.2892005235729	1.66203798998064
-0.0137481310831917	0.0273689708927799	-0.00526960851090417	-0.0190960443183692	-0.00128366930263257	-0.00387763271270996	-0.0114488467343834	-0.00128780155563861	0.000160499665638177	0.00111964735168587	EUR	0.22597	0.0383890317889797	0.0014737177616953
-0.013899235385559	0.0270276006341619	-0.00481710413504892	-0.0181021060680539	-0.000327799580303787	-0.00568205698085935	-0.0159660389476927	0.00427719078918478	-0.00222144787026547	-0.00350825340790023	EUR	-0.406018	-0.594285463686502	0.353175212349081
-0.0137384773009623	0.0279011781323776	-0.00569517410212682	-0.018827547609761	-0.000353485171805372	-0.00426713578387085	-0.0100210168233672	0.00279610493725195	0.00101411094770646	-0.000108474348477582	EUR	-0.0956489	-0.280375314576926	0.0786103170241104
-0.0135705554065925	0.0268903811910588	-0.00569637557515666	-0.0198755773172553	0.000789094922849504	-0.00299072407176834	-0.00719781689712139	0.0022357861654744	-0.000784550093609692	-0.000759268462106368	EUR	1.03684	0.846108177931633	0.715899048762787
-0.0136470882913708	0.0273113992572803	-0.00490243900524112	-0.0192404266238716	0.000629633325917938	-0.00174048076709977	-0.004254136005097	0.00254097753288942	-0.00339684116749154	-0.00353346023123051	EUR	-0.404252	-0.592710906558814	0.351306218753771
-0.0137024509758088	0.0269825716229192	-0.005366582724546	-0.0191179599798609	-0.00201081681091582	-0.00359022477755719	-0.00893092324097253	0.000630345437698074	-0.00185671947994561	-0.000414501467594347	EUR	0.215301	0.0257736695200522	0.000664282040528868
-0.0138467757571135	0.0276990851095123	-0.00556850879845153	-0.0202042793485921	-0.000148454765453056	-0.00320707365542721	-0.0108812557069934	0.00449291867848676	-0.000452061862391412	0.00125320225823819	EUR	-0.681016	-0.867270261126881	0.752157705835089
-0.0139266846309127	0.0264947367181732	-0.00502495439182051	-0.018703855687934	-0.000794403148845803	-0.00583245017923175	-0.0157371896685422	0.00336490095915548	-0.000313705593507836	-0.000967346301304132	EUR	0.389331	0.198354457277663	0.0393444907219163
-0.0138839400723185	0.0266260777863943	-0.00555869173064587	-0.0188029813792937	-0.000608311831928018	-0.00396160259192515	-0.0110455144698974	0.00469143598576159	-0.000916428376782684	0.000684892742802283	EUR	0.853668	0.663358715195409	0.440044785025704
-0.0137394692463201	0.0271344430566264	-0.00518689892509787	-0.018860717181364	-0.0014282739321758	-0.00571884869675783	-0.0151587978145783	0.00475056765887844	-0.00186947057083502	-0.00188969941845006	EUR	0.791527	0.602919827693394	0.363512318625832
-0.0136588636124407	0.0271512778280471	-0.00462674227001001	-0.0187067420214281	0.000509891797419037	-0.0031451462699191	-0.00681062365160491	0.00286454432056646	-0.00030684492680418	2.3547163234658e-05	EUR	0.223689	0.0347223255493417	0.00120563989155447
-0.0136520366159357	0.0271871168457307	-0.0055016870323009	-0.0185641988727534	0.000766149174967349	-0.00632997875994309	-0.0156146306076727	0.00359708504554703	0.000694653332907593	-0.000578327930546057	EUR	0.212339	0.0240253431259991	0.000577217112321994
-0.0135353891864783	0.0277056706395298	-0.00498733419781721	-0.0202956954974836	0.000174902302991557	-0.00170660575981643	-0.000317077603301425	0.00436514790655971	-0.00030369003463081	0.00264507833772349	EUR	0.666258	0.478654051435229	0.229109700955359
-0.0137157558521186	0.026860550070345	-0.00544215725348158	-0.0190031329269574	-0.000546284921830573	-0.00462512277524075	-0.010343142339461	0.008862053235025	-0.00122374665077736	0.000498035559859423	EUR	1.04874	0.858790127970967	0.73752048390039
0.0355264851483904	-0.00116483592972128	0.000104922924548507	0.000227290718305158	0.00980563563739696	-0.0334378672077042	0.00642489989757906	-0.000544614605195905	0.0130371853844506	-0.000984435355199825	AFR	0.539203	0.0610382321358613	0.00372566578227129
0.0350882919903429	-0.000698747857084632	-0.000536846999666493	-0.0005313201562476	0.0117687794893093	-0.0380503563208315	0.00888741703143546	-0.000678965565661993	0.00411828150744025	-0.00735246693560416	AFR	1.00645	0.531780795229274	0.282790814174679
0.0355183629220294	-0.00107404300481814	-0.000304639214331837	4.96726307404286e-06	0.0102280145990978	-0.0321970341130741	0.00906760143978798	-0.000901020869764413	0.00407839013186135	-0.00645115103900822	AFR	0.470639	-0.00701660725018549	4.92327773033556e-05
0.0354125602472718	-0.000663355878099744	-0.000981226162238349	-0.000426662979428988	0.0140678014547315	-0.0406148007373088	0.011593375748833	-0.00226021766649801	0.0219937242981112	0.0104765767877205	AFR	0.611233	0.135919253753117	0.0184740435408042
0.0354543917834263	-0.00123772426795459	-0.000868758997758158	-0.000785856725834599	0.0125003603632787	-0.0358311667667032	0.00714304049729988	-0.00451479976271064	0.0123339548960922	0.0154090069912742	AFR	0.495176	0.016726614281676	0.000279779625327967
0.0362508151496666	-0.00134670733875989	-0.000146971810870043	7.83969321310629e-05	0.00971584652163112	-0.0355078315249918	0.00844344926779289	-0.00285698682822259	0.00666565384550996	-0.00706819943951765	AFR	-0.275539	-0.756971754583037	0.573006237236522
0.0354318649641412	-0.000430921960946029	-0.000238880778646669	-0.000523401979512621	0.015343046969331	-0.0459170867210781	0.0108866308619925	-0.00258566828959842	0.0153541399473479	-0.0112792961912515	AFR	0.607678	0.132982715588366	0.0176844026452562
0.035616797539704	-0.00118411798194713	-0.000338154980398884	0.000385238658973041	0.0185992580299254	-0.036778215598047	0.00752493339435669	0.00273715440681874	0.0228198880291552	0.0010847321681302	AFR	0.274063	-0.20418507965084	0.0416915467520199
0.0358384493258463	-0.00111975799901003	-0.000590050013616808	-0.000535450898347712	0.0161891188635445	-0.0434449139930304	0.00992088039799994	-0.00302802662390717	0.0130226879954155	0.00692374141384061	AFR	0.555376	0.0762203258490328	0.00580953807253274
0.0352535936054817	-0.00115178667071896	-0.000385179892622673	0.000261567963628524	0.00871477081989012	-0.029801114645366	0.00618544785035929	-0.00159731467278899	0.00802174241182336	0.00266133233284296	AFR	0.897864	0.420932618685778	0.177184269473667
0.0356777852812072	-0.000612517160358464	-0.000210729682473026	-0.000250001924416075	0.00814514910528544	-0.0357125536266502	0.00891917926678363	-0.0019342544600716	0.00759811087294855	0.00558845168484201	AFR	0.462732	-0.0134865235411434	0.000181886317225815
0.0358429134600139	-0.00108878956889794	-0.000744969534090881	-0.000177723573031703	0.00987333797712433	-0.031465287533348	0.00857320198854858	-0.00102446349352652	0.00246733415611543	0.0121182309286323	AFR	1.11599	0.637267116337319	0.406109377564882
0.0354605844971124	-0.0010842816544267	-0.000468236047238126	-0.000512620014394594	0.0141779727480505	-0.0359696873984495	0.00895545151805774	-0.0013297913315086	0.0172407356010019	0.0162846615991215	AFR	0.590191	0.112429216320992	0.0126403286825525
0.0357777698082573	-0.000984155581207671	-0.000523492271328164	3.47491481604268e-05	0.0100845506119561	-0.0356658619522522	0.00845803375037773	2.10140463276547e-05	0.013960765702157	0.0144217336715319	AFR	0.65425	0.176270287574833	0.0310712142817144
0.0351846347763879	-0.000773627463020602	-0.000520847364258407	-0.000676068010014111	0.00901519860470193	-0.0275322349728931	0.00923570266135262	-0.0033623334478695	0.0056161651123916	0.000468865965137684	AFR	-0.0244993	-0.499945711776202	0.249945714723413
0.0356529826578785	-0.000963459613279638	-0.000354603885800106	0.000315947095757424	0.0106404242462695	-0.0392268054556792	0.0108414404743266	-0.00179535005924525	0.00987722869932276	0.00171074248903608	AFR	0.969571	0.492207200721885	0.242267928442474
0.0349308135552212	-0.000633852773250743	-0.000484209403679576	-0.000328323800182024	0.0111539513606455	-0.0376850810392344	0.0126019226216635	-0.000499989903539421	0.0199019031718385	0.0177979860428017	AFR	1.50289	1.02916075224569	1.05917185396292
0.0352853441807328	-0.000693367298313059	-0.000443047827533995	-0.000375285106590675	0.0137210981273635	-0.0310578106331657	0.00710089402410118	0.00344858553307649	0.0139864647947399	-0.0074084226565994	AFR	0.821267	0.346015895961685	0.119727000258168
0.0355204113810375	-0.000679640967389218	-0.000109843028383171	0.000533736606654184	0.00786555674080498	-0.0313030122961693	0.00663845330797185	-0.0014869555795941	0.0102120349347378	-0.0114421349769108	AFR	0.638979	0.163423566829945	0.0267072621954215
-0.0123238662261807	-0.0338240321473694	-0.00206965001782553	-0.0169717740160138	0.000406317108136765	-0.000910637643992112	0.000728804488632131	-0.01366609387361	-0.000127756249582442	-0.0015051562879215	EAS	0.513591	0.0320358497800747	0.00102629567113151
-0.0124002015965339	-0.0343652705273503	-0.00224732748595262	-0.0182930077039472	-6.90999935697699e-05	0.00102759185408889	0.00345842160173605	0.000416152773592489	-0.00150589068432151	-0.000722074378384508	EAS	-0.159639	-0.644251200093121	0.415059608821427
-0.012321459099974	-0.0329792801857742	-0.00284836090235517	-0.014843010206895	0.000362060092139189	-0.000619040074358661	-0.00149996127448914	-0.0294512505396214	0.000366153530180557	-0.000618412166269502	EAS	0.00643642	-0.469410721908587	0.22034642584274
-0.0125821099624058	-0.0337436479996455	-0.00343192079513666	-0.0158942719474286	6.81792491716286e-05	-0.000619588624692693	-0.00250291032949685	-0.025085867505115	-0.000449002294925442	0.00187100486358871	EAS	0.683118	0.204144184475362	0.0416748480551107
-0.0125001796761925	-0.0330252329974591	-0.00240005554459596	-0.0141514725669798	0.000166627296003612	6.42296399330389e-05	-0.00429750552659479	-0.0288361946848875	-0.000297745472840781	0.000678849885897361	EAS	0.532326	0.0570897981171261	0.00325924504905421
-0.0123366824730292	-0.0343962846114887	-0.00234771113190452	-0.0168834316111414	-2.93055171681219e-05	0.000523176670642803	0.000819500075158123	-0.0163078878012348	-0.000484168655841386	0.000124395715730252	EAS	0.28312	-0.200906444658577	0.0403633995053499
-0.0123894680482589	-0.0343238368568507	-0.00119395548800825	-0.0176109518337075	-0.000679062688524773	-0.000339998868884999	-0.000527507943132431	-0.00397009664772761	-0.000754005464625899	-0.00250886590968754	EAS	1.04159	0.557071235963609	0.310328361938023
-0.012414047113117	-0.0334009272813428	-0.00392245325408244	-0.01581491756331	-0.000527105072698211	7.85919645665528e-05	-0.00183232728814471	-0.023426529459031	-0.000301092450673717	-0.00284443711400752	EAS	0.67239	0.194753882199209	0.0379290746316635
-0.012450362548398	-0.0326754855953999	-0.00313295115612016	-0.0155349765812136	-7.78277055219493e-05	-0.000811564736651605	-0.00355990475423587	-0.0290067361356915	-0.00102440743658473	-0.000493393544755975	EAS	0.131276	-0.343008692016603	0.117654962798941
-0.0124740079132281	-0.033772689640255	-0.00296116190972189	-0.0167392240089285	0.000427980060598042	0.000746297942370943	-0.000301530725591278	-0.00601202988356741	0.000136899501378818	0.000548959379071391	EAS	-0.0818288	-0.562065054378796	0.315917125353838
-0.0124416070482396	-0.0333146029305612	-0.00257379473220391	-0.0162852845666375	-0.000882088264565554	-0.000155848555092651	-0.00316967057013194	-0.0198820948585847	0.000532583839605734	0.00139092905569782	EAS	0.904865	0.426788516688355	0.182148437977047
-0.0124749865574441	-0.0324381362492012	-0.00309858737968108	-0.0155748538376572	-0.000178416806220283	-0.000381114483647323	-0.00269206026650274	-0.0293241443077019	-0.00191171031525408	-0.00135531247573165	EAS	0.616462	0.143339336062446	0.0205461652628229
-0.0124729829238645	-0.0335671282813185	-0.00395352742969409	-0.0158353808067785	-0.000597992546119963	0.000234848367436126	-0.000821554614588317	-0.0336440985811925	-0.000119556937071376	-0.000875591686692578	EAS	0.215205	-0.263016333250876	0.0691775915567356
-0.0123072842663937	-0.03337590732915	-0.0037984353254581	-0.0154895759708019	3.91638894640683e-05	-0.000244421170675617	-0.00231904426543027	-0.0274596499974146	-0.000450542906832718	0.00145965531172258	EAS	-0.15082	-0.628548379372833	0.395073065212215
-0.0123874583229018	-0.0334207979006758	-0.00341825144723028	-0.0151392587120517	0.000248209524450486	-0.000174380580354895	-0.00507919993050575	-0.0336738897131831	0.000156444530792217	0.000830369665709345	EAS	0.76305	0.285421453103047	0.081465405891455
-0.0124643285463869	-0.0346891232393646	-0.00191644495848069	-0.0192504228783817	0.000295879666005842	0.000247571200140589	0.000162223156904498	-0.000110236849052385	-0.00178307327968852	0.000324596579905521	EAS	0.41959	-0.067103500282384	0.00450287975014791
-0.0124094947667439	-0.0339170955814782	-0.00373681219661886	-0.0162544442948115	0.000270478220131062	0.000713341777478727	-0.00260964424736215	-0.0258263414997839	0.00133500295592953	-0.000671080774275901	EAS	0.0747359	-0.405721664741225	0.164610069240391
-0.0123853632752238	-0.034458908539332	-0.00183029108261321	-0.0166218149385568	-0.000176063305093011	-0.000540500305342144	-0.000929084599760156	-0.000485854794070789	0.000418770323216742	0.00105794517774038	EAS	0.12632	-0.357917928457657	0.128105243511421
-0.0125722428787475	-0.0337527687571719	-0.00374858562428184	-0.0158554081687341	0.000627270179614916	5.78132368727332e-05	-0.00303162738201663	-0.0289415722394323	-0.000106025850503435	0.000827444318104719	EAS	1.10477	0.625895226702573	0.391744834809065
-0.0123437442965662	-0.0332464590990179	-0.00351562148167406	-0.0142899519503598	0.000448742536636086	-0.000913771532691981	-0.00313630191726302	-0.0277293343317286	-0.00171239801142318	-0.00157331540780587	EAS	0.361031	-0.115333688090857	0.0133018596086391
-0.0125707199478468	-0.0334211673144443	-0.00383512647343394	-0.0153484919860472	-0.000103108365952857	-0.000136227573080093	-0.00469504173074367	-0.0285343722670692	-0.00018817430391024	-0.000530836674764881	EAS	-0.37268	-0.849629642579409	0.721870529549614
-0.0123179618379328	-0.0348172233651068	-0.00165792840018128	-0.0177609086227234	-0.000540399092429105	-0.000731981882088627	0.000765752367978795	0.000368219221910186	0.0013715981456185	7.91246266553388e-06	EAS	0.6603	0.17333565725935	0.030045250077531
-0.0122785589762176	-0.034420548361917	-0.000637671942195482	-0.018485900733929	0.000395702104076435	0.000635449630424147	0.00465133831595177	0.0226657997965577	0.000243169556472737	-0.00103100919930922	EAS	0.592646	0.106475992569539	0.0113371369936685
-0.0125970905186766	-0.0342842803523669	-0.00369521910629254	-0.0162540977252859	0.000730953632732032	-0.000140555475975491	-0.00120821199618566	-0.00848824089145908	-0.000148744748291072	-0.000744874662971991	EAS	0.752906	0.271324988639618	0.0736172494602887
-0.0124876493761273	-0.0329656786363193	-0.00381454202020426	-0.0148288003962917	-0.000847694382689262	-0.00101585074816927	-0.005607213845879	-0.0264703909647617	0.000672865056972449	-1.65857935558748e-06	EAS	0.335191	-0.139565174280246	0.0194784378718755
-0.0122558549984145	-0.033496840931459	-0.00179703007225641	-0.0162048208688139	0.00112699289112668	0.00031626464929967	-0.00138846433172337	-0.00403093981043843	-0.000291574441513693	-0.000818417450563598	EAS	0.198516	-0.281363323818999	0.0791653199904748
-0.0124249392512618	-0.034154147622182	-0.00404721732358547	-0.0150798305187076	0.000315956161884126	3.07153779886514e-06	-0.00220855579240665	-0.0303496833234688	-0.00135040711623918	-0.000311486671598283	EAS	0.861773	0.381143530815197	0.145270391082275
-0.0123095944876498	-0.0333259409764377	-0.00317709363082431	-0.0153552281711146	0.00139496259427377	-0.000453252978225445	-0.00272477877597375	-0.0253875780303075	0.000103398619570829	0.000894194189142343	EAS	0.167728	-0.309966372692119	0.0960791521999094
-0.0125198117327529	-0.0337309749050678	-0.0025823300881564	-0.0162538357476624	5.31211942274589e-05	0.000168604103237434	-0.00198970682160899	-0.0170623593785077	-0.00098857995106849	0.00259868757224027	EAS	0.474985	-0.00477117764344626	2.27641361053214e-05
-0.0125533651115801	-0.0343687703094909	-0.00153831913065354	-0.0167733218703577	-0.000696877806241761	0.000766504412318133	-0.000399920322014627	0.000454158336200071	-0.000322205302948159	-0.000558305671309982	EAS	0.325989	-0.157493979267973	0.0248043535056606
-0.0124448892149762	-0.033032763879719	-0.0030108311415189	-0.0154511493271652	0.00016809737385192	0.000489351939089271	-0.00367498490937742	-0.0275835780716719	-0.0008041012624153	0.00181847570107082	EAS	0.525946	0.0499508108538262	0.00249508350495473
-0.0123780122570743	-0.0333966040256235	-0.00368643884615945	-0.0149935098307395	-0.000345109624740917	0.000967912889934633	-0.00407779299722747	-0.0323595631676871	-0.000197915322650588	-4.82097941084384e-05	EAS	0.285506	-0.191819693789243	0.0367947949253989
-0.0126406971572665	-0.0335008166455966	-0.00382459445702576	-0.015044567032931	-0.000315748350701208	-0.000360509993505074	-0.00300038485258482	-0.0312066065110578	-0.00160703637433658	0.000561797855255942	EAS	0.518115	0.0412129074567314	0.00169850374103711
-0.0122085906227272	-0.0332750615249118	-0.00304986867868895	-0.016025851052355	0.000458141676718755	-0.000731615896375611	-0.00418220684792664	-0.0312674490013773	0.000132130663602347	-0.00152824431925976	EAS	0.303212	-0.175069141120066	0.0306492041725175
-0.0122355668730528	-0.0348067587332654	-0.00308529549385279	-0.0160791566014567	-0.000239245296814475	0.00083836380538784	0.00076241188905701	0.00433196900377267	-0.000689266764644428	0.00131311930540185	EAS	-0.298582	-0.784023973727209	0.614693591379004
-0.0125387022391368	-0.0339366493170135	-0.00330943102230612	-0.014773944759455	-0.000966735054910257	-0.000398473132291926	-0.00335309435982234	-0.0270811203106416	-8.29019868732593e-05	-0.000766324753435876	EAS	-0.136037	-0.615412764401209	0.378732870587938
-0.0125208822010411	-0.0336014431573884	-0.00323369642644126	-0.0150314350699339	-0.000412728647237588	0.00143365505669402	-0.00195088849568198	-0.0273632229799665	-0.000622731778712033	-0.00017221445335962	EAS	1.42602	0.947967539114613	0.898642455215015
-0.0125662283297542	-0.0347387505542982	-0.00253425968008682	-0.0175616626653908	-8.3444405937912e-05	-6.75102813883529e-05	-4.06573029503461e-05	-0.00322315563494202	-0.00179845838447706	-0.000229847618280773	EAS	0.139691	-0.345525023815159	0.119387542082466
-0.0122386473154335	-0.0341636896370147	-0.0023834555336256	-0.0172133653496117	0.00126340829161997	0.000612158413783895	0.00220821251362355	0.00259570774054694	0.00101272385147134	0.000424605796423104	EAS	1.0092	0.525749518766358	0.276412556483057
-0.0123977781464778	-0.0344094791495547	-0.00394697674262162	-0.0160467416146387	-0.000517156317805679	-0.00145271209358372	-0.00435470554115397	-0.0322713206812976	3.04549555505602e-05	-0.000351506796984351	EAS	0.0642085	-0.418381800219763	0.17504333075513
-0.0123445135744133	-0.0342451976754437	-0.00142917703839451	-0.0170272631369113	-0.00108119149090648	-0.000149551228666999	0.00266254814568385	-0.00185713980255335	-0.000203887236062614	0.00136567719657035	EAS	1.02134	0.537525241929781	0.28893338571167
-0.0125267148350657	-0.033782609667802	-0.00310619360676147	-0.0163259674817374	-0.000158353045650453	-0.000411250607249862	-0.00486805113475516	-0.0329226497112191	0.000154434767739821	-0.000667500088311849	EAS	1.01968	0.539906194623828	0.291498698993183
-0.0124162136544565	-0.0339210028665458	-0.00257883517820484	-0.0172421957210843	-0.00053730748796468	-0.000416421299090192	-0.00297726659282637	-0.0191371676644292	0.000403309610504848	-0.00143437874391679	EAS	-0.123964	-0.605597092892347	0.366747838919662
-0.0125808004276562	-0.0336699464767487	-0.00338814628096803	-0.014963716103028	0.000487218137912376	-1.59979899403356e-05	-0.00358263960023159	-0.0315445080126353	0.00062461057178212	-0.00191938466044614	EAS	0.140644	-0.337414120505985	0.113848288716827
-0.0123428406273104	-0.034895691969801	-0.00185891396791295	-0.0182229751298982	5.42273166117097e-05	-0.00018298477353734	0.000906068372411519	-0.00105968470842566	-0.000199082344838978	0.0010336734888336	EAS	-0.275112	-0.762562183595219	0.581501083849508
-0.0125193487860139	-0.0347621910122023	-0.00344452577332028	-0.0181537452475778	0.000414794807558652	5.19146476228333e-05	1.32395652869362e-05	-0.00408886741642262	-0.000173721010083846	-0.00146615600169937	EAS	-0.343017	-0.828445770360571	0.686322394428321
-0.0125955038759288	-0.0339767188690159	-0.00328180286097272	-0.0157619050493509	0.000786749204391678	-0.000608907499727492	-0.00306848977346301	-0.0276586773264382	-0.000971558138720838	-0.00080668583495506	EAS	0.977438	0.497421342183648	0.247427991659782
-0.0123017005615981	-0.0336583074560298	-0.00338619586965642	-0.0161930626413568	0.000383093837957702	0.000391996014321011	-0.00280936942831031	-0.0258209396411931	0.0012494883604534	0.000586082354899704	EAS	1.1231	0.643374957973231	0.413931336547057
-0.0125917682610161	-0.0334744241437417	-0.00288004589060547	-0.0153221676019621	0.000313710867780714	-0.00019461811548556	-0.00308249142524527	-0.0323129665976256	0.000855682422391835	-0.000212546404146992	EAS	0.266163	-0.211404654910123	0.0446919281176681
-0.0124061331010041	-0.0344863398767703	-0.0036182440042107	-0.0166571145118161	0.000231531945338573	-0.001271283641505	-0.00556354177886358	-0.0310674846938731	-0.00359602069291449	0.0010323597296995	EAS	0.896212	0.412741666305972	0.170355683105031
-0.0124186196278928	-0.0334150738452923	-0.0033249699177715	-0.015410914860597	-3.3013406853989e-05	4.94331668255683e-05	-0.00164118038233374	-0.0288151742272608	-9.23164973597129e-06	-0.00117303743391391	EAS	0.97836	0.500645800604926	0.250646217663347
-0.0124117795236164	-0.0334109961863398	-0.00445701741341818	-0.0144599481289662	-0.000312544596572806	4.38469155938386e-05	-0.00351651380707915	-0.0314575431014175	0.000839123119891522	0.00104142704508311	EAS	0.455043	-0.0215310320992008	0.000463585343256816
-0.0124441530165186	-0.0333348968995084	-0.00367474596586465	-0.0147101332329477	-0.000933150841358329	-0.000715560949608955	-0.00326474489037135	-0.0297595312654203	0.000554546287832229	-0.00128200478280727	EAS	-0.122796	-0.599433036163183	0.359319964843812
-0.0123643219116104	-0.034546396362453	-0.00251026637350283	-0.016732005479421	0.000992057488218809	-0.000634828308438895	0.000179785863723435	-0.00691637574512674	0.00119245447743758	-0.00042494174629706	EAS	0.851491	0.367022166456395	0.134705270670346
-0.0124478391740751	-0.0337992687082693	-0.00364474673456134	-0.0156631894593376	-0.000147979428188483	-0.00109675622071162	-0.00384970256605394	-0.029161359211542	-0.00111373324987335	-0.0009385073899541	EAS	0.237037	-0.242402319977034	0.0587588847302483
-0.0122469413892449	-0.0344273285923481	-0.00141929519381373	-0.018132925742882	-9.02664210017368e-05	-7.55062287943822e-05	9.71013605922234e-05	0.00325129120401763	-0.000844659597762393	0.00212999358437542	EAS	0.847988	0.362276110730126	0.131243980405746
-0.0124832142916084	-0.0331969484875818	-0.00426755487387022	-0.015116421697886	0.000328788719354551	-0.000158199035909826	-0.00509045661378298	-0.028831304784764	-0.000336699437271207	-0.000508776153048978	EAS	0.807108	0.331276712719586	0.109744260390295
-0.0124124602831961	-0.033026960519245	-0.00434441057183234	-0.0141981714520225	0.000564120247963781	-3.01363069045717e-05	-0.00344799233522733	-0.0271444947648331	8.24129551719961e-05	0.000585600819170379	EAS	-0.640787	-1.11543166779353	1.24418780551666
-0.012361519306657	-0.0340306014811329	-0.00357525818537548	-0.0161012539340576	-0.000890255996004481	0.000702276211258374	-0.00200621965500781	-0.0197178216692148	-0.000559977901755173	-0.0011316387498002	EAS	0.219041	-0.262093071489068	0.0686927781225739
-0.0123523669580504	-0.033759833197695	-0.0036490819057113	-0.0145302571485055	-0.00107689189896036	0.000120378461069852	-0.0042892462669471	-0.0313557194516715	-0.00123464387365191	-0.000219149441690865	EAS	0.751372	0.272521920725812	0.0742681972760859
-0.0123840848687935	-0.0337399618684093	-0.00339418668037898	-0.0150883161632935	0.000547525293922262	-0.00133893260020701	-0.00188286007449535	-0.0331819894110991	-0.00102532498828595	-0.000204661525132102	EAS	0.460043	-0.01908331149254	0.000364172777521309
-0.0125715764929216	-0.0332763506478369	-0.00421227603527617	-0.0147260274844921	-0.000289359734144097	-0.00254872650597623	-0.00275884714914315	-0.0285790280751962	-0.00188229014775546	-0.00115655642065859	EAS	0.937141	0.461454022165871	0.21293981457306
-0.0125060195641223	-0.0345372011741488	-0.00253132335860627	-0.0175345950997164	0.000218352588724363	0.00131733923180585	-0.00126634937512945	-0.021092700242352	0.000227158276706024	-0.000863071622986912	EAS	0.246518	-0.237932550021453	0.0566118983597114
-0.0124891954998001	-0.0335801583057533	-0.00325925519159073	-0.0151545243706536	-0.000387261942103896	0.000526089899326447	-0.00303348571937354	-0.0275935122707685	-0.000631682756129885	0.000398786913567615	EAS	0.824701	0.346576332650608	0.120115154353545
-0.0124016563377349	-0.0343593398338841	-0.00204581313689316	-0.0166449284157531	0.000976043079182852	-0.00171413751671275	-0.00145050978586344	-0.000392158856929907	0.00157666639143004	0.00222241738909749	EAS	0.67433	0.190704809946201	0.0363683245366168
-0.012253503823709	-0.0341799806316929	-0.00137836136383307	-0.0175960090899724	-0.000841945062203793	-0.000927951999767889	0.000128188665852621	-0.000919558083608657	0.000349549497934062	0.000568612129231341	EAS	-0.0341226	-0.518321607917764	0.268657289234456
-0.0122602851350531	-0.0326937263072536	-0.0032551231755241	-0.013966047415627	-0.000325484706422676	-0.00120996564950932	-0.00438881219796338	-0.0316165588530119	-0.000911167291118623	0.00042139247080262	EAS	-0.369114	-0.843065992612521	0.710760267899735
-0.0124638251204981	-0.0332648556214148	-0.00314414899931604	-0.0151919145920902	0.000562338640650244	-0.000665741085094489	-0.00385421908363208	-0.0291434126423695	0.000288164920687195	-0.00133152606554897	EAS	0.330279	-0.146520241639352	0.0214681812100541
-0.0126850894544785	-0.0333876598246516	-0.00378833704506669	-0.0145298990200695	-0.000277886381764499	-0.000541942462824633	-0.00253254177675646	-0.0268506701070137	-0.000124305944470822	-0.000651584753011693	EAS	0.815683	0.339775154818385	0.115447155831857
-0.0125485457812073	-0.0336346719363067	-0.00415448603188923	-0.0158272436014406	-2.37404265963412e-05	0.000836535237822729	-0.00440674637207566	-0.0280731644999427	0.000714001235309689	-0.000623267989403079	EAS	0.732184	0.253998258854143	0.0645151155009361
-0.0124079591354253	-0.0347551740432796	-0.00254122275024644	-0.0164114702786224	8.69475644644395e-06	-0.00067143116938332	-0.0020987336264157	-0.0162631828244024	-0.000748168877643345	-8.15794233524175e-05	EAS	0.198736	-0.28635337456239	0.0819982551232681
-0.0124888681049096	-0.0328501785168465	-0.00323668895504415	-0.0148629121424279	0.000110358659079089	0.000724728749097865	-0.0030673043381025	-0.0293939465588893	0.000179797608880779	0.000694095193608708	EAS	0.403042	-0.0714609572992227	0.00510666841812134
-0.0124148378983869	-0.0341777092649246	-0.00379040569872433	-0.0148452540000621	0.000502145839439783	-0.000602683678661149	-0.000750568328591983	-0.0211448107684598	0.000117689621851319	-0.0016043404115435	EAS	-0.285593	-0.766340328594976	0.587277499231056
-0.0126757413657648	-0.0339243241751621	-0.00359985033888862	-0.015806003002341	-0.000404003609314823	-0.000801656805374784	-0.0040437808473963	-0.0276400137107577	-0.000822922565189287	-0.000294353965711843	EAS	0.191608	-0.287768498459714	0.0828107087057586
-0.0125100972866545	-0.0324311669363377	-0.00287507850163934	-0.014764043877256	0.000889520388496231	-0.000563103719270563	-0.00384416138258491	-0.0308582425070756	-0.00110420791310925	0.00113705653462788	EAS	0.919227	0.446665511614246	0.199510079265616
-0.0124195780789275	-0.0342315834164249	-0.00187951205492257	-0.0168741831119349	-0.000242828321769359	-0.000620162616281837	0.000937302124222386	-0.00615466610806802	0.000841789316826796	0.000521214745883753	EAS	-0.0589824	-0.542169054981984	0.293947284180058
-0.0123645876283996	-0.0340110638431253	-0.000581682134098537	-0.0188563433118846	-0.000962340221825225	-0.00016174418693361	0.00437739368121657	0.0224936972914665	0.000275095478031093	-0.00142897459347412	EAS	1.0092	0.524990498933114	0.27561502397004
-0.0123352707536418	-0.0342023424442804	-0.00220765303742458	-0.0171029347306516	-0.00072284108037228	-0.000304389091997097	-0.00165248650451153	-0.0119900963501933	0.000551296985273032	-0.00185996048957241	EAS	0.221238	-0.262083585320329	0.068687805694358
-0.0122732313129659	-0.0339011943979268	-0.00251449553033781	-0.0179390405957135	0.000288338823462522	0.000563697626115968	0.00200046332911343	0.00716296641849291	0.000110376936859861	-0.00106659032688861	EAS	0.682	0.199505518913534	0.0398024520769583
-0.0126057112194644	-0.0344572697679532	-0.002573079944708	-0.0164957200306552	-0.000600193819082071	-0.000294961312190274	-4.01148449401877e-05	-0.0123194509329934	-0.00107960138817074	0.00077244505484027	EAS	0.234404	-0.248652391194365	0.0618280116466757
-0.012335228198283	-0.0352721391167232	-0.0025121405451794	-0.0185116722907982	-0.000899605158774101	-0.00023379634682123	0.00168035029914906	0.000807413419641382	-0.000586815816577669	-0.000955151258368945	EAS	0.598046	0.10891882073055	0.0118633095093338
-0.0124400045871511	-0.0344254230902189	-0.00366652550208939	-0.0162576809321399	0.000735284662116324	0.0001702447822854	-0.00231402142988143	-0.0202340409877588	4.29532793573429e-06	-0.000605684118858316	EAS	-0.26585	-0.748641398823438	0.560463944032314
-0.0122898778003447	-0.0343509494174373	-0.00213977386605614	-0.0174506539666527	-0.000500869092411101	5.89021480438867e-05	0.000986477486816701	-0.00433832302417619	-0.00232071318527826	0.000613956085766426	EAS	0.785909	0.301479225246044	0.0908897232549547
-0.0124533482405455	-0.0335946194010271	-0.00413153225205166	-0.0160210928793442	-0.000195561993745571	-0.000832106877859141	-0.00261357648800425	-0.0313946650424928	0.000697979564173797	-0.00108074569522572	EAS	0.690495	0.212044150926472	0.0449627219421283
-0.012299146792299	-0.0348405365872984	-0.000882085923062439	-0.0193630236910447	0.00110098338831385	0.000287912443648117	0.00232401416174237	0.00405143885929584	-0.000874104478388511	-0.00119666536221284	EAS	0.697544	0.209016936439306	0.043688079718473
-0.0120917298027902	-0.0342073937101271	-0.00200867139098297	-0.0165546834784213	0.000879636049091628	0.00072548948924311	0.000290564258684386	-0.00643006207052496	0.00173716079285712	0.00171399556060237	EAS	-0.298605	-0.782514102667787	0.612328320873972
-0.012156625563866	-0.0340897264542711	-0.00151717990040795	-0.0168074518763781	-0.00117926652813768	-0.000390877248101495	0.000453548901713303	-0.00367628997666836	-0.000877667700531933	-0.000485701793736195	EAS	0.768107	0.284577071542309	0.0809841096475964
-0.0123249069868698	-0.0342368990538564	-0.00141142824240363	-0.0186375397260254	-0.000132450004226723	-0.00172497880149745	-0.00032992176536783	0.00461645465196082	-0.000723086837243585	-0.000741003337124971	EAS	0.513776	0.0289003064784463	0.000835227714548127
-0.0125740154510098	-0.033518858751337	-0.00428188813077965	-0.0156128226543935	-0.000155654575915149	-0.0011316031411999	-0.00179828015975249	-0.0276899732860282	-3.05611680686404e-05	0.001276869982597	EAS	0.00547934	-0.47187666958257	0.222667591296338
-0.0123125152587456	-0.0340323161618245	-0.0035710022650956	-0.0164391594742613	-0.000118985018283564	-0.000342933525670443	-0.00170820432726959	-0.0220775908456061	0.000132754323836888	0.00109823134783448	EAS	-0.388241	-0.869765114616496	0.756491354603846
-0.0123160754073961	-0.0321412823612053	-0.00367142800507716	-0.0147602749430772	0.00165329843740072	0.00103359181460668	-0.00500809042877428	-0.0279726622543158	-0.00162667218798536	-0.000927833778274889	EAS	0.264638	-0.20682535726565	0.0427767284080638
-0.0123295236583815	-0.0334608106307393	-0.00393442337159684	-0.0148382378749655	0.000315209593752177	-7.24451173077888e-06	-0.00267831773725275	-0.0281336556401496	0.000237553759195441	-0.00145524761230016	EAS	0.180376	-0.297199090647799	0.0883272994818788
-0.0124809544331267	-0.0344382858518333	-0.00286579857695385	-0.0172440909996847	-0.000879767009363677	0.000871675025850586	0.000221411463642695	-0.00919704762145728	0.000615583313708678	-0.000317890186056969	EAS	0.552969	0.0692454603813686	0.00479493378342769
-0.0122681491127519	-0.0344770529852653	-0.00241765739962267	-0.016861692816144	9.58455659963581e-05	-0.000294364163265048	0.00206472504034823	-0.00644500171573387	0.00034861455834406	0.000732411342814052	EAS	-0.165219	-0.649810109750397	0.422253178733823
-0.0123187034655669	-0.033757989341503	-0.00306802251040164	-0.0153053942054792	0.000162303570742151	-0.00110676230144402	-0.00358257034890887	-0.02928036609948	-0.000588743324441291	-0.00204636264533633	EAS	0.597516	0.117791529919747	0.0138748445208346
-0.0123684089568798	-0.032323965478139	-0.0025844906048366	-0.0155280305080661	-0.000217730118296017	-0.00097269942341251	-0.00290186708481467	-0.0277889383051822	-0.00115683590130618	0.000365012570296296	EAS	1.00647	0.533313924522025	0.284423742089084
-0.0125249053161174	-0.0324913010424504	-0.00322658499370813	-0.0143776373073289	9.04936517597306e-05	-1.57397295126758e-06	-0.00260314994990357	-0.0281688866428378	-0.000801893370788654	0.000186420107592261	EAS	0.635204	0.162821485353917	0.0265108360928559
-0.0122564376474159	-0.0345840175649288	-0.00187583130410373	-0.0176080083935651	0.00094025155760581	-0.000332717475353356	0.00115729674542677	0.00517368185035525	-0.000311812269076596	-0.000537538859876881	EAS	0.94418	0.458311357739992	0.210049300633475
-0.0126454664013253	-0.0335518840413484	-0.00361162819916606	-0.0164777485449373	-0.000200446001995425	-0.00187573637042478	-0.00233349641377359	-0.0254044555443692	-0.00116334806780386	0.000396984012294858	EAS	0.625195	0.147053513034817	0.0216247356958811
-0.0123599879136826	-0.0341761609492076	-0.00257535088398285	-0.0168211483972504	-8.32898184616224e-05	-0.000680652276629068	-0.000170724130103223	-0.00849175586232328	-0.000369799997702733	0.00049461786420597	EAS	0.82243	0.339669410616509	0.115375308508566
-0.0123822777808329	-0.0341245527051676	-0.00219216060484323	-0.0174667168143643	-0.000933888034654068	0.00103982435398114	-0.0011150960167989	-0.00751170943231434	0.000797098647965934	0.000751908461787662	EAS	-0.446818	-0.929853333330647	0.864627221506115
-0.0125704111143417	-0.0337951901330259	-0.00413327892717659	-0.01464437316651	-0.000329416392673065	-0.00197070851614659	-0.00196425267965546	-0.0283469712403604	-0.000295130985427283	-0.0004635612036226	EAS	0.257928	-0.220198956168693	0.0484875802977821
-0.012410568533356	-0.033405405886696	-0.00324819007172473	-0.0147999656500746	-0.00015630700852935	-0.000538141751747978	-0.00372955990968586	-0.0284691088644974	-0.000722998548355736	0.000967262406402711	EAS	0.607088	0.129745115137563	0.0168337949020594
0.035411533450341	-0.00093906143814107	-0.000550204438300862	-0.000404671112958226	0.0100102091525091	-0.03970249115629	0.00964403446977357	-0.00131777257585458	0.0130539229747134	-0.00402556915779097	AFR	0.78734	0.310536654846844	0.0964330140034676
0.0355320107681905	-0.000482908036920716	-0.00018906084486041	-9.41088962442417e-05	0.00819127199028846	-0.0366366687642286	0.010568850918511	0.000177901055512381	0.00868575635137452	-0.0056914835949233	AFR	1.18816	0.713132470560982	0.50855792056841
0.0354095742779834	-0.000930660957289175	-0.000598320728541941	-0.000464022628846295	0.0106848206935166	-0.0335675598797887	0.00775067906965717	-0.00168707652270954	0.0124025042327416	-0.00516905705420005	AFR	0.0763322	-0.400439824353478	0.160352052928244
0.0357390111437359	-0.000799249513893516	-0.000395973188713475	0.000510332505986464	0.0124846274871953	-0.0359721494057451	0.00802197020359017	-0.00669724946844197	0.0115146390097447	-0.00472524418523212	AFR	0.955527	0.478793206633334	0.22924293471823
0.0354503104443233	-0.000933825175609607	-1.22247045939029e-05	0.000371206579280249	0.00693316021605172	-0.0342614768184909	0.00851757682128422	-0.00251866249880094	0.00672516017787167	0.00314874357123762	AFR	0.780471	0.303800641830352	0.0922948299765338
0.03531835533365	-0.000897611441852014	-0.000472104816407489	-0.000422358576822399	0.0100321568105792	-0.0275074819415198	0.00873277176250408	-0.00157840238377042	0.00447620777780283	-0.00626195674960741	AFR	0.202435	-0.273907868791469	0.0750255205858847
0.0356076040097542	-0.00138259677284863	-0.000178301021458115	-0.000201148490888655	0.00819109605015459	-0.0304416333480678	0.00871191694959749	0.00333283268730706	0.0155820783590321	0.00240545406216962	AFR	1.15409	0.674485842062538	0.454931151142811
0.0354874742521712	-0.000873746081882755	-0.00087455825906096	-0.00097543632274334	0.00702330666726692	-0.0311620421058429	0.0103675945787893	-0.00204143098876816	0.00325292346645559	-0.00178078755333517	AFR	0.757454	0.280494543390235	0.0786771888716966
0.0360924961216698	-0.000651041084890098	-0.000640463852545933	-8.06919247940549e-05	0.0221809383032096	-0.0469273552852516	0.0134000414470759	-0.00182119625959793	0.0276980883991109	0.0123038370397122	AFR	0.341243	-0.136238853902032	0.0185610253125391
0.0358004499939177	-0.00126914574599593	0.000439744291170719	8.41438091055774e-05	0.0139432668227864	-0.0353074135021054	0.0057274150726598	-0.00162770622797152	0.0125516896860377	0.00850787960504058	AFR	0.697149	0.217320660568152	0.0472282695097779
0.0353027256271686	-0.000711725308147461	-0.000406692854809537	-0.000366117087392246	0.00721629379818977	-0.036060023935074	0.0112374417713126	0.00156723288547743	0.0155796092410002	0.00969889525706709	AFR	0.297462	-0.177945655205648	0.0316646562065674
0.035403263640846	-0.0010065129489357	8.29665505592882e-07	0.00023136195717236	0.010756538867013	-0.0295387656542958	0.00521272470299822	0.00028648674882415	0.0058751583667967	0.0112647849581894	AFR	0.72871	0.25175912348593	0.0633826562584039
0.0349068926782628	-0.000659858800402793	9.08400035465681e-05	-0.000988036974211597	0.0120514810498214	-0.0279702981572649	0.00970175968709034	-0.00370891355786739	0.0126307501322885	0.000946753214209935	AFR	0.152983	-0.32148229678972	0.103350867149194
0.0358067729638577	-0.000882748747831744	-0.000632267480886753	8.98764703259005e-05	0.00795679989998332	-0.0365245260920556	0.00863232301885209	-0.000736004279932806	0.0101552060048251	0.0116810651689788	AFR	0.945781	0.468269608333844	0.219276426089132
0.0352190820550137	-0.000638357585267491	-0.00062485026033386	-0.000323491873892576	0.00785174979695997	-0.0346361113941529	0.00948557815715073	-0.00109012817565246	0.010393347444995	0.00561238903112778	AFR	1.60348	1.12883077318598	1.27425891449165
0.0352391035285708	-0.00123672763217918	-0.000304080122272218	0.000108056175915116	0.00872530977400208	-0.031035687035624	0.0100221304240696	-0.00106186636362875	0.00586597390248044	-0.00794515769069274	AFR	0.465446	-0.0119742187218113	0.000143381913997775
0.0355832209273103	-0.00112149456072157	-0.000213294709686211	0.000120360189283329	0.00453474938027754	-0.0296183241885925	0.00598319022451203	-0.00101748628871896	0.0129730867563583	0.00282437357194704	AFR	0.226706	-0.251361567337685	0.0631826375344574
0.0357686858562325	-0.00127221952293282	-0.000590536135082378	-0.000282784362839244	0.0137898848553771	-0.0338713249332216	0.00890252137339333	-0.00101018876132721	0.00978406447657087	-0.00330255157555715	AFR	-0.103704	-0.58318415813492	0.340103762299535
0.0354928987110744	-0.00144330715585927	0.000426311909862884	-0.000190219052642059	0.0119622165339802	-0.0325619289006526	0.00878273411028293	-0.0037310518551827	0.00434930107820479	0.0172606706099109	AFR	0.517832	0.0380461066085411	0.00144750622806848
0.0359030658406467	-0.00109892788435953	0.000223862006204408	0.000635192696637388	0.0146519646317976	-0.0460631396756259	0.0102692634889699	-0.00166740607354061	0.0119763681207298	-0.00442927694153692	AFR	0.512388	0.0334724646675507	0.00112040589092043
0.0348934159940006	-0.00067198192518221	-0.00077322988776388	0.000791870603314449	0.0120327275796941	-0.0361881696498993	0.00672455598034971	-0.000580490232094078	0.0195168949336201	0.00149175333759564	AFR	0.872155	0.399222314449028	0.159378456354039
0.0355861014321123	-0.000920621142423946	-0.000695871940384888	-0.000746136545580583	0.00519402390835688	-0.0276746807003106	0.00644250156331163	-0.00266076969855453	-0.00205822336883093	-0.00967599693697675	AFR	0.364037	-0.113414115987025	0.0128627617051184
0.0359609584425089	-0.00097163091840469	0.000188127692879058	-6.70409948778e-05	0.0130625528000764	-0.0364682936544629	0.0109109246020594	0.00309482419744963	0.00523779224967605	-0.00133420520264204	AFR	1.19674	0.717800805491692	0.515237996364522
0.0357989093111907	-0.000760750309193455	-0.00048204243561084	-3.28989598241332e-05	0.0106980633989338	-0.0339076427443118	0.00737230675610814	-0.0031724372297573	0.013625022287936	0.00295344155436705	AFR	1.08704	0.609981624037221	0.372077581663086
0.0353232959976031	-0.00125472715555441	-0.000542567632064564	-0.000416309017995341	0.0110022943972391	-0.0264511111676193	0.00446115401725628	-0.00213730775626274	0.0118176573325079	0.00717481711684791	AFR	0.556615	0.0786061829700467	0.00617893200112046
0.035247644772359	-0.00100752304654986	-0.000890812375057925	-0.000100982070637814	0.0115990223128221	-0.039714038559589	0.0102878713472195	0.0012765326191025	0.0102983234283306	0.0144068086632375	AFR	0.168809	-0.307411642035216	0.0945019176587877
0.0355954002572377	-0.000913778758391511	-0.000518754832347667	-0.000357638174368305	0.0136946057599037	-0.0326698554296501	0.0107019042214631	-0.000578579228053932	0.00704434331040122	-0.0116095773161414	AFR	0.655008	0.177721257611449	0.0315848454069949
0.0353869203049265	-0.00102473763797296	-0.000597748952168935	8.64219158435605e-05	0.014303425089433	-0.0363653942958679	0.00931287740306009	-0.000746235969634858	0.0253467781609285	-0.00433986457412395	AFR	0.423154	-0.0536358525760806	0.00287680468156305
0.0352468513668865	-0.000546463790086072	-0.000366589353608612	-0.000798143260102238	0.0115699632429351	-0.0339547758634776	0.010480622093384	-0.000685679094344232	0.0114974685391652	0.000355876944615179	AFR	1.03883	0.564096357608097	0.318204700666722
-0.0121357362000658	-0.0338530877414905	-0.0041066584278514	-0.0142366506919536	-0.000123916024159948	3.3020173953958e-05	-0.00789764353900499	-0.0738482094166169	-0.000436670267200024	-0.000399986115020689	EAS	0.441481	-0.0381329096652184	0.00145411879953571
-0.0121522048161067	-0.0335615228069585	-0.00411304392890351	-0.012858184468795	-1.78620509279219e-05	-0.000506720455047606	-0.00799422733844578	-0.0756852628141442	-0.000905692584230049	0.000229476271681773	EAS	0.175276	-0.302024306879922	0.091218681946297
-0.0123451889763554	-0.0338471987317483	-0.00404163826323509	-0.0135244271256597	0.000106301859945027	-0.000753630809217304	-0.00795242265512513	-0.0728653804124336	1.94273301730306e-05	9.0783284467803e-06	EAS	1.02849	0.550030511344841	0.302533563410267
-0.0122138039463374	-0.0336185477978898	-0.00358024409423848	-0.0136701878258433	0.000559386013304237	0.000476660859476362	-0.00711534927874959	-0.070225470797501	-0.001025129789698	0.000850055021458589	EAS	1.42795	0.949816810621314	0.902151973738846
-0.0123759657682293	-0.0339591865816076	-0.00248373875556273	-0.0143474139980568	0.000460638097091359	-0.00100222496717427	-0.00450203393613822	-0.0587260712553125	-0.000847006681944965	-0.000242654024547976	EAS	0.319648	-0.160501783536376	0.0257608225183577
-0.0125564206846098	-0.0337746940741887	-0.00409393529424333	-0.0139832453740872	0.000310313443384153	-0.00242584704312943	-0.00717611767114175	-0.071293511867585	-0.000362645903491413	0.0011625538773454	EAS	0.767975	0.290300303486497	0.0842742662043521
-0.0123895560990376	-0.0337822912500946	-0.00448806502104794	-0.0133293137740235	-0.000579111509036488	0.000444307146214296	-0.0068842826751626	-0.072273231415466	2.8581902117492e-05	-0.00156089773786334	EAS	0.272236	-0.205431351590491	0.0422020402162961
-0.0122386444591891	-0.0336678543259868	-0.00479342777197202	-0.0135475325616722	0.00107588624903614	-0.000574773308955976	-0.00850508176798907	-0.0732391385860702	-0.00178242941483504	-6.91150703750306e-05	EAS	0.432645	-0.0449828116866941	0.00202345334724058
-0.0122947253021622	-0.0333664059337217	-0.00361430033917235	-0.0125148696941027	-0.000663321465881219	-0.000953544977584409	-0.00830403102307877	-0.0756477150033817	-0.000135488885616718	7.09999280164312e-05	EAS	-0.0222753	-0.498193515811819	0.248196779196941
-0.0123079832283445	-0.0331160808753249	-0.00376253189208706	-0.0132996948096551	0.000249267319212123	-0.000769675441045602	-0.00767235615886996	-0.0664344335385604	-0.00138711096133681	-0.00134272576542782	EAS	0.612935	0.137814134810605	0.0189927357535955
-0.0123525045827501	-0.0334947258640363	-0.00450383591418081	-0.0126187251629222	-0.000279702599081531	-0.000403398235098138	-0.00906374954701252	-0.0748600832938672	-0.00208325174724376	-0.00149818214331086	EAS	0.607423	0.131449519749638	0.0172789762424105
-0.0124230406353127	-0.034015347882078	-0.00349443495366309	-0.0142859778821664	-0.000120166855579233	-0.000845515770354814	-0.00708210662992779	-0.0718642964121409	0.000643648726779121	-3.50161384859795e-05	EAS	1.04835	0.568612683679358	0.323320384041041
-0.0123632342140203	-0.0335659666795954	-0.00422259831407087	-0.0131762406380556	0.00103214794000711	-0.000502844814881573	-0.0067875952914384	-0.0646234881526085	-0.000378149702683581	-0.000130309914072893	EAS	1.02862	0.551857256827256	0.304546431912904
-0.0125444506289715	-0.0330967034560275	-0.00385325837803679	-0.0125287795820178	0.00017449583786516	-0.00072265631481925	-0.00607313539148662	-0.0723245257716444	-0.0004703461949601	0.000321847543577504	EAS	1.14564	0.671939455351778	0.451502631658444
-0.0124887899426659	-0.0334789898903572	-0.00439663121538738	-0.0126507286402478	-0.00170227619477776	-0.000840365617450537	-0.00786751819690899	-0.0690591944002486	-0.000890223752853808	-0.00189671061304237	EAS	1.05988	0.584367439567731	0.341485304426946
-0.0124876143245531	-0.0335957360951802	-0.00326626008850475	-0.0150549478499055	0.00034629593517128	-0.000635919067974882	-0.00524218331425521	-0.0561378152693303	0.000907306603411642	0.000123772464958517	EAS	0.424796	-0.0533407918661647	0.0028452400769095
-0.0120167589094599	-0.0333475300635961	-0.00296964235355599	-0.0134132515764872	0.000224674450347258	-0.00102978302898335	-0.00715598749976928	-0.0779464230407402	-0.00046038446305238	0.000753453479422494	EAS	-0.275376	-0.753017803011083	0.567035811651638
-0.0122076644715961	-0.0332880232626097	-0.00375212477116873	-0.0134915063664321	0.000148535825845428	-5.0494941111371e-05	-0.00611435667484662	-0.0735485044260889	8.7726821053077e-05	0.00142427991994163	EAS	0.706385	0.229987807405436	0.0528943915551599
-0.0122559858233839	-0.0333217637275264	-0.00357914293481475	-0.0137058626247047	0.00119979569991914	0.000100685131069484	-0.00838452642524708	-0.0691668326593385	0.000248385280283683	-0.00164748454415048	EAS	0.201833	-0.274779960226603	0.0755040265421335
-0.0121180702794333	-0.033640709821679	-0.00360391225343753	-0.0136426716367184	0.000525283232749168	0.000328592675915079	-0.00857729060729922	-0.0696960311683411	-0.000569445472416583	0.000632762246663411	EAS	1.09612	0.617589235048648	0.381416463247974
-0.0124024834876075	-0.0336749108995485	-0.00416431996929092	-0.0136776062126675	-0.00083179423405529	-0.000800816014364655	-0.00780694066257554	-0.0713868249264421	-0.0014164280649143	-0.000105671621545387	EAS	0.972101	0.49460849491333	0.244637563240429
-0.0123110804183194	-0.0334712449658644	-0.00294115669356864	-0.0135770794862038	4.51345806725585e-05	-0.000200580854495666	-0.00706154324597924	-0.0696959985343717	0.000425113340655183	-0.000712242880928212	EAS	0.4997	0.0223449434542504	0.000499296497973646
-0.0124825850775741	-0.0333939406939788	-0.00331977001953955	-0.0141112712479409	-0.000365361884807113	-0.00113096711520345	-0.00948525439800542	-0.071296817533282	-0.000782281669752941	0.000299823650104466	EAS	0.668742	0.192168004334662	0.0369285418899666
-0.0123265917308858	-0.0335147479062491	-0.00375933965026524	-0.0134464682961493	-0.000552120401844557	-0.00174213066488061	-0.00827538233541817	-0.0728994362858474	0.000865622165979255	-0.000250846381796756	EAS	1.00622	0.529183700220864	0.280035388579445
-0.012296046068313	-0.0338586854506879	-0.00446611129740331	-0.0144904861004868	-0.000155205975671934	0.000281124347415708	-0.00808089395156542	-0.0666562021539851	-0.000999279908178928	0.000329313298149711	EAS	1.0737	0.594607471758781	0.35355804547137
-0.0123272398187117	-0.0336657166672189	-0.00366398349458113	-0.0135431246002996	-3.14778508173817e-05	-0.000822267974155253	-0.00815164782951715	-0.0768012656882202	-0.00187120182973296	9.0758507642313e-05	EAS	1.20633	0.728475938473048	0.530677192934188
-0.0124693154240562	-0.0338422473010931	-0.00462938582986648	-0.0121335078493057	-0.00100985795198634	0.000903722730548793	-0.00721431604839671	-0.0744229738758524	-0.00380150210458801	-0.00184862705876371	EAS	1.41349	0.936636425377611	0.877287793344149
-0.0123872104628028	-0.0337959716048961	-0.00400243849791723	-0.0128708050191009	-0.000714023663858952	-0.000178094352178174	-0.00829476902452727	-0.0771329050780602	-0.00171391842099106	4.98082535334875e-05	EAS	0.583247	0.105568413217116	0.0111446898691798
-0.012403481311823	-0.0338123605258746	-0.0031324700673718	-0.0132570374225641	-0.000198644975117931	-0.00041064847658299	-0.00741446295838669	-0.0706493951623521	-0.00205875609751225	0.000390328071500749	EAS	0.334386	-0.143974881485692	0.0207287664988189
-0.0123018256781365	-0.033848573977634	-0.00423407012997753	-0.013609689160443	-0.000334483372486224	-0.00108081136328735	-0.00742952304135196	-0.0722983306627519	-0.00135657863350425	-0.00119208296550199	EAS	0.314689	-0.163885540378907	0.0268584703452862
-0.0123226066287614	-0.0335682560724649	-0.00404677720649685	-0.0134386378650037	-2.10248215727832e-05	-0.00177320112666786	-0.00769028126121463	-0.0732343628813175	-0.00118502535226545	0.000505923480695195	EAS	0.923074	0.445913198843725	0.198838580903043
-0.0122263582954857	-0.0334732903432346	-0.00471629446413972	-0.0141429997414488	-0.000337099554305055	-0.00080781234202913	-0.00941686303025853	-0.070345533157859	-0.000562328199705975	-0.00112629760999224	EAS	1.24855	0.771383849446499	0.595033043186899
-0.012403723062259	-0.0331684271945226	-0.0040665551137437	-0.0131742832487919	0.000156976939485948	1.71033101017604e-05	-0.00799236681137226	-0.0697043596667235	-0.00130177940030229	-0.00019172355245252	EAS	0.661707	0.186885000927178	0.0349260035715514
-0.0123369075362218	-0.033608110048717	-0.00413430812824043	-0.0137189585124975	-0.000316574333189923	0.000137429372891265	-0.00710952435895044	-0.0705614166277031	-0.00150818649091559	-0.000189382465591106	EAS	0.630124	0.152686047461546	0.0233130290894294
-0.0122670789144126	-0.0333611748106892	-0.00318054864683064	-0.0136721333380213	-0.000568471553980042	-0.000587221135239009	-0.0069965985725869	-0.0740373973193629	-0.000477519502180642	-0.000184143734520112	EAS	0.994097	0.517167198348967	0.26746191104812
-0.0124256540141128	-0.0342219656843536	-0.00389429582069559	-0.014388905877401	0.000366428950633781	-0.000578750037179229	-0.00585059036026103	-0.0496618112598824	-0.000248777075091524	0.00260023865829386	EAS	-0.0481847	-0.528764618235292	0.279592021497515
-0.0123453631885757	-0.0337746805351837	-0.00400389465349657	-0.0131602869555247	-0.00178637776016952	-0.000961602885382408	-0.00837687832367828	-0.068201065963	-0.00082285970883789	-0.00135968141380158	EAS	1.05204	0.5741376394089	0.329634028986024
-0.0121393937374025	-0.0333684146135478	-0.0027829354734562	-0.0139685179701102	-0.000417225026167608	-0.0005071183229943	-0.00849666891701338	-0.0729157358057674	-0.00166621543587889	0.000515786080055916	EAS	-0.144022	-0.621792842903517	0.386626339486038
-0.0123234470200466	-0.0334079655813846	-0.00348596741826637	-0.0138227279098531	-0.000247197419404897	-0.000238199759703877	-0.00660716151686442	-0.067068302548487	0.000367355698458865	-0.000764427945147544	EAS	1.15869	0.681777844306724	0.464821028987524
-0.0123340235872165	-0.0334775269543273	-0.00393971962961557	-0.0135777840068584	0.000741126528599559	-0.000527938258402365	-0.00673387787959546	-0.0666065807546464	-0.00061398603917515	-8.47180791649651e-05	EAS	0.662706	0.185872555744257	0.0345486069789019
-0.0124942971371987	-0.0332926459390168	-0.0031829648315767	-0.0130607009874941	-2.43740749434489e-06	-0.000433491148361621	-0.00920079255372155	-0.0712528052393483	0.00033320560344748	-0.000794697635105758	EAS	0.619907	0.144455014315584	0.0208672511609156
-0.0123192595578617	-0.0330759899961132	-0.00399048324280128	-0.0132730451902585	0.000411374033611637	0.000439510244984805	-0.00660528777360527	-0.0677678089232512	-0.000664085308853528	-0.000621711613842781	EAS	0.638001	0.163232705522349	0.0266449161521458
-0.0123585621851457	-0.0334638451845275	-0.00440166365454318	-0.0126216026381387	0.000245065705012102	-2.09960370753171e-05	-0.0089980962266028	-0.0738860949866733	-0.00120462353957658	-0.00199818240750172	EAS	0.400215	-0.0756426709383476	0.00572181366668714
-0.0122320645307211	-0.0332974275562176	-0.00278231565983802	-0.0136368931983954	-2.43961514703557e-05	0.000134497249571881	-0.00889561759156674	-0.0727011671791896	-0.00147371919240162	-0.00113788413910865	EAS	0.0288258	-0.44808741054953	0.200782327492983
-0.012492286609502	-0.0335392931615789	-0.00385808146992508	-0.01318355379919	8.22466966577597e-05	0.000397260399006634	-0.00775846218849083	-0.067931672291817	-3.08648622226463e-05	0.00231000528931338	EAS	0.435799	-0.0405820455143508	0.00164690241812884
-0.0122664346278635	-0.0333093979333032	-0.00349344630126991	-0.0142566687183713	0.000272799091091525	-0.000889589132382196	-0.0083446823496192	-0.0703209116019576	-0.00103059749834953	0.000841554264078875	EAS	0.74412	0.267208934607426	0.0714006147340355
-0.012320051214634	-0.0330947879312972	-0.0028043623112533	-0.0140572319872697	-0.000680987818219295	-0.00134478462000812	-0.00529267186203116	-0.0704238156474444	-0.000307891155529287	2.00650997716509e-05	EAS	1.00496	0.529042232548676	0.279885683820087
-0.0121038160079406	-0.0334246869921383	-0.00334330314073297	-0.0129397690722844	0.000782492517331114	-0.000987894849906541	-0.00816560527781054	-0.0749175265346549	-0.000630298572925581	-0.000295478397875397	EAS	1.15022	0.672985540543603	0.452909537780765
-0.0123412436497337	-0.0335096726261516	-0.00324057148952828	-0.0125349383218532	0.000347041871282256	3.67011510765094e-05	-0.00711056446331423	-0.0723735494088808	-0.00087836604244549	-5.45653073864346e-05	EAS	0.812602	0.33597300471615	0.112877859897998
-0.0121208329672472	-0.0336567412571902	-0.00409190870583148	-0.0130275384363999	3.00922394846574e-05	-0.000194495916841014	-0.0072224072599	-0.0687252912692511	-0.00165246709340049	0.00110039441212491	EAS	0.862699	0.384725620727349	0.148013803244044
-0.0124936712974176	-0.0339070357264664	-0.0045803341421736	-0.0140143340610125	0.000517461788190044	-0.00101593443618601	-0.00742955265020425	-0.073230377118716	-0.00113064669782177	0.000333887011388403	EAS	0.97502	0.496720783449883	0.246731536711066
-0.0122748011359015	-0.0330027334372966	-0.0039892658971108	-0.0133603640312809	9.11637033762107e-05	-0.00044813100264877	-0.00644622264603378	-0.0742445678334019	-0.000785436698370144	0.00137750662178756	EAS	1.5455	1.0708721114991	1.14676707918654
-0.0124481372450133	-0.0337246346230345	-0.00487750240416873	-0.0129660207437921	0.00091271526606013	-0.000285175643730684	-0.00752525870103805	-0.073406522383933	-0.0002420659047832	-0.00074085517799629	EAS	1.3535	0.876718349582301	0.768635064494314
-0.0122703006654857	-0.033433386336194	-0.0029807573986846	-0.0136625339098222	-0.000716884686145118	3.98660186677857e-05	-0.00808375336774278	-0.0779398995947125	-0.000426402371532935	-0.000338716407069663	EAS	1.26531	0.787961111842868	0.620882713776649
-0.0124144809382488	-0.0335780557549308	-0.00401589117433427	-0.0134899291199462	-0.00121748444083246	-0.000810759731256382	-0.00829675972880849	-0.0660284885571728	-0.000266050729950089	-0.000530593310676519	EAS	0.357923	-0.119022728505677	0.0141664099009361
-0.0123465189767133	-0.0335641405869234	-0.00339804191343905	-0.013750423848516	-0.000886050866506485	0.000403989364917871	-0.00669505029443517	-0.0704617903193304	0.000820012376432452	-0.000752508743291155	EAS	1.062	0.584432007582112	0.341560771486458
-0.0121431083315573	-0.0336360014339474	-0.00383404201606731	-0.0132954036685137	-0.000230813527767485	0.00163011143756211	-0.00853223340154049	-0.0769028787087204	-0.00166508459059096	0.000903814579527726	EAS	1.37275	0.894656215020232	0.800409743074327
-0.0121779388944069	-0.0333221790808598	-0.00350303579410176	-0.0130158519454857	-0.000296710129804776	-6.40743457367648e-05	-0.00603535673293707	-0.0675598184869658	0.000255485745499391	0.000921015648396648	EAS	1.00672	0.53024621733644	0.281161050999603
-0.0124324419979889	-0.033291108052867	-0.0038688829159322	-0.0130360399533519	-0.000660289230282234	-0.000560677041701096	-0.00750297365352373	-0.0727662970849793	-0.00202603396198661	-0.00291833942401817	EAS	0.778473	0.303162176221202	0.0919073050911749
-0.0123439124043247	-0.0338002620086511	-0.00388475553826268	-0.0143139601261406	0.000264801210453479	-0.000756980480879605	-0.00888124666454078	-0.0691049033706837	0.000133216596961643	-0.000601111030748881	EAS	0.631929	0.153109373678922	0.0234424803083516
-0.0124006081380625	-0.0333258322710342	-0.00319428565424588	-0.0131538137851846	-0.000296996706969143	-0.000486992581585524	-0.00690633229925204	-0.0738693441680637	-0.00130424100343501	-0.00224506979220156	EAS	0.916684	0.440706525642258	0.19422224174367
-0.0122633882229573	-0.0333596777604658	-0.00474581955658453	-0.0129706743243952	0.000310157788132002	-0.000678426390512733	-0.00890087650904585	-0.075542123978517	-0.00247550142294733	-0.000579789826415616	EAS	0.810121	0.334376733487655	0.111807799897874
-0.0123688398140197	-0.033839711096767	-0.00401887709842443	-0.0126448382291746	-0.00056838497729337	-0.000975230245645979	-0.00690092818093087	-0.0727801017729482	-0.000989480715633911	-0.000304599580232036	EAS	0.512091	0.0342958626252807	0.00117620619321213
-0.0124024161049684	-0.0333260854948757	-0.00305394617173861	-0.0148015252663951	-0.000374690989332051	-7.86330326014113e-05	-0.00637008450749138	-0.0643854292071962	-0.000697765302617909	-0.00170392759516968	EAS	0.963794	0.486705037845792	0.236881793864474
-0.0123690605749985	-0.033407303343313	-0.00404333743007977	-0.0134371681569686	0.000697669506156859	-0.000574077234229724	-0.00869719143368612	-0.0749042196049669	-0.00160858442045773	-0.000821913519661295	EAS	1.5517	1.07545478888941	1.15660300294516
-0.0123711509865215	-0.0334939651913465	-0.00398958001558498	-0.0136943209866444	-0.000594453973305754	-0.000231158286346146	-0.00821180432328855	-0.0685053121131774	-0.000609466109665943	0.00116971709534615	EAS	0.660279	0.183442131402131	0.0336510155733567
-0.0123637284985829	-0.0330318351331009	-0.00429440753978593	-0.0131389627001183	0.000269365135925998	-0.00124484688355681	-0.00610844471773663	-0.0671503410947775	-0.00272715858349508	0.000998891112383118	EAS	1.82692	1.3527395543199	1.8299043018216
-0.0122090794214352	-0.0336529510995506	-0.00409985506651996	-0.0128088360114684	0.000351121181944217	-0.000629506981033048	-0.00830342605276978	-0.0751681575723725	-0.00170038676921782	-0.000473037584328519	EAS	0.781864	0.304348144386645	0.0926277929915941
-0.0122592608708487	-0.0333876782473982	-0.00370440494486954	-0.0136089170593869	-0.000851960029775495	-0.00111255202340994	-0.00966882793772925	-0.0753826532719361	-0.00228907444479208	0.0006819548320966	EAS	1.12167	0.644878021729383	0.415867662909603
-0.0125490739209873	-0.0329419450391221	-0.00299822743707671	-0.0134152367614442	-0.000312162287914366	-0.000158088688080555	-0.00858827292430732	-0.0685099598605593	-0.00101397188510826	-0.000886770461306372	EAS	0.593469	0.119543805067991	0.0142907213301337
0.0331766057328379	-0.000132323313392979	0.000889774161474024	0.000422143548890241	0.0675458313212461	0.0578371325629875	-0.0157492535756857	0.00375672344127377	-0.0102746809843136	-0.0114372153870537	AFR	0.281637	-0.184004049117366	0.033857490091586
0.0324582963765903	-0.000271523049191513	0.000852746262055042	-0.000243994085871695	0.067539786976521	0.0641058860684103	-0.0175884059060315	-0.000132511093755359	-0.00882521555638499	0.0122445823376941	AFR	0.99828	0.533988378652683	0.285143588536121
0.0322559529073283	-0.000172394322272847	0.000926297344991412	0.000209220642952738	0.0592691420567036	0.0566278176542365	-0.018882096888764	0.00227850230835966	-0.000956027711529204	-0.00284868971692512	AFR	-0.188589	-0.651478762602502	0.424424578122087
0.0328056562400901	-0.000347947935116759	0.00018224574233285	0.000429989104040034	0.0631956918751345	0.0562755965980864	-0.0167120239668831	-0.00038590740226725	-0.00279341361088771	-0.00135181514717555	AFR	-0.222664	-0.687735712017015	0.47298040958355
0.0326331546309442	-0.000602046097357561	0.000641199610232728	0.000607092275835182	0.0644320713120874	0.0575951494840957	-0.018928211979459	0.00454104096023286	0.00509869195391289	-0.00997827777498375	AFR	0.750724	0.284926462473888	0.081183089017884
0.0327348966647819	-0.000779095596395273	0.000526173962363573	0.000221995132756553	0.0689460097676029	0.0645851455434845	-0.0192693147156208	0.00460594458094511	-0.00556054627953672	0.00195738581061946	AFR	1.26988	0.802713721222825	0.644349318239395
0.0322594744001804	-0.000608937789353356	0.00190785068674563	0.000381159151463497	0.0622784434847757	0.0653487751354006	-0.020251355367976	0.00335564325517132	0.000934605579641243	0.0152169680419219	AFR	0.680014	0.214693544579067	0.0460933180839238
0.0312722062198995	0.000123699096496879	0.00167407628877057	-0.000153720686051492	0.0719363494175024	0.0744938711314228	-0.0182599623696572	-0.00459598393445998	0.00957561797959142	-0.0108868295983032	AFR	1.15217	0.693397624614633	0.480800265821215
0.0315251930370092	-0.000206282655402765	0.000907012816218197	-0.000237358461560157	0.0653206499930821	0.0664523675994376	-0.0218402263296446	0.000649747068432352	0.00755585941245392	-0.00565190275796726	AFR	0.227978	-0.232891668711819	0.0542385293553757
0.0320492876524137	-0.000853465365661237	0.00106755094152497	3.5385611450753e-05	0.0586616375714586	0.0612917141284661	-0.0196831189403081	0.00634932685151994	0.00483617231149096	-0.00368851270886094	AFR	0.121923	-0.343666980368922	0.118106993395893
0.0318076330833421	-0.000129059556479265	0.0012452051231481	-0.000258781049828356	0.0623208521665954	0.060886535919829	-0.0168309791279405	-0.0022717641928456	0.00210737789802882	0.00766399236549777	AFR	0.157208	-0.304420379159711	0.092671767247742
0.032233624734336	-0.000301015315444728	0.000538064186364345	0.00011361587855293	0.0633544754210731	0.0523252013550076	-0.0173221962309187	-0.000226556962996449	-0.000996846923641452	0.0024232591928302	AFR	-0.0925273	-0.555825894521809	0.308942425020969
0.0329490419540035	-0.00046462596647958	0.000570979061164197	-0.000563617837576565	0.0581835873756403	0.0548292293327471	-0.0161924479412431	0.00400657783139098	-0.00312908558476185	-0.00333641185793095	AFR	0.676951	0.210028663949407	0.0441120396803727
0.0325068495339179	-0.000369315347009579	0.00117656431426024	-0.0008407668299321	0.0729397635891485	0.0682031072431689	-0.0224900535159014	0.00360604093646667	0.00222943547509176	0.00962569881636813	AFR	0.583803	0.118352262466407	0.0140072580309172
0.0325645264033443	-8.83898498147684e-05	0.00099319704288299	-0.00031162130505448	0.0632514826267856	0.0565530131057436	-0.0177136641270202	0.000167625718364856	-0.00694959337865859	0.00425384096874061	AFR	0.0533351	-0.410558356228811	0.168558163869304
0.032334481325286	-1.71365229342363e-05	0.000859574795715161	-0.000314103588538809	0.0611891863816663	0.0593053992966866	-0.0152897733254994	0.00167711625641744	0.0030852429895521	-0.0131160824066986	AFR	0.433217	-0.0295049976362399	0.000870544885514521
0.031443811127508	0.000333681119443996	0.00120917103955379	-0.000503118398206654	0.0723985632607128	0.0752592874493408	-0.0187996759379167	-0.00546685596297809	0.0111258699123698	-0.00847128214619367	AFR	0.753009	0.29465016832984	0.086818721696803
0.0325489772687793	0.000148127249035171	0.00186736159170431	0.000565440317570446	0.0579974541149954	0.0592687540164568	-0.0176645172978298	0.00307255428349926	0.00648612091055588	0.00029938395644683	AFR	0.0911676	-0.37141329956149	0.137947839091153
-0.0123851433598769	-0.0337224690009768	-0.00387596275183411	-0.0130299418842747	0.000179396212788783	-0.00124796987477525	-0.00792913265639497	-0.0728717337698821	-0.000976861202739322	0.000227608879640328	EAS	0.667436	0.189936134084452	0.0360757350309469
-0.0124587319032422	-0.0337256490992898	-0.00391416863975769	-0.0122775480941791	-0.000824598687485327	-0.000512367071267983	-0.00935818288550177	-0.070101637730613	0.000351400647574367	0.000999841020338399	EAS	0.522619	0.0458488500227839	0.00210211704841173
-0.0122586892211125	-0.0331329722265945	-0.00234072947683966	-0.0132252489359083	-0.00023776723439506	0.000478690721417657	-0.00782287967017478	-0.079050830462068	-0.00155012675158422	-0.000766744979970535	EAS	-0.408965	-0.884959669315229	0.783153616314519
-0.012284043823291	-0.0330537377412814	-0.00295780412224565	-0.0128859554826019	-0.000412257403291153	-0.00073230807663256	-0.00721637770895841	-0.0696179769801286	-0.000249153817978156	0.000234275608357785	EAS	0.905814	0.430788211729414	0.185578483365026
-0.0121884755884561	-0.0333885201148712	-0.00324573618702106	-0.0137952942114606	0.000115653560684617	-0.00076980215283724	-0.00620309092974175	-0.0690939011074632	-0.00170469244715762	-6.88426830447533e-05	EAS	0.759513	0.282142449961186	0.0796043620701006
-0.0123327983755553	-0.0329307952145414	-0.00347435925171443	-0.0132692826250706	-6.8626938193936e-05	-0.000465056826047354	-0.00684199503828334	-0.0705641406159012	-0.000158819010873918	-0.000457540355246754	EAS	0.40228	-0.0719999604197648	0.00518399430044769
-0.0121810479454614	-0.0331323923071541	-0.00356684219393495	-0.0129327997700187	0.00105027502566307	-0.00183103745366135	-0.00776792038028791	-0.0700841356764388	-0.00101210198598646	-0.000114656516056911	EAS	1.11553	0.640046282361591	0.409659243564893
-0.012360174353103	-0.0334462038500833	-0.00363334944876956	-0.0140613898296899	-9.52886263768375e-05	-0.00116971023042011	-0.00688196075348	-0.0686423666900203	-0.00191097621515704	0.000954775721760205	EAS	1.4117	0.934648667467125	0.873568131598073
-0.012161265183058	-0.0337970926439648	-0.00336568710627821	-0.0135548021825926	-0.000811277130264638	1.90157666283038e-05	-0.00781224464698858	-0.0738793355431108	-0.000437975182595423	-0.000271983412668187	EAS	0.799192	0.320010508348827	0.102406725453675
-0.0124019005852205	-0.0341737239995967	-0.00346177061321125	-0.0144608965630442	0.000805640791088676	-0.000848048290629265	-0.00770835099296415	-0.06569331041122	-0.00188982466719268	0.00110697154169362	EAS	1.05087	0.570186666883597	0.325112835091826
-0.0123140170102053	-0.0329762418413855	-0.00418035712663301	-0.0130019257953692	-0.00026768420091047	7.98718421458852e-05	-0.00805440305064036	-0.0717854665335682	0.0021519465884742	-0.00215429433113135	EAS	0.44836	-0.0256918243623404	0.000660069839065345
-0.0123197916037068	-0.0334728141351357	-0.00376541932071233	-0.0129652275449009	-0.000990658999341927	-0.000207016424518391	-0.00867405428485402	-0.06990810656121	-0.000586760659332377	-0.000278101436358957	EAS	0.400093	-0.076458631868829	0.00584592238725311
-0.0121992534399305	-0.0337447339169101	-0.00356994109495319	-0.0142373095236745	6.45269432397565e-05	0.000167229931745295	-0.00888118048848575	-0.0696755751815245	-0.00074764586504984	-0.000637256240326795	EAS	1.15855	0.679405751628125	0.461592175345377
-0.0122761930323737	-0.0335373710585726	-0.00426156234062788	-0.0141419105461932	-0.00104363295128152	-0.00116827944027467	-0.00721917916099972	-0.067086436557428	-0.00227659596946853	-0.00107060093711131	EAS	1.01114	0.533623192649373	0.28475371173331
-0.0122631616312709	-0.0332711179212974	-0.00415258973507521	-0.013448119878374	-0.00106289038877447	-0.00119691089362474	-0.00755475358015181	-0.0726009908630253	-0.00145648079433961	-0.00251829231312298	EAS	0.645254	0.16934112141812	0.0286764154031464
-0.0123901250164189	-0.0331846991775827	-0.00411725294816836	-0.0127667567096177	-0.000179947882519956	0.000343870971186353	-0.00787430642054471	-0.0674607440638517	0.000467629990600512	0.00119574380359641	EAS	0.151713	-0.322947835902634	0.104295304714195
-0.0122203716607854	-0.0334652193296956	-0.00454386306361969	-0.012930935579352	0.00032269199222361	-0.000725208008720215	-0.00809979082670416	-0.0683491095128937	-0.00115696488476785	0.000409806841543105	EAS	0.08398	-0.392477971767135	0.154038958322444
-0.0123175552160483	-0.0334001771825922	-0.00478728027004131	-0.0133575460324194	-0.000639963926758157	-0.00016601829905542	-0.00652401182883449	-0.0661504735249473	0.000459703354862071	-0.00013645180290443	EAS	0.0233615	-0.452618785321835	0.204863764826213
-0.0124156822569884	-0.033334331537265	-0.00337814302841985	-0.0134307219102578	-0.000671748051045305	-0.000793462249854093	-0.00623696103745338	-0.066717597730043	-0.000778538753283422	-4.90965771387598e-05	EAS	1.32977	0.853714023776819	0.728827634393207
-0.0123388150057302	-0.0331636341688289	-0.00391417777951745	-0.0134017540339876	-0.000242149917738473	-7.7167071734913e-05	-0.00811491809413531	-0.0672608703573896	0.00102283702514108	0.000657103233640187	EAS	0.409781	-0.0654537995902272	0.00428419988079763
-0.0123533094882358	-0.0332485355515044	-0.00364952271103813	-0.0134160507624953	-0.000205212428781606	-0.0003605665698306	-0.00754131431225304	-0.0732321963148365	-0.00101162224241113	0.000411919849340431	EAS	1.59256	1.11683800267234	1.24732712421314
-0.0122063939372699	-0.0335168605704671	-0.00422363925174246	-0.0130023682876855	5.3478621393513e-05	0.000137505300222746	-0.00754961004517792	-0.0694822289636298	-0.000705569802655673	0.00171725455070652	EAS	0.210312	-0.266634560912287	0.0710939890728879
-0.012166919063691	-0.0335955271074314	-0.00280969897551072	-0.0138250605946323	0.000312081514742368	-0.00180127353712371	-0.00766194312988644	-0.0654684210736307	-9.36444737009841e-05	-0.000211096189886747	EAS	1.43894	0.960293081395156	0.922162802175403
-0.012396679146353	-0.0329450462375277	-0.00409877847107916	-0.0128793398220299	-0.000673112614059493	-0.00111358835158671	-0.00830169047166741	-0.0740564549439067	0.000978746664889737	-0.00057831069435144	EAS	1.05532	0.58173259036408	0.338412806691703
-0.0122660155650133	-0.0337428977106733	-0.00372584509879831	-0.013839496610537	0.000343749609132558	-0.000749250080709698	-0.00830919340898203	-0.0688905448494995	-0.000892551059717594	-0.000334543728472744	EAS	1.06265	0.584066283941196	0.341133424036877
-0.0122267360898345	-0.0334725820878786	-0.00317241616328792	-0.0138346881109029	-0.000101960625229802	-5.29522972347505e-05	-0.00777221690875374	-0.0705025756509019	-0.000132225201561134	-0.00159068130232104	EAS	0.675594	0.197895032393601	0.0391624438460645
-0.0123269444078405	-0.0335215638254054	-0.00405953545106951	-0.0140754888235646	-0.000120114168421804	0.000535947918216897	-0.00703711155594586	-0.0664351676872844	-0.000257411863223539	0.000991732505016186	EAS	0.829097	0.351771670475684	0.123743308149253
-0.0123295324498186	-0.0330808003910459	-0.00374261508197245	-0.0115263737597158	-0.000864540490519013	-0.000194455417713134	-0.00872004606609692	-0.072343649427598	0.0001608648698906	-0.000597515583953	EAS	0.371835	-0.101926610911178	0.0103890340118386
-0.0121387083469729	-0.0335491564269933	-0.00319408364850823	-0.0135476477487933	-0.000487217188624323	-0.0012176821178751	-0.00912865108882966	-0.0739641496513528	-6.26294665963613e-05	-0.000831385268947605	EAS	1.53876	1.06059673190315	1.12486542772363
-0.0125707529909869	-0.033582412696092	-0.00412293324199016	-0.0140443961650027	-0.000459016853381726	-0.000705423946887106	-0.00518417492646531	-0.0682147618575397	-0.000544393363783676	0.000687798953037905	EAS	1.28006	0.803316454307828	0.645317325761701
-0.0123485812786612	-0.0340127039288275	-0.00456652297754811	-0.014745486385403	-0.000511956127919137	-0.000388485944379817	-0.00710073231748726	-0.073957474103298	-0.000942322193257279	0.000392004902143728	EAS	1.05261	0.572851836305368	0.328159226358432
-0.0122846171388102	-0.0333115793744869	-0.00427378341690547	-0.0131495523081983	9.74180455998491e-05	-0.000481414457541657	-0.00996672012983287	-0.0776523428053178	-0.00140344709248313	-0.000290108479367576	EAS	0.657094	0.18130991792225	0.0328732863369731
-0.0121950192539725	-0.0337361906236661	-0.00256825278696092	-0.0133329916976353	-0.000163961745044918	0.00110038872183963	-0.00454461511974578	-0.062299322346005	-0.00198004933087344	-0.000521946539469055	EAS	0.385589	-0.0934291614520411	0.00872900820963156
-0.0122833637856287	-0.0329978580109722	-0.00374116978620897	-0.0134102420871539	-0.000479092015029593	2.998263800791e-05	-0.00807563254184487	-0.0747210201837364	-0.00222063549651138	0.000112547627047509	EAS	0.844441	0.369715210686895	0.136689337013255
0.0353112557545594	-0.000908813829555282	-0.000486165672347317	-0.000679166763949147	0.00947738973314001	-0.030702421598583	0.00854892126487013	-0.00380202529873387	0.00332632442466123	0.00574256852336553	AFR	0.361973	-0.114555837037411	0.013123039799342
0.0350710512241709	-0.00121945296378975	-0.000312435543435945	-0.000669391131256862	0.0136123249617174	-0.0338014005809087	0.0108663413533355	0.00333044589157355	0.00339956326111606	0.00532117585697795	AFR	0.555477	0.0782117603757919	0.00611707946108029
0.0354261768640022	-0.000767538234127571	-2.5333933725748e-05	-0.000735069338102677	0.0135366972669056	-0.0367332915374499	0.011150577813488	0.000481722450835694	0.0192543165164873	0.0139221905782464	AFR	0.488045	0.0115426120050285	0.000133231891898628
0.0356593092871699	-0.00145729449078673	-0.00108387526882359	-0.000126637353726503	0.00793156603816882	-0.0365047225786101	0.00784028891832699	-0.00136722973430352	0.0227355777026952	0.00466610034013834	AFR	0.17179	-0.307862795229634	0.0947795006866038
0.035592737294358	-0.000974802956999398	7.66598360491803e-06	0.000240142012948531	0.0089371720002417	-0.0341951520485434	0.00881429260409011	0.00116698066295265	-0.00134680045448643	-0.00605338271228837	AFR	0.264562	-0.212873426291427	0.0453150956210517
0.0357447111091055	-0.000733179297595611	-0.000744782799036757	-0.00057383025457105	0.00965237544760976	-0.0357099566970194	0.011043854253693	-0.000460013510321439	0.00582637546025752	0.00720013001495493	AFR	0.96936	0.492394250233131	0.242452097662647
0.0353087400241042	-0.000876296482598114	-0.000279173824896171	0.00103647322106961	0.00774148953304787	-0.0317242285359921	0.00593546846509979	-0.00671444395987912	0.00481824116881058	-0.00239604766296335	AFR	-0.0955729	-0.57094515509499	0.325978370126443
0.0350972222867932	-0.00116989699460728	-5.27339103383726e-05	0.000759349606033466	0.0135912060110033	-0.0357489404091042	0.00972992160638954	-0.00615478872048095	0.0138403368716166	0.00185439702158258	AFR	-0.14664	-0.622972395784991	0.388094605910092
0.0355284925430772	-0.0010248753997538	-0.000160119298035683	-0.000306832748857103	0.0112761515281852	-0.0301575188259901	0.00648225747512322	-0.00167977968519515	0.00660590547027048	0.00684691279151334	AFR	-0.016388	-0.494112743946023	0.244147403729869
0.0354950264143186	-0.000971162359621625	-0.000347860005854599	0.000646412785069915	0.0119349618178788	-0.0372877217295155	0.0099822580491651	0.000928043987170969	0.0109104211991446	0.000196546476106753	AFR	0.50696	0.0302978939919939	0.0009179623803501
0.0355266567441333	-0.000765206117619957	-0.00117147169156789	0.000296452618404512	0.00802717305025716	-0.0344072163199653	0.00862482906685458	0.000771175515227748	0.00237528073673602	-0.00746513793249779	AFR	-0.0715165	-0.54714359589287	0.29936611452658
0.0355311194398871	-0.000857136379004374	-0.000867572258572759	-0.000131120538860033	0.0137141467475866	-0.042365164268057	0.0123915545633834	0.00413693334840543	0.020085665847467	0.00605006825451492	AFR	0.0785994	-0.397893718903726	0.158319411543037
0.0355258759029643	-0.000958723284948392	-0.000249862429457631	-0.000116486467813456	0.0121113120981963	-0.0348490199338469	0.010352721520873	0.00295054368276132	0.0172022588667474	-0.00190028275485698	AFR	0.182825	-0.294414593239847	0.0866799527125848
0.0342731255814347	-0.000536021657605057	1.12796272076467e-05	-0.000803862227339193	0.00933864990433002	-0.025009636209444	0.00859793106518477	-0.00439046087819932	0.024527912950851	0.0138402876048038	AFR	0.474116	0.00252030511836265	6.35193788964499e-06
0.0355350155653262	-0.000786417820387667	-0.000266016923949628	-5.84080176767826e-05	0.0117553699386719	-0.0407156047651355	0.0122909285987853	-0.000368525474293335	0.0208004657912578	-0.0010813616971106	AFR	0.847595	0.371183188817549	0.137776959660765
0.0353945422636284	-0.000746244462809801	-0.000996527749189386	-0.000912150545140443	0.00876542874444374	-0.034178594016343	0.0123137355574029	0.00289938932269392	0.00326015749961368	0.0153038234677953	AFR	1.06296	0.58701330362229	0.344584618629555
0.0355469346033972	-0.000883827557443322	-0.000806543595896133	-0.000240250886029663	0.0099928169858403	-0.0295854863586575	0.00687305933431032	-0.00273520940827358	-0.00185945638909714	0.0174690181558665	AFR	0.318962	-0.157808854385971	0.0249036345226127
0.0352983863002685	-0.00132153708016265	-0.000213330900211667	-0.000593182957815692	0.0113700392559111	-0.0370584468916995	0.00918275041362936	-0.00506731907599439	0.0117608969043348	-0.00443274794017041	AFR	-0.198425	-0.676934835637309	0.45824077169931
0.0356517369259021	-0.000885897475376688	-4.42793402057832e-05	0.000483186074659648	0.00905116659588281	-0.0327364393120792	0.005680333791378	-0.00236343006084927	0.00162195518573742	0.00642978091961949	AFR	-0.0451608	-0.522195045554005	0.272687665601149
0.0355769193514294	-0.000890324121426364	-9.15583285092073e-05	-0.000409714694037358	0.00815943591078312	-0.0353460324951099	0.00466559066712694	0.000238877805927103	-0.00122747699719434	-0.0032366678150963	AFR	0.307174	-0.17017609556985	0.0289599035033987
0.0356422921789901	-0.00125060744472206	-0.000205205093970196	-0.000226823209324158	0.0143991150821718	-0.0329281311537174	0.00997797228782148	-0.000535678770417303	0.0125152659098603	0.0106518919581627	AFR	0.135719	-0.343381884979032	0.117911118931753
0.0353511379251799	-0.00112879157471351	0.000132306587505872	0.000601762050895609	0.00993250839287389	-0.0358090173158467	0.0108369548493144	-0.00224245203479179	0.0103506047190191	0.0039991531191867	AFR	0.273569	-0.203610793205537	0.041457355109788
0.0350126632949547	-0.00119105288366699	-0.000239519432714054	0.000697481161297782	0.0101030962516464	-0.0346545254917189	0.0102277354192334	-0.00155564041314999	0.00964256300314305	0.00287199843642245	AFR	0.674185	0.198086185601304	0.0392381369260741
0.0354812269488293	-0.000850380545677507	4.31775604837983e-05	-6.6379010882201e-05	0.0109828580212348	-0.0359065466465753	0.009619621752751	-0.00490208246561119	0.0250071537454365	0.0114862446181041	AFR	0.599317	0.122631780484032	0.0150385535846838
0.0355593226498558	-0.00101425570535099	-0.000525348108024524	-0.000314841957661859	0.0132002498494529	-0.0371673637602706	0.0114533287612434	0.00031701953642097	0.00969466610235026	-0.0132560272807107	AFR	0.27239	-0.205219681364098	0.0421151176191819
0.035973301835412	-0.000980275775665031	-0.000265163319034998	-0.000109413772205913	0.0119789725500855	-0.0332467004613816	0.0058968006200568	-0.00524381322137936	0.00917595363598874	-0.00158758872420841	AFR	0.662344	0.183510964977971	0.033676274267146
0.0362237175245524	-0.000973256211448797	-0.000517572163291934	0.000133886232863367	0.0101575494864489	-0.0412487123424492	0.0122082528359973	-0.00639489882690338	0.0025495569710978	-0.0097370431416702	AFR	-0.0751725	-0.554538851755981	0.307513338106842
0.035530818309617	-0.00107561219521966	-0.00036237261573109	-0.000111787538460887	0.00701918454806804	-0.0335471668947213	0.00937225028602847	0.00311968242362114	0.0166359248933975	-0.00709660379046316	AFR	0.52691	0.0491581934275226	0.00241652798105773
0.0351218661984948	-0.00111134005419137	-0.000401643393547426	-0.000386224880698307	0.00971668161090908	-0.0370075788712688	0.00818352520544224	-0.00112531406423669	0.000184579607414092	-0.00309465877273808	AFR	0.971676	0.494973432707229	0.244998699085978
0.0353273057659578	-0.00123390751295493	9.74248288140312e-05	-0.000235446484587573	0.00729915742506427	-0.0311330113470829	0.00882925101065444	-0.00288288918895659	0.00967043698800876	-0.01565812715587	AFR	0.115101	-0.363011942687434	0.131777670533705
0.0354740765663132	-0.00139747340182948	0.00026022907309584	-0.000134423031241273	0.0118854971716816	-0.0411621220488751	0.0105617367593253	0.00022986008730858	0.00248573705743445	-0.00359857211865647	AFR	0.685676	0.206284316701311	0.0425532193169267
0.0353819527374002	-0.000759591290075712	-0.000101379736498578	-0.000126046427990235	0.00838167510257296	-0.0345313856116157	0.0100806532061473	0.00066294624247546	0.00871170526270154	0.00288154498643798	AFR	0.699632	0.223739865687978	0.0500595274980743
0.035564412595897	-0.00119641650680187	-7.31190265238109e-05	-4.41211653483998e-05	0.0159587809874082	-0.0399251063418016	0.00804497381228467	-0.00396318989255217	0.016149968132938	0.0122372009657972	AFR	0.825401	0.346871357982537	0.120319738988649
0.0356413959927962	-0.000744447067912409	-0.000755798865697163	0.000239771936459261	0.0108957551073005	-0.0306417252730306	0.00508249907790295	-0.00242964238760311	0.0191101159915783	-0.0112070771203209	AFR	0.185814	-0.290334278099735	0.0842939930396944
0.0351497862144369	-0.00112126251781323	-4.28048255267944e-05	-0.000237007710824921	0.015262191015684	-0.0379545910560799	0.00924403176114587	-0.00233499275204191	0.0243878065747605	-0.00314630943612913	AFR	0.102494	-0.374424754242679	0.14019389658969
0.0355690107982279	-0.00122395882125332	-0.00119555672657143	0.000101827025482268	0.0177796274232252	-0.0387104194026005	0.0132508182068901	-0.00111726473924612	0.0100781499976086	-0.00851716797089939	AFR	0.677736	0.199687316259716	0.0398750242750079
0.0350077121235754	-0.000754779663702455	0.000134875455267277	0.000385223216732048	0.00929704131263681	-0.0344771584390754	0.00832454089639913	-0.00806121444329965	0.00228523445904841	0.00353670614042097	AFR	1.41549	0.941091504989259	0.885653220762949
0.0353708357325272	-0.0013000435921946	-0.000653446525470407	-0.000725530685273343	0.0111462681508811	-0.0362545056513773	0.00898122727100722	-0.00240268374582541	0.0199143974625956	0.00341212348660429	AFR	0.789561	0.311034123635323	0.0967422260655932
0.0354206374092872	-0.00111235333226349	-0.000585173775791478	-0.000159491443946943	0.0178605350765578	-0.0405445664868532	0.00983193016700615	-0.0032522113146436	0.0126212445176919	0.0044282152631721	AFR	1.30356	0.826080400428963	0.682408827972876
0.0354050522663791	-0.00116414188305393	-0.000518023302607736	-2.38326555744249e-05	0.0136823512253358	-0.035663195542975	0.00973736804377437	-4.42141979611819e-05	0.0164146470634934	0.00652547022509997	AFR	1.17998	0.702362668803579	0.493313318528886
0.0351927007323881	-0.00113716761524376	-0.000488506880447527	0.000255337210503628	0.0127186502902267	-0.0394203762860459	0.00891805321639178	0.000347432876014178	0.0238610562975881	0.00679748903700691	AFR	0.455217	-0.0213955795433752	0.000457770823996894
0.0354589938312912	-0.0011120283465007	-0.0011081800991952	-0.000519911788936476	0.0129815332062755	-0.0391801752062729	0.0123890462588894	-0.00513883363170377	0.0112444451391366	0.0155151618385117	AFR	0.0242062	-0.453381755001909	0.205555015768611
0.0354464925411238	-0.00115919752509263	-0.000731722121853014	0.000308205358859452	0.0106888833977901	-0.0353634596169483	0.00853357513844253	-0.000861379939728047	0.009426200048002	0.0106626977465766	AFR	0.993761	0.516340872937579	0.266607897065941
0.0359778493191666	-0.000893727428370105	-0.00101147328910311	-0.000279986390374466	0.0164406360819992	-0.0419074237762778	0.00999770937625775	0.00287791951470237	0.0107413492332148	-0.000577291725996257	AFR	0.0431938	-0.434999663311123	0.18922470708079
0.0355534164151068	-0.0013843052057864	-0.000275777433979548	-0.000301940762676657	0.0136154168016203	-0.0418170078894375	0.0102116598456746	-0.00613329703955539	0.0102944244044128	0.00518534808750248	AFR	0.753929	0.274480976116012	0.0753398062495986
0.0356544668852066	-0.0011068707281374	-0.000778943498046925	-0.00070029254511826	0.0158752825980964	-0.0437864382284758	0.00899502335631763	0.00088528338797126	0.0108253485913789	4.71763636518593e-05	AFR	0.0923619	-0.386129920411057	0.149096315436649
0.035568500989557	-0.000707071265979744	-1.79967378249485e-05	0.000196142951141046	0.012856054906988	-0.0401697828938665	0.00889515335550663	0.0018135821337427	0.00656951256684041	0.00554021883977101	AFR	0.761769	0.285663704019472	0.0816037517941248
0.034992597467292	-0.000941704618972531	-0.000253422055128824	-0.000197059721701081	0.010255368411796	-0.0328629436636432	0.00708780858788251	-0.0011080832459317	0.014300769115659	0.00434386250632833	AFR	0.469341	-0.00607594453813209	3.69171020304572e-05
0.0358197654676907	-0.000773654518982609	-0.000356058537284422	-4.81022781432073e-05	0.0122303478197567	-0.032028270451546	0.00794197178556167	0.00140098174303934	0.0153704372714803	-0.00594355513769757	AFR	0.24172	-0.235538972023079	0.0554786073416887
0.0355264461701203	-0.00128863325030418	-0.000866525296384694	-0.000280733311707075	0.0136118472749886	-0.038498881027036	0.0105467892903876	-0.00224919018330234	0.0028656489243938	0.012494750523912	AFR	0.621745	0.143133774149551	0.0204872773022947
0.0354453279136482	-0.000997360001586914	0.000101108226283325	-0.000677300766469802	0.0135934723795797	-0.0390564922501965	0.0114152638390594	0.00102565025598	0.010946958278723	-0.0044837448557103	AFR	0.278252	-0.199423509565145	0.0397697361672797
0.0352411965651315	-0.00110831667171132	-0.00063541507935801	-0.000788055083713243	0.0148154313237837	-0.0423310540177226	0.0109181601394629	-0.00253289605043189	0.0177138014704087	-0.000345816403988704	AFR	0.742919	0.265684876820178	0.070588453770953
0.035565943348977	-0.00065941509850352	-0.000283540915568411	0.000600012786159495	0.0145720469150997	-0.037578658876045	0.00826178272112187	-0.000905346841765924	0.000533362964360419	0.0040353839385104	AFR	0.869616	0.394127883683589	0.155336788696905
0.0355707215331	-0.00107010114990221	0.00023572821959191	9.84693679713024e-05	0.00949186447560345	-0.03689751310234	0.00988113512124271	0.000429027337805026	0.00434082803524594	-0.0056963549686986	AFR	0.983677	0.505666793184698	0.255698905729696
0.0358663328735398	-0.000807100845943451	-0.000141743121373231	6.46189242820793e-05	0.0107561023077481	-0.0335788897811552	0.00865766431324369	-0.000820335734382361	0.013980872147472	0.00234565236392653	AFR	0.748623	0.271019522694682	0.0734515816816534
0.0363710845769705	-0.00112959676016512	-0.000944407163720051	-0.000418594125067617	0.0128332035864888	-0.0347726051899212	0.00748473347768166	-0.00491791263651677	0.00564626410229731	-0.00313801077742711	AFR	0.151709	-0.329040010504734	0.108267328512956
0.035347268295139	-0.000915003307030383	-0.000107174550498523	0.000559368263057356	0.00986573502481991	-0.0372943306400133	0.00875702968409432	-0.000137878467146809	0.0101101199762677	-0.0027279345434435	AFR	-0.172967	-0.649037223309068	0.421249317240745
0.0352574680620965	-0.000945322588345832	0.000325723709518889	0.00120086617559312	0.00756208049900938	-0.0302910820912697	0.00829149543146259	-0.00222675999300878	0.0133593054521335	0.00547771575178775	AFR	-0.125505	-0.601213785776684	0.361458016207932
0.0358174764292988	-0.00121731430581336	0.000196269335593537	6.27283947526197e-05	0.0125512507283555	-0.0398043091295399	0.0100768886357511	-0.000886284353182411	0.0108531456057406	0.00963592290309352	AFR	0.901834	0.422295340404818	0.178333354527621
0.0359054077083624	-0.00111241548126406	-5.05164864049609e-05	-0.000317226804634361	0.0101599980110935	-0.0403347475318592	0.0107964766388804	0.00101872117075438	0.0145004686575256	-0.00828573410869079	AFR	-0.0579819	-0.537445320264246	0.288847472273938
0.0327214225584648	-7.34975527980873e-05	0.00102552503124004	0.000137468440199118	0.0723998208468771	0.0729851870284394	-0.0216747559695425	0.00256287265374135	0.00157612122290093	-0.0219900598570089	AFR	0.492739	0.0286594069285502	0.00082136160549623
0.0324596765233357	-0.000387711127457062	0.00095392468772473	0.000893020779065063	0.0640238359810112	0.0612662577741932	-0.0184952698599289	0.000741703319373029	-0.0116367658464198	0.0219301725659757	AFR	-0.0822379	-0.546406693492389	0.298560274693286
0.0329389896720445	-6.94233033988323e-05	0.000687997557381022	3.87046619109454e-05	0.0652110321420361	0.0570852994433921	-0.0172935115773386	0.00550495211567849	-0.011908562987477	-0.00724112838021865	AFR	0.444225	-0.020468894195695	0.000418975629594555
0.0329727161414803	-0.000597632128148059	0.00076758990967763	0.000539117109193045	0.0686167040545585	0.0575431350410266	-0.0183953695740318	0.002404376208192	-6.25306745621075e-07	-0.000894112204072637	AFR	0.806033	0.339011947795031	0.114929100747781
0.0327375549837732	-0.000290877182451786	0.00100915519437829	0.000313536497675039	0.0665123740721673	0.0692937847243524	-0.0220646772237088	0.00250578646733892	0.014089583947488	-0.0170789469273075	AFR	0.551804	0.0867634372170927	0.00752789403772439
0.031069924043386	0.000326853187391306	0.00151595265575687	-0.000112521570072308	0.0616927124596264	0.0593802066660044	-0.0147868544730993	0.000389440105568158	-0.000172461203503124	-0.00707351802885356	AFR	0.615571	0.158539248591909	0.0251346933440872
0.0318278501405623	0.000201060513070671	0.00144951436283708	-0.000737393842205492	0.0614799691592609	0.0579518336000474	-0.0154589753379447	0.00201841941807058	-0.00299892862862316	0.00182543554104362	AFR	0.414822	-0.045717130642271	0.00209005603416247
0.0320888068935738	-0.00011250930161189	0.001014769827847	0.000607681714328175	0.0651286839699248	0.0655674540998001	-0.0183605942962826	0.00549482947311432	0.00467991126276252	0.00691673103597918	AFR	-0.00386761	-0.465701107921415	0.216877521919233
0.0327830919479126	-0.000253091523579414	0.00204126754555167	-0.000146026104197324	0.0687312226673427	0.0605008161068951	-0.0212839697824456	0.00158301472692382	-0.0150464777254462	0.0178684018269272	AFR	0.45356	-0.0122384549995425	0.000149779780775826
0.0332865564853602	-0.000265901543522009	0.00187381528898128	-0.000243000312891065	0.0763875265521428	0.0614147930337311	-0.0225752953353245	-0.00282574827153788	-0.00623617238255897	0.0156003742411804	AFR	0.873385	0.405852134398882	0.164715954996128
0.03249976705821	0.000101330026312103	0.00068713543003714	-0.000575436936553285	0.0652761018682261	0.0628270933834536	-0.0179341826170025	0.00059734252926649	0.00240965146452013	0.00189323162025973	AFR	-0.310433	-0.773235371895777	0.597892940350801
0.0323168639423022	-0.000409215393495776	0.00129433855660053	-6.64438130195357e-05	0.0749023451610713	0.0713115856330937	-0.020997221642704	0.0020077834629714	-0.00335388074631635	0.0081096082610147	AFR	0.647616	0.183052488977428	0.0335082137208314
0.0319866411268857	-0.00026334718396678	0.000957414393703587	-0.000369001238301615	0.0642850741559135	0.0588680903323903	-0.0173182580318357	0.00272682380337157	0.000995579893705675	0.00223449600021892	AFR	-0.150677	-0.613474551486339	0.376351025321365
0.0316424228133053	0.000180231663865397	0.00121349632879327	-1.70951072581552e-05	0.0654924855525907	0.0534799130129139	-0.00994191989210808	0.00327003921484471	0.0130509979046332	0.00238472866379901	AFR	0.923021	0.463577603967544	0.214904194900289
0.0322398919250486	-0.000505144117960235	0.000213201711780467	0.000587458998082353	0.0622570765334327	0.0562456173178316	-0.0160238999543129	-3.67978798038902e-05	-0.00687163873311852	0.00172462213262583	AFR	-0.0297517	-0.493579202114985	0.243620428760465
0.0308883381735522	-0.000134840363905226	0.00105508305024661	-0.000855463374980588	0.0628296752854705	0.0588867950517641	-0.0145306258077619	0.00163049055815705	-0.0056667951623715	-0.00121187890237527	AFR	0.819994	0.361137559348693	0.130420336772331
0.0326135096670515	-0.00029082748461214	7.01814697020228e-05	-7.24182511605127e-05	0.0697005595474273	0.059338364292464	-0.0206712413043456	0.00218563591021523	-0.0028742538515953	-0.004799256013112	AFR	0.0169821	-0.447440969648486	0.200203421319978
0.0327740629355849	-0.000266629121392941	0.00131900333170707	0.000511752064557348	0.0776066038527198	0.0881309721827098	-0.028956339275982	-0.0041884393251963	-0.0102424625792819	-0.030344506194329	AFR	0.00592597	-0.459143745608001	0.210812979130945
0.031927017941766	-6.68521219974859e-05	0.000555786151358027	0.000572960155558209	0.0625939736600113	0.0572918665824641	-0.0180627190147213	0.00431605537567469	-0.00332862591331723	0.0010168456192295	AFR	0.0722156	-0.388662570826254	0.151058593961273
0.0320523761088532	-0.000269692628755784	0.00169266251403232	4.39148091564552e-05	0.0784236981371429	0.0834919369527118	-0.0248391976799958	-0.00386867169832094	-0.000806927793588406	-0.0359160328100158	AFR	0.177497	-0.285637836947331	0.0815889738959499
0.0323254391889699	-8.92252135609805e-05	0.000930131754513678	-0.000914062922671277	0.0673868736538445	0.063209771199131	-0.0181265388696735	0.00209443062023605	-2.84848811568216e-05	0.00826536531495811	AFR	0.646659	0.183211167174861	0.033566331777575
0.0326931453242155	-0.000511003297319318	0.000807474507149673	-0.000342601431691422	0.063352565014446	0.0612534729872568	-0.0176121216852078	0.00270794729986659	-0.00608876630024605	0.00269601747133985	AFR	-0.853994	-1.3202471403295	1.74305251154822
0.0321695972704532	-0.000247003387581792	0.0014842840703307	-0.000738466395750028	0.0746345154291485	0.0698207029703652	-0.0212479724321544	0.00402308966481543	-0.0162905176146053	0.012916635491063	AFR	0.326389	-0.137431918452869	0.0188875322096359
0.0324038621256801	5.69140298673667e-05	0.000312858721280396	-0.000121957215475425	0.069781097584785	0.0730723486182226	-0.0213072669891838	-0.00203711880568589	-0.00739018129603085	0.0139935647734895	AFR	0.261044	-0.201179109299241	0.0404730340184358
0.0327319732448663	-0.000483013886690038	0.000814597516815782	-0.000496587041585729	0.062490435855658	0.0588199938105595	-0.0181993320292884	0.00316222844850931	-0.00275732990822021	0.00506851876968758	AFR	0.230139	-0.236213892766991	0.0557970031361354
0.0322067400536629	-0.000171746218216419	0.000409572242099387	0.000575072281286045	0.0655256943061643	0.0645194965380276	-0.0197221721991351	-0.00189903401686482	0.00527698999560774	-0.00727060290893812	AFR	0.349638	-0.112604664827572	0.0126798105409299
0.0325469856403871	-0.000358742111596509	0.0014265653423645	-0.000799615013948514	0.0655990362187214	0.0643350032875334	-0.0209114789536039	0.00194680982917865	-0.00401428084650677	-0.00766661972805494	AFR	1.04699	0.581361721391279	0.337981451099031
0.0332456674127064	-5.1402459938702e-05	0.00076454454529697	-0.000242815481412579	0.0668779167719569	0.0623058141956789	-0.0200686821995791	0.00260561730947147	-0.00633500337584518	0.000544392593274223	AFR	0.00264096	-0.463214032690638	0.214567240081523
0.0322346665278226	-9.31303467178365e-05	0.00150656484265829	2.58970059440179e-05	0.0626552135604363	0.063105895957896	-0.0170213239279393	0.000417519168255887	0.00684740503959504	0.00135565051684165	AFR	0.710575	0.24773853632148	0.0613743823787091
0.0322475565287111	-0.000105365012763182	0.000384191367001402	5.23844018307068e-05	0.0726527930552293	0.0704647854761703	-0.020411449006898	0.00212343513941627	0.0020344482231772	0.0121395439079466	AFR	-0.387465	-0.84985219967773	0.722248761297076
0.0329746173360471	-0.000449416172852758	0.00140178538325753	-0.000339869367811658	0.0743572041155046	0.0795714567003655	-0.0223540557166104	-0.000447186609783542	-0.00400920470848587	0.010101004331531	AFR	0.469725	0.00253620049988018	6.43231297559248e-06
0.0326724379200053	-3.3259533876297e-05	0.000761363448246425	-0.000978344780316404	0.0675449392597852	0.0602535903379201	-0.0187698660246151	0.000585367794639599	-0.00423591429961584	-0.00137618954017451	AFR	1.26679	0.802479794160736	0.643973820036257
0.0324793528057925	-0.000445471314152021	0.000208228638285845	-0.000536369770567803	0.0581712699617763	0.0521815461485075	-0.0174785363533197	-0.00135775667163116	0.00414408383944249	-0.000519107515831377	AFR	0.286065	-0.178998851624026	0.0320405888827202
0.0323879520361463	-9.21333581664043e-05	0.00160761739139804	0.00042542876596964	0.0663017598242128	0.0627794994597795	-0.0173342200436548	0.00563587803377113	-0.00495882701380068	-0.0153262734118749	AFR	1.07445	0.61130966615882	0.373699507939208
0.0311722644873852	-0.000568121512561994	0.000930963429591255	-0.000504599307065344	0.0662546411963634	0.060542634066785	-0.015500311527287	0.00520979853395562	-0.00579083199422951	-0.0014796087776674	AFR	0.814567	0.352992601281279	0.124603776559324
0.0319258979574585	-0.000231902275836755	0.00110908827403181	0.000870094582381531	0.0639602673778315	0.063363160751253	-0.0162003074433983	0.00123182648268502	0.00730098449759257	-0.00211123931037331	AFR	0.815758	0.354030334578917	0.12533747780206
0.0331941935899654	-0.000808663990801827	-0.000313848348703695	-0.000559736385270821	0.0730048330521615	0.0641679803579801	-0.0224540821092794	0.00256481755609306	-0.0101779180811787	-0.00575049336248232	AFR	1.23531	0.766362038095221	0.587310773433461
0.0320538227168928	-6.86859460787405e-05	0.00140201815537256	1.38822383910617e-05	0.059749587377036	0.064736280913812	-0.0192596259473965	0.00657321628860084	-0.0109294985443907	-0.001880146459419	AFR	0.337114	-0.124957305597396	0.015614328222161
0.0321052679008607	-0.000452086413819142	0.000291702830198144	-0.00058491075581079	0.0634233668103155	0.0601635008568325	-0.0204108021975604	0.00422474566313843	0.00384295132362204	0.0067967705851608	AFR	-0.0159501	-0.479858807520364	0.230264475154866
0.0333909364419374	-0.000417045613834211	0.000538512282347397	0.000547530535500929	0.0584814510247833	0.0555138060628747	-0.0204196495409465	-0.000371666218794733	-0.00333062922659001	0.000444689047568519	AFR	0.252397	-0.215062168693336	0.0462517364030809
0.03200485520416	-0.000329751489970221	0.000905075966630332	8.45806247557249e-06	0.0690966555534762	0.0644159026758824	-0.0198889608179811	0.00168430675447834	-0.00549569660003051	-0.000353888393672569	AFR	1.10325	0.640342946824047	0.410039089547304
0.0320827645629231	-0.000173979713738224	0.000717613040557265	-0.000395493533459738	0.0666576139037683	0.0598016894457408	-0.0191790900590465	0.00213461167011855	-0.00400222623573896	0.0034096561441528	AFR	0.643112	0.180510655337054	0.0325840966902127
0.0319750774763171	-0.000344437455409028	0.00169581829019903	-0.000105557511202215	0.0592320513087273	0.0634145409498305	-0.0157360772521134	-0.000626849815383207	0.00587968903334996	0.0158401681992931	AFR	-0.629596	-1.09292084800013	1.19447597999331
0.0331225327071467	-0.000367390866061028	0.000937586017576776	-0.000108812824644525	0.0708802627269104	0.0646631622572768	-0.0217113622403038	-3.95601000078077e-05	-0.00527389496760914	0.00079227662798039	AFR	0.000982848	-0.465947721442006	0.217107279116997
0.0337389002470124	-0.000799328343949537	0.00101765070168121	1.63969142445898e-05	0.0632241895669703	0.0584112876201731	-0.0190742791080498	0.00431834449532584	-0.00791980042128658	-0.00182944360673821	AFR	0.572635	0.101634956488097	0.0103296643803374
0.0320434550896369	-0.000280272377430087	0.00155860242634279	-0.000220854285459984	0.066331632024223	0.0615703930133171	-0.0173492237424639	0.00253975809749512	-0.0139315179553891	0.00340327146422315	AFR	0.39618	-0.0670797772471947	0.00449969651553326
0.0312148389624145	-3.148589226508e-05	0.00108882287067677	-0.000537340500780528	0.0597765935131893	0.0566252006649648	-0.0117453826092144	0.00558383476656919	0.000730932363676122	-0.00210913159266585	AFR	0.535882	0.0766032359568585	0.00586805575906214
0.0324140709658848	-0.000439963320262635	0.000494679090313753	0.000178484024118579	0.0681792296349196	0.0594692262711615	-0.0161814157833603	0.000994327981306409	0.000977113093971078	-0.00423774995832321	AFR	0.0979298	-0.366569443620644	0.134373156996349
0.0327242964847044	0.000157989357752829	2.56287972175682e-05	-5.96291950232083e-05	0.0695532377898197	0.0663019304421158	-0.0169422135793607	0.00157538132245148	0.00661386816347102	-0.00708388674321374	AFR	0.250059	-0.212587201113133	0.0451933180771157
0.0325950523817821	-0.000676543933830685	0.000392919004973527	-0.000321440499450249	0.0616331960220922	0.0585214185766471	-0.0167399021449	0.00352621643247705	0.0010336711131258	0.000788433294728044	AFR	0.757756	0.291261131009167	0.0848330464367393
0.0325918235020015	-0.000471463257844105	0.000419532232000846	0.000376538432678964	0.0737774279751039	0.0703518546162608	-0.0209851699557611	-0.00268982591722949	0.00316387239887831	0.00592228860401588	AFR	0.745369	0.280285588700136	0.0785600112329817
0.0326424305211754	-0.000228171562964478	0.0010879985832584	0.000865092833511779	0.0666235627025578	0.055115620758724	-0.0175477893177641	0.00288577172957829	-0.0159456928219574	-0.00254810544720601	AFR	0.9777	0.513589124400226	0.263773788702191
0.0323104664572986	-0.000225669003306679	0.000384409583839053	0.000323302411563896	0.065589429795265	0.0680202924697268	-0.0189527772460291	-0.00102174457162762	0.00793943364144285	-0.0061935255851876	AFR	-0.00925157	-0.472245882987259	0.223016173998416
0.0316609007385435	-0.000455079652060553	0.00102724297338051	0.000244814884371677	0.0622281225825427	0.0574873536560118	-0.0145430150792019	-0.00136845191656878	-0.000223920572752588	-2.13067240933802e-05	AFR	-0.568668	-1.03091874582881	1.06279346050126
0.0319749127500948	-0.000457076009619622	0.00046063687812577	0.000263761135937861	0.0648112432447023	0.0569228272364795	-0.0172134109372909	0.000902928286135412	0.00182960584570385	0.00512678419258442	AFR	0.728796	0.265762082258522	0.0706294843663856
0.0314039296148649	0.000133904166984811	0.000838563882250532	-0.000265648387729959	0.0614525852620269	0.0581247813701075	-0.014270483608696	-0.000526589030957371	0.00117818242602574	0.0062017036606444	AFR	0.242964	-0.215876953728267	0.0466028591509964
0.0326953972375414	-0.000693002684898199	0.00121446764416915	0.00012550104304515	0.0608561594356705	0.0535324376867256	-0.018659095310485	0.00231850278221649	0.0027093534219541	-0.011273813250526	AFR	0.432406	-0.0346095604113033	0.00119782167186365
0.0327250846940238	-0.000881502586674129	0.00122987382649997	-0.000268170903585364	0.066737976231349	0.0627490069026916	-0.0166489655727352	-0.0028528789279368	0.004522759445104	-0.0114612640165334	AFR	0.239837	-0.228426727264439	0.0521787697287423
0.0327474598361519	-0.000202390676772878	0.00049291855394017	-0.000104625266461351	0.0601449959456094	0.0567537878529855	-0.0155040723179156	0.00169634322891386	0.00478195984119003	0.00171459171069155	AFR	0.0578797	-0.406797222006813	0.165483979832461
0.0322189362717077	-0.00022299238834443	0.00063151298882633	0.000140296341170317	0.0678600897039497	0.0621217139346424	-0.0177567644798409	0.00362730581467441	0.00172655425842233	0.0228678551362041	AFR	0.378992	-0.0839161504675748	0.00704192030929665
0.0326247107643365	-0.000192939883287025	0.00101204026726741	-2.0211003448001e-05	0.0664627134840372	0.0564140052932562	-0.0161887719199827	0.00325079831640904	-0.00329985087533785	0.00525074961706719	AFR	0.116291	-0.348121802100212	0.121188789097499
0.0327040846212215	-6.39047972805299e-05	0.00104511774402061	0.000429109352922636	0.0684746387684995	0.064082232003277	-0.0175043732023016	0.00360138756312415	0.00371746762209107	-0.00127501443024327	AFR	-0.24429	-0.7080895526761	0.501390814609039
0.0317403279388583	-0.000254797087094657	0.00160902052989872	-0.000207550195913052	0.0617065155942434	0.0696080797521696	-0.0184175059633931	-0.00352742861243447	0.00126736913022336	0.0091852862612891	AFR	0.940929	0.47879261324501	0.229242366497985
0.0322270548521362	-0.000456049282874692	0.00109916926443301	0.000425281447144323	0.0618737209505688	0.0554423966917239	-0.0186441720490081	0.00100039576182094	-0.00198192064860631	-0.00373365197649218	AFR	0.439269	-0.0248079210803552	0.000615432948329131
0.0327526712317378	-0.000152331787668692	-0.000290806838125704	-4.41451517485685e-05	0.0758131703041357	0.0718679395043259	-0.0219686647271273	0.00275225948052742	0.00513796652658049	0.00749463566136814	AFR	0.971674	0.507627050025695	0.25768522191779
0.0316055338185722	-0.000175429975753783	0.00198195122814545	2.46001552056333e-05	0.0703411055859257	0.0649325544199282	-0.0160470484088478	0.0037861313036211	-0.0010759029320328	-0.00152759271369492	AFR	1.1758	0.714462030036144	0.510455992363368
0.0326956093579292	-0.0001989869098822	0.000747778152330286	-0.000434017995463771	0.0620200226578764	0.0553364531907846	-0.0178033056707548	0.000417649081806383	-0.0081604074993088	-0.00363120923060627	AFR	0.490586	0.0257684034454431	0.000664010616127125
0.0324309506316552	-0.000274404306011149	0.00114344253375918	-0.0006509634005205	0.0640641617273501	0.064260333923332	-0.0172931123027799	0.00124442000502088	-0.00106883648427466	-0.00690283390533481	AFR	-0.0520923	-0.516703074122872	0.266982066808027
0.0322078299244328	-0.000621088382264687	0.000295566593893002	0.000702847838002965	0.0625195433862113	0.0552478308045177	-0.0156625037048286	0.0055900299428122	3.6577684305191e-05	-0.0018589668075689	AFR	0.467211	0.00297797288004043	8.86832247425626e-06
0.0323507759830592	-0.000690479895111742	0.00127693591121648	-0.000632089532677319	0.0605437479867817	0.0542376626732114	-0.0162811054243314	0.00181974246783365	0.00644926331862265	-0.00153266213010784	AFR	0.614776	0.148418030699128	0.0220279118366074
0.0325233010529317	-4.36907808346354e-05	7.54786493413816e-05	3.87382069370419e-06	0.0617091440738397	0.0611490210900733	-0.0170683007889766	0.00398872623410991	0.00095704887235128	-0.00403960450245563	AFR	0.33426	-0.128646619046512	0.0165499525920983
0.0331163484219056	-0.000920172232343457	0.00020771591223602	-0.000560450241812078	0.0612266006143333	0.0504208002621675	-0.016085279552903	0.00085059519507871	-0.00574401586206414	0.000126806139584785	AFR	0.372129	-0.0973324193085267	0.00947359984845086
0.0312821206068589	-0.000153445655346371	0.00138822285392853	0.000505224212428504	0.0612482537195095	0.0617806932026728	-0.0156521309191289	0.00427732146041602	0.00184136795433776	-0.0183532779378094	AFR	0.345687	-0.113872024118208	0.0129668378767777
0.0316315591986277	-0.000287693100875199	0.0008395717165905	-0.000617822895496629	0.0693792010373072	0.0659805534568004	-0.0150329977093498	-0.00234030576214747	0.00260062181608302	-0.00175388957198426	AFR	0.41533	-0.046491901762563	0.0021614969294998
0.0319314454997507	0.000237649173272333	0.000708170528937086	-8.022871695309e-05	0.0653197411668626	0.0612691199251245	-0.0183974592358273	0.00104018159725685	-0.0108803190109392	0.00830276738067706	AFR	0.257576	-0.202367398162549	0.0409525638390797
0.0318008271339357	-0.000373495830380705	0.00122823712837042	-1.289782441645e-05	0.0619148327692704	0.0558582738791341	-0.0141040155683608	0.00299270949018984	-0.00581124940605905	0.00384443370688714	AFR	0.0470772	-0.415518103867879	0.172655294641958
0.0316908201206585	-0.000197209079055708	0.00102596188596198	-0.000582406626336465	0.0648678720460655	0.0612236455657103	-0.0187511184172484	0.00379619819123102	-0.00401895102825735	0.0103179526863306	AFR	0.318376	-0.143283696949939	0.020530217811642
0.0314177218208043	0.000196742677005137	0.00136662115845845	0.00126746863750614	0.0634059533728771	0.0660622538381167	-0.0192215392467304	-0.00024538972241784	0.00397293619116795	0.00320168543761708	AFR	0.538294	0.0804291566389749	0.00646884923765676
0.0323058660510215	-0.000130710852927376	0.000160286014389317	0.000738446291771705	0.0667786344015462	0.063402754636969	-0.0171009496195477	-0.000891945489392064	0.00560348299766703	0.00744945052864888	AFR	0.632859	0.170699636607718	0.029138365938007
0.0316273063623896	-0.000348927956160593	0.00147748638946743	-0.000171982974084535	0.0598664154976117	0.058379400401404	-0.0139096516532299	-0.00108635936542709	0.000773112360956903	0.00790936547133911	AFR	0.437469	-0.0246470260765395	0.000607475894417619
0.0318907341904925	2.53227099922635e-05	0.00149049671490077	-0.000692089516418217	0.0621590374032159	0.0605044454517663	-0.0174387514245288	0.00146886180334153	-0.0065484601862822	0.00895886473844257	AFR	0.667206	0.205634922241441	0.0422857212452436
0.0175992194582794	-0.00178847195036652	-0.0156647792455203	0.0128025253187231	0.000322724387741142	-0.00900811472938746	-0.00554246094449646	0.000653733589899216	-0.00689790127926229	0.00749574847583087	AFR	0.232306	-0.173059036113784	0.029949429980632
-0.0124348861711795	0.0237111590273113	-0.00865272731586348	-0.0136080594315456	0.000877812483922947	0.0076958251953897	0.0221699127512852	-0.00412386565486675	-0.00345224324572238	0.00108483877850092	AMR	0.0789784	-0.125187356297622	0.0156718741767877
-0.0115953462323375	0.01594256897135	-0.0202372268845751	0.00132980355213604	0.000345369499421379	0.00738784860294714	0.0183986857006225	-0.0034601342355587	4.19716901692369e-05	-0.00104268927401784	AMR	-0.373059	-0.601715173496761	0.362061150016237
-0.0111594160119438	0.0131909278253133	-0.0236826824837762	0.00889638156829218	0.000951486497131507	0.00523657416108693	0.0128886920079477	0.000640252730564325	-0.00029618151939754	-0.00240476824623737	AMR	0.140833	-0.0958263234939719	0.00918268427437136
-0.0114720326263471	0.0134780988706668	-0.0229506813435196	0.00653685212195408	-0.000810565825849308	0.00636024197873475	0.0154490373202039	-0.00451771992610789	0.00132456819685746	-0.00370649585411526	AMR	0.905823	0.669719403831882	0.448524079868932
-0.0109779728114656	-0.000146112987689776	-0.0430324684590404	0.0350135021226432	0.000714953470117274	-0.000352605831345608	0.00355361874963803	0.000802067240851116	-0.000984787896120718	0.00396221342232494	AMR	1.15447	0.880043885622683	0.77447724062187
-0.0112241178886232	0.0110156077014272	-0.0260053693968827	0.0118280032641965	-0.0008082107904992	0.00427517108169295	0.0164622386065502	-0.00216841252720058	0.000151780638141049	0.000366196437347263	AMR	-0.29387	-0.53761458013507	0.289029436773808
-0.011590000487937	-0.0011322587079714	-0.0451071895306318	0.0360635582817765	-0.00122723405919856	0.00139995810644975	0.00446968890941927	0.00600143342329379	0.00202551243573182	-0.000676534926481298	AMR	-0.417314	-0.692686174644683	0.479814136543884
-0.01243436872768	0.010419301235795	-0.02777750755268	0.0135810758506042	-0.000586063130098053	0.00338352377804919	0.010298726725132	-0.000611687519539213	-0.00250189712368467	-0.0013863435536412	AMR	0.471024	0.230488765073891	0.0531250708252874
-0.0115835335076106	0.00366619696549645	-0.035286462908262	0.0248965590642486	-0.00109256749363649	0.00213767975720068	0.00465603939782484	-0.000294494389321876	-0.00139439320053652	0.00147740209505312	AMR	0.0608814	-0.203630766329117	0.0414654889957834
-0.0107681278928606	-0.00297825030939742	-0.0446022872538398	0.0370171201207393	-0.00204786903269552	0.00171205317215233	0.00229093671807457	0.00139261449048781	0.00105164365941506	0.000340184255842937	AMR	0.317647	0.0311618615325112	0.000971061614171399
-0.0107489617442705	0.000696620749029857	-0.0392357288060281	0.03073246960244	-0.00148967199000519	0.00136818707622871	0.00434287257135399	0.00105588336037332	0.00155213210298302	-0.00408018376285444	AMR	0.876864	0.601116817755258	0.361341428588207
-0.0126118059988638	0.00993720492993799	-0.0265522940153932	0.0113370373524834	-0.000375187004681327	0.00388233526275777	0.0103686309707251	-0.000925445077706907	-0.000335818360432597	-0.000669822112311792	AMR	0.996549	0.752321078842564	0.56598700567084
-0.0109997373723736	0.00366414663202423	-0.0364753503619176	0.0263397518312275	0.000517350434023129	0.00258593859614231	0.00533693957861415	0.0019982503627163	0.000711473450832444	-0.00430140583588042	AMR	0.373853	0.108853975112864	0.011849187897872
-0.0117577902140268	0.0117984811218359	-0.0265152520207127	0.011117372723139	-0.000439050587452057	0.00629185362524192	0.015708608481028	-0.00248103626237598	-0.00139272717638034	-0.00223104191190374	AMR	-0.283981	-0.522445105802886	0.272948888577388
-0.00990276185010171	0.015832247547403	-0.0201183382227847	0.00181554784845833	-0.000922349070188256	0.00570188499643107	0.00994985779425129	-0.0022455500917043	-0.00236987781526609	-0.000837098906824007	AMR	0.44635	0.211738330810797	0.0448331207345425
-0.011693835462806	0.0239505253087435	-0.00679499053770963	-0.0149389321456758	0.0015096546848011	0.00860643139948099	0.0285473571878293	-0.0028563791873526	0.00175658469374672	-0.00069043216146956	AMR	0.29333	0.0860738969398474	0.00740871573441146
-0.0114876172324179	-0.0010901766352113	-0.0434208583522302	0.0343943497646463	-0.000299752031482783	1.65603055595476e-05	8.72888864959757e-05	0.000548543415550016	0.000799081855160192	-0.00207572967887804	AMR	-0.0371129	-0.314495246467138	0.0989072600504261
-0.0124409614026808	0.00415719373559625	-0.0358516377837057	0.0260950519542818	-0.000564781616969232	0.00442578387476161	0.0104943841298766	-0.00159644572127208	-0.00186762525365736	5.67320876550343e-05	AMR	0.097427	-0.160852909560222	0.0258736585139891
-0.0135743556581512	0.0129596178251433	-0.0252493718881557	0.00948944346442717	5.38380509307383e-05	-0.000841345948942067	-0.00630272777620166	0.00293533865824829	-0.00178797638982678	0.00157633232851492	AMR	0.384401	0.155886262360925	0.0243005267928591
0.0268538206352449	0.00448595610151069	-0.00136732489532633	-0.00391039981423266	0.00401762292648809	-0.0136125166873774	-0.00105554911179447	0.0016193701982084	-0.00122026302256388	0.00429876057542932	AFR	0.266236	-0.158034005177962	0.0249747467925881
0.0269781873761004	0.00205590481447942	-0.00291204738326985	-1.5179605289134e-05	0.00296418287371588	-0.0127498086441504	-0.000103873858474289	0.00562528694272154	0.00660998317208949	-0.00139378774545914	AFR	-0.255747	-0.688696615798755	0.474303028612658
0.0285563816350376	0.00271555319273459	-0.00113543838436767	-0.00282221318406199	0.00470903725423117	-0.00913810629738698	-0.00199921770309035	-0.00325863563703282	0.00314845575156554	0.0107912470884208	AFR	0.20858	-0.229189683916233	0.0525279112136229
0.0277731155671295	0.00300264652855203	-0.000976208474855509	-0.00293583847570536	-0.000723604768232086	-0.00887101792953091	-0.000213908595963735	0.00413332741835679	-0.00936726914159671	0.00150395948709863	AFR	0.0203622	-0.413567678464554	0.171038224670561
0.0214912558395408	0.00622795349833776	-0.00159574934321857	-0.00519983338734207	0.00778803691058348	-0.00887066809714824	-0.00349025152577449	0.00384994014968304	-0.000717119981077337	0.00187298785629337	AFR	0.284203	-0.114533114292639	0.0131178342695708
0.029312660298149	0.00208743293580992	-0.00104840021051508	-0.00238206967632632	0.00275326623335783	-0.0102583589002278	0.000294381495944949	0.00122252296150798	-0.0105590619034399	0.0139934220229022	AFR	0.764933	0.321894437714989	0.103616029031849
0.0291727809157474	0.00164083747322041	-0.000584961456551076	-0.00189503894655287	-0.000756752381886228	-0.00539178640925171	-0.00164756243131762	0.00370846235222498	-0.00215937007367908	-0.000263355863701936	AFR	0.633302	0.188714117078612	0.0356130179847601
0.0224092040641525	0.00659675863018676	-0.00126930075198325	-0.0061963458932063	0.00363178304722507	-0.00798648114664974	0.00399033351593551	-0.00182743686422404	0.00133341841909679	0.0206200400541443	AFR	0.669866	0.268997342304427	0.0723595701668451
-0.0113790114369592	0.000727402036691302	-0.0408965039704967	0.0331300101221327	-0.000891125877310605	0.00202204929147451	0.00393387445132383	0.00286179173257622	0.00152404063100848	-0.000660512013157056	AMR	-0.581943	-0.85311099205847	0.727798364770987
-0.0118732156115992	-0.00209548232363568	-0.0453009267104703	0.0377293881824988	-0.000622307843851427	0.00156433172928874	0.000217646245943712	0.000231889740026039	-0.000164927019296913	0.000288755103047078	AMR	0.379096	0.101279364333621	0.0102575096398223
-0.0107198312964908	0.00669843515866487	-0.0322790023021273	0.0196015116231704	-0.00212231633016208	0.00412181773245367	0.0123188065723966	-0.00163703985995082	0.002888006628829	-0.00068803467499486	AMR	0.308587	0.0506915376310385	0.00256963198739899
-0.0117681944983094	-0.00424687224289666	-0.0484549731223453	0.042189275603906	0.000860286963642482	0.00162063494583528	-0.000692860756539186	0.00187394180781512	0.00177233664851377	0.00344692310898511	AMR	0.282352	-0.00163843326625623	2.68446356797507e-06
-0.0116198971504153	0.00465889643850281	-0.0360831481328613	0.0245787901666985	-0.000216505584435923	0.00359822660287027	0.00796732147008462	-0.000851209410026398	0.00115693445955261	0.000121217590414789	AMR	0.67381	0.414284890002488	0.171631970084374
-0.0101560111118136	0.0034424763604216	-0.0375351928144342	0.0271017360214445	-0.00168440686610871	0.00369190226827712	0.00509888525280298	0.00559474653366548	0.000766620714404109	0.000818762420610974	AMR	-0.0845659	-0.352457774798435	0.124226483015864
-0.0116513848601196	0.010313464209927	-0.0277777637179149	0.0123458427777173	0.00181393295483016	0.00499082999661265	0.0115992866335231	-0.0025013973191269	-0.0037517563313492	-0.000725014576450711	AMR	0.503327	0.258874157159761	0.0670158292451765
-0.013450156167983	-0.00257460392808412	-0.0461567368996286	0.0384293431472499	0.000256548560500195	0.00146896226001832	0.00122829704750902	0.000595158969441013	-0.000356851663071846	-0.000945087628761418	AMR	-0.225421	-0.499349106301641	0.249349529964247
-0.0145048057243715	-0.0154707467855334	-0.064138290380626	0.06463689753807	0.000464370432251826	-0.00344503173011441	-0.0156373685031301	0.000861866028399009	-0.00104726310142943	-0.000978957648327779	AMR	0.76036	0.454308244810195	0.20639598130252
-0.0142264340078008	-0.0137689857820335	-0.0626301979935932	0.0607119659149111	0.000611291257090606	-0.00306588784968942	-0.0102758773937681	0.00438903843942096	7.56222922026385e-05	-0.00127715783273151	AMR	1.14547	0.843303283202264	0.711160427459717
-0.0147254357832797	-0.0165452798652485	-0.0676667359309338	0.0683560986550035	0.000650689921883052	-0.00440358219896085	-0.0125975863941712	0.00166461180616746	0.000884253022157263	-0.00104883913298496	AMR	0.264855	-0.0414840962058638	0.00172093023801736
-0.0147106090496932	-0.0159888231575114	-0.0668202434281488	0.0666574059557573	0.00139989892667003	-0.00333226871946106	-0.0120311064251752	0.00277550858676494	-0.000469006410384177	-0.00240408963252304	AMR	0.337453	0.032207790092786	0.00103734174266097
-0.013218112338815	-0.00209091820984934	-0.0471859256932295	0.0396899948257015	0.000164179854279038	-0.000623172700497084	-0.00303461403634034	0.000769251830150763	-0.000404370652810353	-0.000436170319212726	AMR	0.151606	-0.119525033206179	0.0142862335629381
-0.0137147579412539	-0.0121289437097174	-0.0599060185794112	0.0584973302368227	0.00141076810252028	-0.0018232497084736	-0.00703119878264893	0.0033536997705855	-0.000554428934521191	0.000518899385644183	AMR	-0.406956	-0.705801627818383	0.498155937831079
-0.0128207285178595	-0.00887379754473978	-0.0555669600493889	0.0493839851767404	0.000978794758035398	-0.00131154890001296	-0.00221192086670843	-0.00325871465454754	0.00116199723783847	-0.00108666110779683	AMR	0.465505	0.171161637041371	0.0292963059946819
-0.0141787764355051	-0.0114922535413945	-0.0597672406022274	0.0573486710833158	0.000240461278747979	-0.00197954978378597	-0.00909021979633851	0.00260339250360753	-0.00149006555607902	0.000352621160968798	AMR	0.292016	-0.0030610048960612	9.36975097371066e-06
-0.0125695095305908	-0.006193902970302	-0.0516049435381712	0.0460890635997145	0.00165564114101313	0.0018631285688234	-0.00182187526782791	0.00133643576446005	-0.000636125351074165	0.00281124727367903	AMR	0.181114	-0.105398325545506	0.0111088070277964
-0.0124939670543843	0.00180523274925327	-0.0409009937234575	0.0305983570547202	-0.000673085863123201	0.000818581341485661	0.00288439034278569	0.00520186946397716	-0.00236308530932743	0.00155385137195132	AMR	0.891305	0.627363512662373	0.393584977020071
-0.0116376968233475	0.00520293144298409	-0.0261937697205157	0.0122650061377359	-0.00191987188045801	0.000467135370499654	0.00439626450690581	0.00137561107998895	-0.00399163695521125	0.000429799594992296	AMR	1.00676	0.737319204302957	0.543639609033946
-0.0120266152250524	0.0133001552118075	-0.0246603258803997	0.00806364342007688	0.000141843681181092	0.00490626039704672	0.0167205227735965	-0.00131037933828889	-0.00102840902460484	0.000133635273201847	AMR	-0.71381	-0.947105291358901	0.897008432920029
-0.0126429484492025	0.00298296089854215	-0.0389154061627791	0.0273594290685949	0.000568163196889014	0.0015009533163108	0.00189186952301799	5.4890674197405e-05	0.000353160286443918	0.00227954695493369	AMR	-0.38745	-0.648335481823775	0.420338896991666
-0.0118046429042883	-0.00569609735855382	-0.0502885191996202	0.0455313318176193	-0.00227318454124938	3.93270370917664e-06	-0.00339072940677908	0.00421402342041972	-0.000958803140864573	-0.00050923753560057	AMR	-0.552536	-0.840248242667916	0.706017109306521
-0.0100443709154475	0.00256799575928243	-0.0367618602689772	0.0263826882036705	-0.00192889518944451	0.00447664283145857	0.00556847690549907	-0.000561581048720165	0.00162156412213689	-0.000828425637608176	AMR	0.232551	-0.040671908526232	0.00165420414316618
-0.0134042800583138	-0.00772584547940984	-0.0539818607403868	0.0496840710751843	-0.000260600582954925	-0.000982223241164709	-0.00600331838231007	0.00437819963313604	-0.00161140217628936	0.000387784727288286	AMR	0.272374	-0.015148905580289	0.000229489340280512
-0.0132272799667845	-0.00817974177833309	-0.0552242564298351	0.0506815383468911	-0.000822042477984559	-0.00131802515800373	-0.00547518212388163	0.00512640490074083	-0.000375152649097985	0.000789889909764867	AMR	1.31214	1.02310451282583	1.04674284416459
-0.0109241187364036	0.00112659104265947	-0.0403066856895285	0.0320713133598551	0.000382213599420418	0.0017064677397741	0.00341805960098122	-0.000493343641009685	-0.000470504961319747	0.00179453138901289	AMR	0.293186	0.0214201150121241	0.000458821327132624
-0.0112684635673302	-0.00346615616198824	-0.0477248801165382	0.040443422951302	-0.000617828274482183	0.0010390765533977	-0.00348055161179889	0.00374184910385895	0.00361595817950361	-0.001849453780354	AMR	0.515137	0.231695577896584	0.053682840816832
-0.0108884790543087	0.00794481620944889	-0.032075939277002	0.0170444780752296	-0.00042949894582224	0.00249564672835804	0.0110694655284699	0.00245097752929865	0.00182814616837999	-0.000169529809952462	AMR	0.285332	0.0321645475869093	0.00103455812147055
-0.0109064643008959	0.00752012688697329	-0.0310949083356011	0.0180669149175854	0.000589768448244246	0.00462158888616804	0.0120649516150839	0.00069062854349535	0.000179946827481001	0.0021270688039068	AMR	0.848258	0.593330160273747	0.352040679090471
-0.0113421279302597	0.00304903260503802	-0.0381868270125541	0.0270637001843993	0.000420345466338641	0.00548341656992938	0.0065534966672863	-0.00436919133820757	0.00196923830860053	0.000253672985679543	AMR	0.10297	-0.162509093271672	0.0264092053959809
-0.0122963013998464	0.00739892091731639	-0.0319249276835426	0.0182825967258361	-0.00078788033900648	0.00452573857212849	0.0161975891710013	-0.00510747917263421	-0.00194110102223347	-0.00258399680092779	AMR	0.0662421	-0.184056198931588	0.0338766843651442
-0.0108973694995366	0.00446159316605741	-0.0360673484500199	0.0246951881389476	-0.00121165159100472	0.00312763093495456	0.00648063085503604	0.00188759628292167	0.00217005375014039	-0.000927386745256742	AMR	0.223776	-0.0390421658910702	0.00152429071746585
-0.00898846105307545	0.00409755145887773	-0.0336871839914285	0.0243867018636018	-0.00119430031549423	0.00275431872434922	0.00846143947759029	-0.000407892733479102	0.000451697096804367	-0.00268595859172954	AMR	0.269063	-0.00321668401198216	1.03470560329417e-05
-0.00907990933839614	0.00499691238909553	-0.0336138282245707	0.0218216500577728	-0.00175476308280679	0.00309987100341414	0.00851202367951222	0.000792257178840797	-0.00126912158779132	-0.00147043410002243	AMR	0.441863	0.172469456954979	0.0297457135823454
-0.0113799475343346	0.0113017761344	-0.026705857282508	0.0110088851800626	-0.000797351680663437	0.00601068752408634	0.0167147761364761	-0.000953231477533538	0.00113417178995612	0.000942100531463103	AMR	0.355857	0.113798780453724	0.0129501624327548
-0.0117405833016496	0.00954203298606451	-0.0299427326643392	0.0156040901681404	-0.000662582050099953	0.00447139805738529	0.0128789224259431	0.00115905717313484	0.00137619609421538	0.00116618035772437	AMR	0.56323	0.318538027586804	0.101466475018891
-0.0104905938098008	0.00409642136484128	-0.0350219591412399	0.0244436769303041	-0.000120216571823917	0.00284240972631414	0.00798929738414716	0.00176407334173603	-0.00200625437478769	-0.00239707152282069	AMR	0.288832	0.0222651378750659	0.000495736364595694
-0.0133637369979303	-0.00604428699673712	-0.0522610804198917	0.0469453524756395	-0.000550553068546092	-0.000470925175098663	-0.00298169469623765	0.00326751152529634	0.000753587834676891	0.000204198424512597	AMR	-0.116456	-0.398735570182264	0.158990054928575
-0.0113110491094467	-0.00491211503370079	-0.0489995258688506	0.0436261223569485	-0.000449743976890453	-0.00192353808343502	-0.00422389602429131	-0.000369759538408243	0.00278821288321454	0.00389094439615253	AMR	0.412118	0.124623642720402	0.0155310523249023
-0.0121752337892985	-0.000918090912627965	-0.0428458274852605	0.0353198952597894	-0.000550803955279676	0.00293571569005653	0.00495232804770794	-0.000948717085483842	0.00179052787765674	0.00379223123445612	AMR	0.530654	0.25671122386189	0.0659006524566696
-0.0117288365596107	-0.00390312153577865	-0.0468000657991675	0.0398687825956132	0.00116825931711701	0.00220841954956464	0.00128556883900138	-0.00256815710706934	-0.000616385959253431	-0.00225547674068557	AMR	-0.196387	-0.481150977247539	0.231506262906262
-0.010337120135842	0.0050321539475821	-0.0328240851885537	0.0224426288175773	-0.00176691256667151	0.0047826711660728	0.0103119272787686	-0.00162307646854611	-0.00209259172696418	0.000144563898866784	AMR	0.478361	0.213378551198931	0.0455304061117549
-0.0107817758316838	0.0113959071383442	-0.0253269818501214	0.0111148828792813	0.00178160111663125	0.00558735550327115	0.0131079261110449	8.8218327842555e-05	0.00191544495471861	-0.000451848597123788	AMR	-1.22815	-1.47236147056269	2.16784829999754
-0.0122034528064102	0.0117065157128537	-0.0271832838765288	0.0103923787015838	-0.000147300484909034	0.00484342951349069	0.011994849882741	-0.000588708671458556	0.000788397644837956	-0.00225571402817558	AMR	-0.399867	-0.637412288191517	0.406294425137546
-0.0106519429233433	0.00263416419490517	-0.0377874209582944	0.0266412540513424	-0.00087512934246524	0.00277918229416082	0.00730300169851876	0.00550253107528263	0.000640242069231528	0.00156431600823182	AMR	-0.12499	-0.395206656791882	0.156188301572616
0.0219534433023134	0.00567415975896626	-0.00187059037627473	-0.00439589422066058	0.00334184059033375	-0.0172867067821295	-0.00252474847306823	-2.95403662013168e-05	-0.000951077490915127	-0.00429656752353398	AFR	0.679095	0.276833016274729	0.0766365188997643
0.0211109996371852	0.00686605272318799	-0.0024751408089346	-0.00425383080688416	-0.000473189918063747	-0.0071562100687822	-0.00299309342801918	0.00194373961961397	-0.00924514904257017	0.00250075991789705	AFR	1.66599	1.27256605285448	1.61942435887764
0.0237770970233379	0.00570389896834723	-0.00128009159699592	-0.00506472771733052	-0.00104547077301536	-0.0129296412434508	-0.000164812327503668	0.00569373550828614	-0.00809365473294446	-0.0145137989001558	AFR	0.802913	0.393956945681438	0.155202075050648
0.0262951129097235	0.00342079312084038	-0.00123277098043725	-0.00378784754946324	0.010445207951659	-0.0112286720545675	-0.00240522627639946	0.000412557862292554	-0.0060093425631149	-0.00475872904137924	AFR	1.19446	0.767050589381801	0.588366606670968
0.0270014522442742	0.003217095926668	-0.000557585104152404	-0.00206906512534111	0.00207069596943392	-0.00867921690426682	0.00117518140173558	-0.00295182658058353	-0.00924514943839345	0.0027384293066795	AFR	1.02039	0.590419094456402	0.348594707098718
0.0301927206939792	0.00165280747146887	-0.00173265795997677	-0.00131097492950394	-0.00432742019067751	-6.6003446940587e-05	-0.00160653691206893	-0.00529222158648213	-0.0129535576085263	0.00766520534742008	AFR	1.02107	0.57402908310045	0.329509388245144
0.0258594721268277	0.00419862068046936	-0.00145051148914972	-0.00420321953986025	0.00570276409479485	-0.0149069642055136	-0.00247294927528131	-0.000505064208395854	0.00603387091313375	0.0369076896858577	AFR	0.635028	0.21259505971998	0.0451966594173417
0.0293364694308192	0.00203590318009896	-0.00102366839782893	-0.00303426720735567	0.00450323728991415	-0.0179736582223567	0.00501444201576307	-0.000614915996260305	-0.00240056397657231	0.00237348805459649	AFR	0.600985	0.157195822482742	0.0247105266060257
0.0290172602003334	0.00240096089752787	-0.00259246591121693	-0.00119950192384867	0.000382760816369434	-0.0145864208157084	0.00479548959809528	0.00121029475707212	0.00550848950079142	0.000292966741305253	AFR	-0.693214	-1.13229187227772	1.28208488402619
0.0271186011887182	0.00302403394998715	-0.00136517736453759	-0.00319482536594029	0.00489957369722805	-0.0178043328868223	-3.21589009518225e-05	0.000682527792413616	-0.00152199454536375	0.0379493724218307	AFR	-0.0358782	-0.467487886199952	0.218544923743699
0.0209052328556514	0.00719804099535247	-0.0016166975475442	-0.00591679740904112	0.00548261698600799	-0.0117694573585047	0.00182608811608158	0.00524870512010083	-0.00400827733770716	0.00748662227241091	AFR	-0.0875218	-0.480153738137679	0.230547612247587
0.0289840930377781	0.00237496840867064	-0.000871202233254565	-0.00205452473700915	0.00518829843446796	-0.00417578341803145	-0.00358140029439577	0.0055384510551141	-0.00672348938037691	-0.00563695580754982	AFR	1.39401	0.953557970781624	0.909272803641168
0.0308977036497561	0.00143143108406365	-0.000561911628050937	-0.00135329683775121	-0.00274866597248482	-0.006862402533682	-0.00108533497787485	0.00421768546319278	-0.000382264835702061	0.00993076899452243	AFR	1.0272	0.576161198177924	0.331961726285821
0.0305295684661879	0.00186526738273795	-0.000709489279101434	-0.00215451194465592	0.00193866825089495	-0.0121610447307989	0.00550342553291774	0.0015864669064268	-0.00843820070374513	-0.0222355646908866	AFR	0.888952	0.440758985464366	0.194268483267577
0.014896014763652	0.00557683016940611	-0.00821449006184717	8.21343422075038e-05	0.00166257957121642	-0.00596636207179086	-0.00276846424206795	0.00254462856724439	-0.00690225663225596	0.00437583373233053	AFR	1.05578	0.682640537637913	0.465998103626579
0.0214894600481682	0.00698672565473143	-0.00276203808429707	-0.00490195855778261	0.00665941229189855	-0.00603398743203142	-0.00578003616012248	0.000133861678724982	-0.0115383447396185	0.00367982425104894	AFR	1.1797	0.785297797409451	0.616692630616135
0.0158365453373462	0.0103657266087479	-0.00174637448285629	-0.00764446255444817	0.00232877404534561	-0.0050835045613358	-0.00258447608306052	0.00597042411068317	0.000802042471974189	0.0095567360495907	AFR	0.601748	0.24007003519876	0.057633621800334
0.0277521947096314	0.00267755983978657	-0.000849400571687306	-0.00307502405182965	0.00509797478849388	-0.00909093955079644	-0.00190048449743051	0.0018817391868895	-0.0112180939983634	-0.00807293965153419	AFR	0.65289	0.217346060734183	0.0472393101166671
0.0284124533472214	0.00318470680433724	-0.000919184089291144	-0.0017749201305345	0.00571291871584473	-0.00910450136249727	0.00370353597920872	-0.00314772014664297	-0.00126193758606647	0.00851821449255402	AFR	0.499631	0.065125177058901	0.0042412886869532
0.0207831384462075	0.00663118311956221	-0.00167873722367415	-0.00617031403411898	0.00522240395547369	-0.0116138122126182	-0.0011670669434396	0.00683173753408085	-0.00312780809805959	0.00211803201455118	AFR	-0.735465	-1.13049601861753	1.27802124811009
0.030515458005933	0.00137897870035003	-0.0006704347539647	-0.00125532002103488	-0.00124280242173131	-0.00403055063250325	-0.000754563237508217	0.00412425979124339	-0.0115581226303074	0.00453190178560578	AFR	0.987334	0.537445868072194	0.288848061107874
0.00181320154433158	-0.00380232016000777	-0.0331671683663784	0.029660616221165	0.00369867173150992	-0.0103050266058198	-0.0119979374113644	-0.00164947151777325	-0.0026797211953523	-0.000345590363419086	AFR	0.520328	0.177553576318076	0.0315252724633388
0.0261097700907661	0.00369660361161405	-0.000877219127957358	-0.00440413320072561	0.00792151956150373	-0.00543226880817676	-0.00108971247458374	0.00463182285005267	-0.00883337879317302	-1.35376424908665e-05	AFR	-0.0796852	-0.505730748445671	0.255763589923418
0.0099582315943195	0.0139276881534396	-0.00264369552500135	-0.0100026013230629	0.00143514080946907	-0.00845941427452337	-0.0014274557552985	-0.000895723128088457	0.00283928624370911	0.00859866299439791	AFR	0.286848	-0.039330067821857	0.00154685423487187
0.0275040191656997	0.00376145709344745	-0.000867982864138531	-0.00302058392800747	0.013149699046773	-0.01034135579522	0.000299956891764045	0.000291700887044293	-0.00345924043004584	0.00258030367102138	AFR	1.33107	0.901522839857164	0.812743430784126
0.0221062963481161	0.00601151925451872	-0.00242997726305716	-0.00521429156106213	0.00375114178133455	-0.010114167779449	-0.000618357015132172	0.00395499418290158	-0.00630959688338245	0.00530456389233793	AFR	0.0778997	-0.323537977140235	0.104676822651995
0.0264913125319298	0.00401418037843755	-0.00186659233194998	-0.00388579927369226	0.00134206333931723	-0.0133125453918113	0.00183793064783714	-0.00140697465649435	-0.00874459114303417	-0.00584425854472092	AFR	0.2302	-0.194827177093294	0.0379576289341418
0.025499760444094	0.00479722925510965	-0.00136045503386346	-0.00381930192173382	0.00370181854320437	-0.0121744488429118	0.000683913363701598	0.00139884024485543	-0.00321323298959925	0.00911664160668749	AFR	0.374297	-0.0438981955062228	0.00192705156870256
0.0337039108516875	-0.000373119775620083	-4.25004884308464e-05	0.000159762161443716	-0.00833577187925569	-0.00282829202532024	0.0016554164279686	0.000107498639086078	0.0111415354444642	0.000646342126934473	AFR	1.0913	0.623025794762179	0.388161140939044
0.0277156933008441	0.00287491940967538	-0.00153261964614365	-0.00208166345412103	0.00842645438905612	-0.0139643971046245	-0.00225834924372424	0.000878713850099048	-0.00167556422572323	-0.00223390482600288	AFR	0.0725586	-0.360972978798681	0.130301491422793
0.0241013248966711	0.00481293993698447	-0.00198490934827084	-0.00555958904482957	0.00608520935421646	-0.00306186874340113	-0.000234338549822059	0.0025117044962414	-0.0137037083756957	0.00362122866712768	AFR	0.426362	0.012128165749716	0.000147092404452584
0.0311377539164231	0.000763336791779447	-0.00111572719044146	-0.00152782585321733	0.00219248626839265	-0.0117740979262336	-0.000592480625258449	0.00381899198570803	-0.000732658280668621	-0.00107522139446506	AFR	0.79397	0.339121171729345	0.115003169115084
0.00557408869675976	-0.00634626162158799	-0.0318174143061658	0.0296857242757992	-0.00121444911368985	-0.00620792392074287	-0.0129758826130574	-0.00229869460289796	0.00238660406921252	0.000233152453522436	AFR	-0.0450861	-0.413138592710411	0.170683496786739
-0.0142545182521871	-0.00274713285084714	-0.042068239232457	0.0334088215069018	-0.000616215941910776	-0.00409885020284591	-0.0130342143828409	-0.000433525408118991	0.00199457740047475	-0.000462634182386279	AFR	0.56955	0.292368180889925	0.085479153196884
0.02062267334904	0.00800769418761219	-0.00231329498232133	-0.00626338406015102	0.00530114641277776	-0.0107773545743448	0.00431139197553736	-0.000757584475998807	-0.0264946847212758	-0.00566167345894407	AFR	0.630846	0.243097899471412	0.0590965887274129
0.0214241834047768	0.00532739497865391	-0.00477985829854075	-0.00329892419722859	0.00305081466323153	-0.0156263561807306	0.00327882036875907	-6.01732592950416e-05	-0.021677935889773	-0.00278226149935431	AFR	0.637394	0.237354266744044	0.0563370479416027
0.029910351335957	0.00141822597531856	-0.00225334333531107	-0.00150672039652606	0.00837481905691554	-0.0184497326831426	-0.00374187486335768	0.00128916011398277	-0.0264879072777848	0.0119139259733341	AFR	0.624989	0.177911734508155	0.0316525852757003
0.0245589205188473	0.0055234560628761	-0.0028363364787214	-0.004165416650725	0.00628978345247144	-0.0134336677009406	-0.00582220547285393	0.00173905370390098	-0.0204658377214649	0.00782800316738996	AFR	0.470052	0.0589292541140075	0.00347265699043327
0.0248813971771357	0.00452523124807167	-0.00126551086249254	-0.00341361281555066	0.00998211168457007	-0.0118289276837471	-0.00070377176034733	-0.000418634498412514	-0.00346487340595847	0.00206919661705058	AFR	0.590351	0.17316224611114	0.0299851634782551
0.0175415954614154	0.0093942436764269	-0.00160701040752165	-0.00738235756742084	0.00544577879808728	-0.0182734870086399	-0.00316569533754792	0.00616292494455569	0.0248156329676898	-0.00957801309791985	AFR	-0.068514	-0.440408899019747	0.193959998335786
0.0292440902444946	0.000626796736195793	-0.00329586762065923	0.00068630047121742	0.00202539202401933	-0.00932144092312889	0.000219377569803093	-0.000749589958055439	-0.00233052201953508	0.00335034692377707	AFR	0.41318	-0.033503936831526	0.00112251378321088
0.0280468940461122	0.00320258631081726	-0.00141735563723454	-0.00297999450173018	0.00531937510922325	-0.0121871820966035	0.00150343788726471	0.00153549480015097	-0.00696942956627895	0.00724078294245287	AFR	-0.412044	-0.845767926612578	0.715323385686539
0.0171060553553414	0.00921588521258336	-0.00286026114953679	-0.0078795535841484	0.00614318049439207	-0.0066489983788721	0.00136348760562596	0.00408780901666018	-0.00474834996038037	-0.00148235938391045	AFR	0.205423	-0.16557185362676	0.0274140387134013
0.0272361553838115	0.00244315922941088	-0.00154551796693519	-0.0028917731925371	-4.41681808317873e-05	-0.0107084078747638	-0.00151968327663049	-0.00252483626246528	-0.00153709964178762	0.00399162696850675	AFR	1.33046	0.895990559512427	0.802799082735392
0.0268765889769981	0.00302900070736419	-0.000800544260970371	-0.00309908480769972	0.00138278548288314	-0.00498296687373278	-0.00162950192418665	-0.00343415524757684	-0.00394603478388292	0.0102368443281254	AFR	0.367456	-0.0635244180604816	0.00403535168992284
0.0198160322426096	0.00775742703690928	-0.00300643897367205	-0.0060494801424514	0.00742516404039284	-0.012276988793346	0.00182219161086988	0.00143816979661238	0.0063255282287591	-0.00117556837025014	AFR	0.309904	-0.0758499566659938	0.00575321592623314
0.025859453352035	0.00448629469751039	-0.00108802180149759	-0.00439034184662496	0.00406356447711225	-0.0159398348944576	-0.00529547592261657	0.00593258263514287	0.0260650201337075	-0.0118149761450653	AFR	0.573422	0.152056331970571	0.0231211280923445
0.0286059062452335	0.00300400797993594	-0.000878421580214025	-0.00193798745771039	0.00396887697943527	-0.00842098358256362	0.00334541194438567	-0.000874588925451426	-0.00689369652836989	0.00728487324962488	AFR	0.759226	0.323093428587689	0.104389363596548
0.0297043871613689	0.00154879340170816	-0.000683567907414199	-0.00198304985384768	0.00112828134303142	-0.0124980371888519	-0.000269998187399545	0.000617562250997139	-0.0045923666356599	0.00635378557861256	AFR	0.812589	0.365770901411063	0.133788352319062
0.0238630237267787	0.00522018271420865	-0.00198027836961856	-0.00526877815099077	0.00485882074032603	-0.0142894590436501	-0.0072042248017123	0.00429474949675578	-0.0233066652390202	0.0500766885800541	AFR	0.317414	-0.0939125970130632	0.00881957587773801
0.0240031621233349	0.00482642445117633	-0.00225092527658617	-0.00407857977139387	0.00202375668875578	-0.013009792037725	-0.00673380201734017	0.00337964439667011	-0.0211536809033542	0.0498823689287692	AFR	0.376019	-0.0367513948719037	0.00135066502503059
0.0240140987115913	0.00355531182135196	-0.0037045344633003	-0.00085438279020939	0.00231654829957686	-0.0104790157171691	-0.00220134331736296	-0.000623772477052361	-0.0122838576888913	5.73421112748453e-05	AFR	0.0212453	-0.394820556204727	0.15588327160181
-0.0130774715392437	0.026073968629536	-0.00226081920119392	-0.0179806360592399	0.000197539832958	0.00843523322454831	0.0285249438859716	-0.0053989115643047	0.00152645626765817	0.00141355944140279	EUR	-0.789188	-0.985858502531429	0.971916987013512
-0.0128579924375672	0.0274006577568078	-0.00262450833936612	-0.0188476170684554	0.00241735102547617	0.00912536047659897	0.0304469607588669	-0.00732280053173596	-0.00293192199682416	-0.00143854912423885	EUR	-0.716905	-0.908426337331787	0.825238410358046
-0.0128304293281024	0.0261749652180433	-0.00213801194263178	-0.0183159240064028	0.000805484859151374	0.00916890031843489	0.0314516119341247	-0.00602753132634578	-0.00288586710863729	0.00018707704724827	EUR	-0.0221111	-0.219406653829031	0.0481392797444523
-0.0124958846675657	0.0274125749707136	-0.0024208614321058	-0.0189468047635796	0.00198827565245163	0.0109705077175292	0.0320843215005775	-0.00677085635622817	-0.00331063904752804	-0.00311305078950419	EUR	-0.183099	-0.375940778045369	0.141331468597357
-0.0130498947625896	0.0261012422725014	-0.00142671615529961	-0.0170821961270781	0.000518891259184285	0.00865515070091976	0.0294540429285596	-0.00828797202960235	4.64315567488524e-05	-0.000537259718099603	EUR	0.272361	0.0759025271630441	0.00576119362973665
-0.012919786724246	0.0267537450590895	-0.00150839329225586	-0.0177809933369355	0.00258781193418822	0.00763806356875077	0.0281518649411072	-0.0037342470372829	-0.00294658855155103	0.000625780172485015	EUR	-0.469728	-0.663948161660805	0.440827161372763
-0.0126872835308035	0.0266002193131876	-0.000915277491488128	-0.0171422810127091	0.00147151027152465	0.00735073147420709	0.0327309433963	-0.00523297418001789	5.33475972274807e-06	0.000695263779805527	EUR	0.880669	0.685067436837538	0.469317393015154
-0.0129017978875221	0.0264014078725871	-0.00213890405459428	-0.0179132138314977	0.00172082154018135	0.0091880536494465	0.0319393263103375	-0.00685832026513445	-0.0044891127413475	-0.00161278452731349	EUR	-0.123332	-0.319061265250908	0.10180009098351
-0.0127584278265399	0.026589724299163	-0.00243397353683809	-0.0190720094501905	0.000610239316785525	0.00893604529554336	0.0306911368383393	-0.00661695925499055	-0.00217647967387394	-0.000508193362906078	EUR	0.72772	0.53180047685741	0.282811747185769
-0.012969800452029	0.0265532307037311	-0.00221681894954083	-0.0183778807651863	-0.000507031460520691	0.00858168013281603	0.0295351286053631	-0.00368585361775356	-0.00115715004532463	0.00157319661876323	EUR	-0.33067	-0.525712668377943	0.276373809693057
-0.0129934455176634	0.0270694332617945	-0.00215719726149351	-0.0186282670082772	0.000863710773163674	0.00742748761001903	0.0267497908355514	-0.00821553779886304	-0.00238242303342174	0.00119815944374737	EUR	0.295739	0.103026013226139	0.0106143594012726
-0.0128462544660309	0.0262962268320537	-0.00229264028276614	-0.0175923326296839	0.000706087338635535	0.00899392155982168	0.0320331609045343	-0.00454674603692019	-0.00110028840876001	0.00197536707055702	EUR	-0.638291	-0.834426192149479	0.696267070145079
-0.0129307854957207	0.0265944987659255	-0.00238076469961582	-0.0194673584598621	0.00167095323248574	0.00962813239447975	0.0351910640218044	-0.00485497932198166	-0.000343992575129349	0.000111736983500716	EUR	0.00438452	-0.191210447391112	0.0365614351915092
-0.0130992986025178	0.0271217888899439	-0.00237720506318219	-0.0184611322204506	-0.000653799544178624	0.00785187173369418	0.0305087047112698	-0.00441294021456272	-0.00120357994806838	-0.00203286383068176	EUR	0.420302	0.228403024351362	0.0521679415328487
-0.0130093847694136	0.0266148187562105	-0.00184602680926677	-0.0186059297967371	0.00187711971705231	0.00734987779510425	0.0301970308280582	-0.00209784635045652	-0.00117017360755268	-0.000243624607608134	EUR	0.315585	0.120644705784572	0.0145551450338459
-0.0128805707054281	0.0266974655117578	-0.0031517253276566	-0.0194501777404342	0.00156163779651017	0.0102642712773077	0.0310542252793814	-0.00744577784532549	0.000139640108235968	-0.0014034468937009	EUR	-0.0939287	-0.28882867605848	0.0834220041136942
-0.0129033771542788	0.0268623324423914	-0.00270481813605242	-0.0187121878494933	0.000460235629511913	0.00765310096458792	0.0291343499344223	-0.00751036216569525	-0.000713832671383023	-0.00336749554700182	EUR	0.407567	0.213780045771052	0.045701907969873
-0.0128523334699191	0.026757730314885	-0.00218902677277764	-0.0192624340838171	0.00197245530665589	0.00889510818369258	0.0322324270300256	-0.0048440680793339	-0.00236976118331259	-0.00196117455149293	EUR	0.00253248	-0.192515732282801	0.0370623071763829
-0.0127701710448627	0.0263423150943116	-0.00198685588949426	-0.0189546934099774	0.00109543816852703	0.00786894033079153	0.0280879985657593	-0.00406506064312412	-0.000485838040549837	0.00357131209696427	EUR	0.406083	0.208896608122431	0.0436377928850564
-0.0126694168631137	0.0267463977282955	-0.00229786614665188	-0.0187744899800996	0.00146560719373278	0.00923795348196222	0.0356119179219771	-0.00664887329682978	-0.000420447313021168	0.000235089449957528	EUR	0.732476	0.537122206836896	0.288500265077337
-0.0129543916319435	0.0267582790848081	-0.00346304139578796	-0.0189947486257181	0.000800804276895802	0.00789083240421245	0.0326819144596956	-0.00580940350230319	2.7601689705661e-05	0.00307037338018748	EUR	0.134613	-0.0593135943725815	0.00351810247739513
-0.013319641505528	0.027294043826033	-0.00269933841130845	-0.0200716391225314	4.26486121566137e-05	0.00663291817817852	0.0260690943992307	-0.00451624753206574	-0.000915679282807746	0.00129716328399616	EUR	-0.551342	-0.742559852165636	0.551395134048251
-0.0128414798492473	0.0267997369009451	-0.00198413199303481	-0.0186517435289872	0.00102900833946187	0.00821368735363757	0.0304918446677391	-0.00506483258847022	0.00131303325214189	0.00262184056898871	EUR	0.421301	0.226706363266714	0.0513957751456193
-0.0128383658843093	0.0265316558721901	-0.00255139479756409	-0.0177542812248512	4.05291699608545e-06	0.00717401465011772	0.026354949792005	-0.00555783805351767	0.00112881784152184	0.000954816601886982	EUR	-0.417085	-0.612114920586295	0.374684676004366
-0.012750808047769	0.0261111627711165	-0.00157189656793096	-0.0180712587354823	0.00165879241018631	0.00732587565093965	0.0331170546271218	-0.00567463885391079	-0.00240388297521474	-0.00138343453242857	EUR	-0.648675	-0.846652664953713	0.716820735073223
-0.0127369336747557	0.0266523138193895	-0.00221774962465291	-0.0197904046131628	0.0012016351671706	0.00963744885624067	0.0340453648364372	-0.00454566019500227	-0.000879193446801924	-0.000374303019340323	EUR	-0.501274	-0.697530553931708	0.486548873668275
-0.0126932995109153	0.0266722328429615	-0.00256726370392265	-0.0189241230361435	0.000241617684213053	0.00839973921906628	0.0306373819899234	-0.00363112845495649	-0.00213909552963987	0.000637255457584343	EUR	-0.0711677	-0.266758803568593	0.0711602592813473
-0.0125812235063995	0.0264228411185002	-0.00264951013480431	-0.0189142184567387	0.000872413315591408	0.00753200942094407	0.0321638173999787	-0.00742573955368719	-0.00121985869538444	-0.000305450840947068	EUR	-0.56081	-0.757910196442521	0.574427865871541
-0.0128566970807495	0.0262417449112952	-0.00254140534644751	-0.0183985095404746	0.00183948083740425	0.00917924557745951	0.0315695742662168	-0.0050774038073502	-0.00381834437658145	0.00119169719113654	EUR	-0.333977	-0.530729751401538	0.281674069022738
-0.0128356980990897	0.026479190396776	-0.00235179603715593	-0.017838229091137	0.00105144564576843	0.009918117884725	0.034032903237635	-0.00571090466843022	-0.00225380242707379	0.000562671439240919	EUR	-0.0199097	-0.215344736359924	0.0463733554779251
-0.0128019708824624	0.0264517075769667	-0.00218124104645659	-0.0183354010403767	0.000587297075981367	0.00910925902424354	0.0304637171159015	-0.00541289945795998	-0.000841741381657351	-0.00140182035459585	EUR	-0.0734913	-0.26956725714383	0.0726665061240479
-0.0130321775113448	0.0272930174067569	-0.0022575714237637	-0.019268856273733	0.000943015364502035	0.0084518759841249	0.0301070933677882	-0.00565283662464738	-0.00160316121758318	-0.00478498573362314	EUR	0.955168	0.763280797510511	0.582597575848281
-0.0129514377619867	0.0267138026699281	-0.00233902784675839	-0.0191831589967476	0.00114491809928786	0.00822178624888887	0.0285076372219007	-0.00457121525185465	-0.00181104639529373	-0.000210551761415111	EUR	-0.0477675	-0.242568379710902	0.0588394188355725
-0.0128848565221457	0.0264799519704793	-0.00305752054902182	-0.0190907870644456	0.000389356634506635	0.00845411144784251	0.0368054106296522	-0.00884242146246576	-0.00234793169681712	0.00206927442557005	EUR	0.883054	0.687325256026897	0.47241600757244
-0.0126580978673602	0.0268959037500036	-0.00229095739629576	-0.0188713224625853	0.000570364934982028	0.0080493321589631	0.0315859434610041	-0.0043453618154539	-0.00328543393680501	-0.00161010631905541	EUR	0.215175	0.02042433478785	0.00041715345152618
-0.0128869172765957	0.0259098598031802	-0.00178153826222623	-0.0171251570802431	0.000317599731242243	0.00794262408526721	0.0281928069107435	-0.00295421011942367	-0.00104850166391968	-0.000677164760298493	EUR	-0.259538	-0.45730673605854	0.209129450844515
-0.0129076307543326	0.0269403549462537	-0.00236376458877848	-0.018774186472379	0.000669164182714561	0.00835215619356849	0.0307238187634309	-0.00744186904461522	-0.00191277688397514	-0.000270003591267635	EUR	0.0789972	-0.114608559222279	0.0131351218470066
-0.0128220179126621	0.0267483696779439	-0.00238339889324253	-0.018588941663314	0.000752513758310813	0.00805679975840522	0.0313626452708493	-0.00568870142199307	-0.00217108421298651	0.00166509970830137	EUR	0.886329	0.691656143036391	0.478388220199976
-0.0128594573065886	0.0269914898236117	-0.00240538000360381	-0.01951034619396	0.00115435868032678	0.00845556177639816	0.0284324830629381	-0.00516530825751445	0.000526146122433484	0.00227231136769083	EUR	-0.00988985	-0.203865148428351	0.0415609987437136
-0.0127989043532279	0.0266075142108387	-0.00193223127726921	-0.0182203074700738	0.000695215497507403	0.0096143416603371	0.0304600599164409	-0.0055797847968461	-0.00101801775042393	-0.00059405659836303	EUR	0.0845191	-0.11087631131965	0.0122935564118519
-0.01279138764421	0.026814467968807	-0.00322593518197908	-0.0185261005116975	0.000210808745082816	0.00888450912993434	0.0305820668536138	-0.00589519521799994	-0.00279602291528652	-0.00152781343723181	EUR	-0.42708	-0.621103082708014	0.385769039349398
-0.0125855868074777	0.026260574916364	-0.00258665321271647	-0.0194521388697283	0.000654004781350102	0.0106129201993423	0.0285324274895722	-0.00498493467193531	-0.00294014260360318	0.00137747589559723	EUR	-0.443203	-0.641427489315865	0.411429224050054
-0.0127254339575834	0.0266391362710771	-0.003708950816019	-0.0192893388164818	0.00200129401391388	0.00829302974409901	0.0324037767462447	-0.00329792421586258	-0.000443896664828265	-0.000580654741472153	EUR	-0.482311	-0.677640433739223	0.459196557438282
-0.0128952476532255	0.0269921855537247	-0.00187268022557358	-0.0192379040775814	0.000849738120530613	0.00843214598748056	0.0341522711086259	-0.0031791477264935	-0.00132961448921867	0.00220924981052946	EUR	-0.0975442	-0.291475597780582	0.0849580241015474
-0.0127867801545383	0.0271834755465519	-0.00217328997389937	-0.019267083666499	-0.000492128284748937	0.00509133198169172	0.0242581547499632	-0.00307267977501978	-0.00252015073669942	0.000797345989189863	EUR	-0.291631	-0.484899087194373	0.235127124761936
-0.012736144858844	0.0267413779844733	-0.00274531345891065	-0.018676230404506	0.000687987285781778	0.00765550195886895	0.0308743063427659	-0.00608733723468236	-0.0034848316515458	-0.00048588826129964	EUR	0.159516	-0.0353620078713423	0.00125047160069288
-0.0128898068566266	0.0271338425667787	-0.00316440337803414	-0.0182403541057637	-0.000172499309928088	0.010357047369535	0.0326328867509855	-0.00388092259724099	-0.000746979884987335	0.00142177260467794	EUR	-0.225549	-0.417580154807686	0.174373185689211
-0.0127839474219028	0.0270754851943315	-0.00278595350192461	-0.0187162989595826	0.0015867354369974	0.0108939955164972	0.0362721971048132	-0.00640507448237034	-0.00148602744057032	-0.000330596600617139	EUR	0.508041	0.314895430127179	0.0991591319149813
-0.0127988591698877	0.0263977100384072	-0.00203971723789673	-0.0187047988681634	0.000823803039601838	0.00953818878064647	0.0295665202257126	-0.00668764585737978	0.000927637117631416	-0.00220052270767411	EUR	-0.467057	-0.663701039834046	0.440499070276794
-0.0130160343875084	0.0270907075191469	-0.00360350298950023	-0.0184206043282838	0.00321915297524222	0.00677606763448139	0.0293073814584119	-0.00602730190313318	-0.00341890916608132	-0.00224003480777123	EUR	0.461213	0.269496146334381	0.072628172889082
-0.0126982873516984	0.0266255214409373	-0.00125350619031731	-0.0179285017987602	0.000254102450908058	0.00912733579320411	0.0319448172192908	-0.00515179745075794	-0.00252307054764235	0.00050019376143095	EUR	-0.70242	-0.898205171764234	0.806772530584016
-0.0126198945158638	0.0268112696042297	-0.00248582001139951	-0.0188785486606992	0.0022483212358791	0.00909362925502699	0.0295516739409647	-0.00510993934069665	-0.00299533620969763	0.000815105736818697	EUR	-0.794627	-0.989817751291318	0.979739180771401
-0.0127090911106258	0.0260302559178396	-0.0023518306451452	-0.0183954533614893	0.000567664547797347	0.00871142805153639	0.0296286906134222	-0.00808740273101988	-0.00173866009189975	0.00279937245306904	EUR	0.25595	0.0576142222858898	0.00331939860960792
-0.0126332483348925	0.0266866839986992	-0.00147001085142291	-0.0180439189484957	0.00122384526573677	0.00759039901410403	0.0281107013044622	-0.00442869768917724	-0.00153310129237342	-0.000192127528999043	EUR	0.182227	-0.0134584529670571	0.000181129956266488
-0.0128525228961012	0.0271059509979273	-0.00154237796793102	-0.0189364074240031	0.00214354975678746	0.00765602961795999	0.0264645712237189	-0.00350100996288933	-0.00305918123233772	0.00172371941378293	EUR	0.780945	0.587442431457996	0.345088610277282
-0.0129830211918646	0.0265109033201589	-0.00204760784231305	-0.0189971402652201	0.00101333296990108	0.00625103698537004	0.0258147083605481	-0.00419403426426961	-0.000287520142858377	0.00138960568812168	EUR	-0.0728438	-0.268516884611081	0.0721013173212405
-0.0130127856242601	0.0270759631215065	-0.00259150234857143	-0.0194337845900173	0.000272555166363754	0.00806635750767094	0.0323477602459137	-0.00519674376019014	-0.001143216971958	-0.00155372994707772	EUR	0.387534	0.194610126979234	0.0378731015228735
-0.0128235792925597	0.0266264351428965	-0.00273291508785311	-0.0188490368515976	0.000210071795431752	0.00968135749501055	0.030127612032776	-0.00518109261775969	-0.00106605728737689	0.000714383068457417	EUR	-0.502438	-0.69768107818675	0.486758886859826
-0.0130368832133177	0.0267694945860722	-0.00239309385142466	-0.0191669731260609	0.000822660141157137	0.00918491272168184	0.0292085172396579	-0.00455388241051408	-0.000784943788938845	0.00153264771604842	EUR	-0.405699	-0.599913720471249	0.359896472009656
-0.0127000845898749	0.0269041484224133	-0.00344595582649319	-0.0193472384807866	0.000913738550112812	0.00772579917977127	0.0302800935078307	-0.00559565269804316	6.83746971704259e-05	0.00127898533544048	EUR	0.630606	0.43628117524574	0.190341263873804
-0.0129241912892333	0.0267915843048001	-0.00222281984786399	-0.019642800922202	0.000404764083168763	0.00853730044861278	0.0315444393271465	-0.00479942769121741	-0.000185193805012969	0.0020004603449453	EUR	-0.302752	-0.497625109116516	0.247630749223224
-0.0129901500440462	0.0268990285271775	-0.00159676989750881	-0.0175751023843966	0.00125900407708882	0.0069979811625881	0.0271918196027548	-0.00521988997633665	-0.00219823454418209	0.0026330750780493	EUR	-0.626807	-0.819931372496202	0.672287455603505
-0.0128731960875343	0.0266704512907644	-0.00237070136621088	-0.0178692526101027	0.00192966780444826	0.00867265643962255	0.0299083867332316	-0.00374973264416093	-0.00202012205846642	-0.00100907459862095	EUR	0.521397	0.32698053024273	0.106916267157817
-0.0129049229543488	0.0268155884854991	-0.00253906778932474	-0.0173892711869721	0.0025551967243191	0.00794164282440367	0.0300893625713925	-0.00647477692005553	-0.00239399095957131	-0.00013799616858366	EUR	0.146857	-0.0463815684922212	0.00215124989579861
-0.0127510026220954	0.0270965106133599	-0.0024748305725406	-0.0187522037810935	0.000409194884267029	0.00669119060278301	0.0290139352346163	-0.00258496917752288	-0.00321931245032587	-0.00138009986274764	EUR	0.601841	0.408513278906592	0.166883099043015
-0.0129381726739158	0.0270267294838458	-0.0022626341589662	-0.0182960252683872	0.000616382836932784	0.00836079022271713	0.0344736138664389	-0.0047790308066889	-0.00214886751726487	0.00420481893017787	EUR	-0.277027	-0.469865638736547	0.220773718465303
-0.0129802130612514	0.0273207054096456	-0.00165144974453821	-0.0191686477249842	0.00171450782896048	0.0104616661586744	0.0302106602061577	-0.00707132852207298	-0.00155506337485069	-0.00168892236600501	EUR	0.0534663	-0.138689004324938	0.0192346399206426
-0.0128578523591383	0.0268532490527258	-0.00288198556383524	-0.0189286709911832	0.00129336184910818	0.00960261430934048	0.0363306159657564	-0.00872774094069109	-0.00116118672255487	-0.0010017788418642	EUR	-0.122023	-0.316059524073568	0.0998936227576104
-0.0129945964499569	0.0266657258755838	-0.00195633736617921	-0.0179227794991216	-0.000451401194593135	0.00954045194873173	0.0287187616488056	-0.00760226132547667	0.000949493475151626	1.08577783124697e-05	EUR	0.0691982	-0.125063717992277	0.0156409335580518
-0.0126523198566376	0.0270000803438906	-0.00182893041732801	-0.0183154884910418	-0.000298041577404673	0.00843703132481351	0.0320831188869733	-0.00449903845624677	-0.00274800232926321	0.00223064912492435	EUR	0.533696	0.339552433932705	0.115295855389624
-0.0128902111948415	0.0261668259793014	-0.00173206643187871	-0.0179259291557939	0.00152014214390886	0.0084390193844375	0.0285699372879321	-0.00393715496278429	-0.00382754583704354	-0.00257513426866899	EUR	-0.309777	-0.506854631094667	0.256901617062111
-0.012876020616721	0.0267769994328623	-0.0029412922685812	-0.0186832165336155	0.000286876882730885	0.0070816439787321	0.0288561831629996	-0.00729625552051396	-0.00423035795970618	-0.0021885386327577	EUR	0.0764378	-0.117713255834512	0.0138564105991613
-0.0128737252928405	0.0269164775618344	-0.00193204735199781	-0.0181991770431921	0.00178503686927	0.00931478353841994	0.0330047148895289	-0.00848551477351501	-0.00110629671310069	-0.00306215180414455	EUR	0.297962	0.104290637738997	0.0108765371200066
-0.0129126875840531	0.02673419245318	-0.00265446797497933	-0.0192304432986727	0.000977037751742717	0.00822740741389919	0.0317253527133858	-0.00599537700074113	-0.00392865727920218	-0.000585447556172091	EUR	0.142907	-0.0518079702884176	0.00268406578540556
-0.0128242660975605	0.0265631005031046	-0.00239394585675381	-0.0181043819657861	-0.000333035007860851	0.0102148155147596	0.0339650055176663	-0.00733563791114732	-0.00151224567883925	0.00284419236853688	EUR	-0.0906934	-0.285920049671066	0.081750274803905
-0.0125836871548721	0.0265509193637022	-0.00223361144275552	-0.0187682866439851	0.00104116939733539	0.0109757643808626	0.0331511242509843	-0.00578423518700083	-6.9057530436944e-05	-0.00102993915102721	EUR	0.039203	-0.157388712941725	0.0247712069614528
-0.0126508774569443	0.0273546495261792	-0.00332677561199411	-0.0193194996086437	0.000996213341575045	0.00808715414891857	0.0315043275422458	-0.00281991424178924	-0.00180331135829491	0.000502502134173676	EUR	-0.0301796	-0.222580985436936	0.0495422950780776
-0.0128721123672729	0.0264737787597666	-0.00245121355059195	-0.0182663077658784	0.00070318195691944	0.00666932888596314	0.0295179838034616	-0.00728538442369797	-0.00400589718945901	-0.000131458582647991	EUR	0.736157	0.540593313407728	0.292241130501146
-0.0126312244293231	0.0268869813244526	-0.00244689733693517	-0.0187494310603566	0.00144036860492416	0.00927732555059392	0.0356802266143361	-0.00530786880680553	-0.00227415696674279	-0.00155909900854917	EUR	-0.222327	-0.417058334428066	0.173937654315913
-0.0127459008357128	0.026500835789658	-0.00170934608755624	-0.018306447893199	0.000418303278149759	0.00868643581361863	0.0318326530222805	-0.00389762995171158	-0.00101917601590742	0.00184489408289762	EUR	0.277473	0.0812348180184228	0.00659909565848627
-0.0127769676985456	0.0265154864216265	-0.0018616953513661	-0.0182880953319682	0.000173355020855257	0.00912940336504281	0.0304529409807703	-0.00391802923144253	-0.00249718046843749	-0.000249579141633629	EUR	0.510583	0.314602510508908	0.0989747396185074
-0.0129951357858309	0.026950943852958	-0.00250702866962428	-0.0189376831086021	0.00154479214211446	0.00824873152620071	0.0339761504817503	-0.00633435208781251	-0.00189851953235259	0.000481571021461293	EUR	-0.494533	-0.687830772872261	0.473111172110052
-0.0129006767230593	0.0269997054897579	-0.00246950632544366	-0.0189624800312743	0.000634971966345247	0.0110235638117544	0.0368472489448143	-0.00762709353854424	-0.000249372644130093	0.002896296828747	EUR	0.0458134	-0.147605096840335	0.0217872646132447
-0.0129298200608202	0.0267240671270822	-0.00273685962050579	-0.0182868328001772	0.000852811189890143	0.00842071142564764	0.0312549500694755	-0.0018279152885599	-0.0016875077721892	-0.000394811824927332	EUR	-0.277962	-0.472026943726906	0.222809435604163
-0.0128991218874866	0.0267212961271868	-0.00273518112345282	-0.0177818975699188	0.000688877211433053	0.00843665350238827	0.0292523215934939	-0.00483201304843485	-0.00131545207455192	-0.000230459090043302	EUR	0.220045	0.0261846844163612	0.000685637697984428
-0.0128244674585015	0.0267274509313581	-0.00199715286926293	-0.0205967989957451	0.00232010959147948	0.0104653233929182	0.0352134844329131	-0.00800279113953705	-0.00234368110998647	0.00331301855423593	EUR	0.371532	0.175305893176119	0.030732156182277
-0.0129212700245911	0.0274155830743558	-0.0031525726530312	-0.0192527558174921	-0.000168357424220411	0.00857222154849342	0.0320176362038129	-0.0033330535603004	-0.0020928118593118	-0.00134496536455103	EUR	-0.738158	-0.929403310042245	0.863790512717481
-0.0127090463673667	0.0267369054074448	-0.00275491353599789	-0.0189066027625743	0.00202725601613218	0.00865930777090587	0.0303077112867481	-0.00735478304032816	-0.00261954007656013	0.000847168446289397	EUR	0.434451	0.239318618648248	0.0572734012317054
-0.0127401834439408	0.027162601529151	-0.00265663796894254	-0.0202798366471886	0.00021412624651073	0.00805162090115109	0.0304776579066581	-0.00214775185262894	-5.04755073876906e-05	-0.00172693999628776	EUR	0.148895	-0.0450436697451433	0.00202893218410954
-0.0127778308617905	0.0270098250105924	-0.00243539947529536	-0.0188094968032466	0.000797970251744512	0.00914210863051364	0.0315224461413788	-0.00679143399478921	-0.00142391713552089	-0.00126545905308639	EUR	-0.44765	-0.641352238968008	0.411332694429277
-0.0129848551633864	0.0267056005477264	-0.0026625608785789	-0.0190427322136629	0.000723146624018942	0.00843464846296813	0.0319676382240865	-0.00673971834930912	-0.00279327143308873	-0.00117928010030109	EUR	0.990711	0.796226908849027	0.633977290375277
-0.0128035318958565	0.0263754634554571	-0.00273359700919	-0.0187517307390123	0.00045206489837945	0.0102023007877177	0.0299087988414317	-0.00304167588619303	-0.001577074468221	0.00154768997616166	EUR	0.146573	-0.0498604929201245	0.00248606875423779
-0.0127301707603529	0.0269495652431555	-0.00233596336120285	-0.0193377580471236	-0.00017220763882535	0.00967790499856414	0.0342611210655908	-0.00639944436749475	-0.00458010316019491	0.00084928001860017	EUR	-0.409709	-0.604239786175762	0.365105719197731
-0.0128562881478526	0.0268849139789138	-0.00260642243977451	-0.0179164797400482	0.000690139522921021	0.00897235544766656	0.0355998205458849	-0.00686073442010325	-0.00129663204110352	-0.00218233621137659	EUR	0.0381206	-0.155257796880668	0.0241049834922388
-0.0129049165701434	0.0270560345387603	-0.00255436795535662	-0.0184341278169206	0.000711836528184881	0.00955032142013923	0.0325238225241733	-0.00326289766269179	-0.00207030167161947	-0.00122446631480351	EUR	-0.314574	-0.507335283712635	0.25738909009978
-0.0131124459489686	0.0269532872742293	-0.00265559198282842	-0.019000003356396	-0.000361560402822453	0.00771437698070197	0.0299583357302605	-0.00609867090627016	-0.00306212502735132	-0.00136690519338128	EUR	0.567741	0.374879391825653	0.140534558415571
-0.0127795915316523	0.026561868397289	-0.00197367578181813	-0.0180287325697904	0.00148542217083888	0.00832220026599232	0.0285729591817313	-0.00407715074061819	-0.000560380828385725	-0.000986034486032976	EUR	-0.539298	-0.734832154724229	0.539978295616653
-0.0126357969648668	0.0267051508139992	-0.00244642709406945	-0.0190078996496333	0.00133880476664018	0.00873252020139219	0.0296668963969137	-0.00647888927398932	-0.00116375702402604	9.3775861572499e-05	EUR	-0.214889	-0.410628652285656	0.168615890077934
-0.0128206623826746	0.0271711500478853	-0.00259311957889315	-0.0196024073283396	-0.000222345063014521	0.00739623639370181	0.0297041672291921	-0.00529328785392532	-0.00312855932656075	0.00264805485496034	EUR	0.996814	0.803587487261599	0.64575284968341
-0.0130499161959608	0.0268069956548303	-0.002033170494696	-0.0184026196047461	0.000482066147197058	0.0070911893130504	0.0311444035394604	-0.00490150977534528	-0.00276493914097556	0.000321823465230343	EUR	0.439865	0.24618703925569	0.0606080582974829
-0.0130589424830628	0.0258590734914861	-0.00215916541622561	-0.0178274401340693	0.00078098760600891	0.00680284225091836	0.0262302471487011	-0.00519750555981093	-0.000956877689064007	0.000658274913493462	EUR	-0.673085	-0.870783460510961	0.758263835099445
-0.0125749573686529	0.0267211295164946	-0.00338775137934647	-0.0180987842052357	0.00216876479810574	0.00947228519512691	0.0349897317434793	-0.00456420193916931	-0.00227839238162378	-0.00162646462481697	EUR	-0.222507	-0.417349038357404	0.17418021981785
-0.0127081343122891	0.0264999759163027	-0.00276583570758041	-0.0194636545755778	0.000837157296877554	0.00921667008581222	0.0326949097724299	-0.00716927251685946	-0.00256975379373284	0.0019354408698188	EUR	0.132446	-0.0641581611428914	0.00411626964123721
-0.0128757144778681	0.0272320636317293	-0.00225912615157732	-0.0182100841676934	0.00110908434171102	0.0098660019347034	0.030029944209228	-0.00143138884698217	-0.0017115448596157	0.000897435660610034	EUR	0.411276	0.219250385576914	0.0480707315756257
-0.0129348943247825	0.0265046077234694	-0.00216877977175221	-0.0187792834523903	9.41941065812702e-06	0.00818027293191454	0.027799694843813	-0.00698762614769808	-0.00049192352623019	0.00161393093902389	EUR	0.447961	0.252292845834542	0.063651680059292
-0.0128765189262389	0.0265740726330326	-0.00243240158737408	-0.0184860751033903	0.00122581331858422	0.00822459895481901	0.032267467636765	-0.00680142599199658	-0.000499332873474211	-0.00160961008698274	EUR	-0.494774	-0.689998124490662	0.476097411800632
-0.0126906984574851	0.0266203937511284	-0.00260534716426485	-0.0177595217414829	0.000149849023864968	0.00817807734696999	0.0286053266767909	-0.00574825613032033	-0.00306709982747001	0.00128115766966906	EUR	0.454625	0.259540316416071	0.0673611758453542
-0.0113753117905039	0.00628019411115396	0.0279685836495172	0.0202566094878132	-0.000484357674588239	-0.00149644546873293	-0.000670483487360557	0.000973537385289712	8.11917645135362e-05	6.28580541784984e-05	SAS	0.176696	-0.109191996687766	0.0119228921406612
-0.0113229977930469	0.00687022077073881	0.0279865363899821	0.0210990005043705	0.000213572379538553	-0.00149364445220414	-0.00199376481020123	0.00111026123012511	-0.000430521234360273	-0.000375761694791139	SAS	0.0986502	-0.184098721068089	0.0338923390989062
-0.0112549024991566	0.00426364070017611	0.0331283009524442	0.0267449194340552	-0.00155525437663115	-0.00202452373773652	0.000325747821784921	-0.00103256805779671	-0.00226359173124105	-0.00154676440497895	SAS	0.0309906	-0.263145578460508	0.0692455954633155
-0.0112737669058474	0.00486794806371236	0.033257199541507	0.0259286676308013	-0.000577860402179064	-0.00142685135074352	-0.000591622730084823	-0.0031228853915208	0.000127158445467086	-0.00241122548098602	SAS	0.0293483	-0.262451541504395	0.0688808116380334
-0.0118730542988103	0.00941233582330815	0.023590407383421	0.016478505096098	-0.00103596197752339	-0.00298066945636805	-0.00527041792581923	-0.00192415104876212	-4.45668054675609e-05	0.000128992287261494	SAS	0.455528	0.185780152027715	0.0345142648874408
-0.0113214237071655	0.00410982972695559	0.0328644042048364	0.0253905581212888	9.69821785617169e-05	-0.00142902606071154	-0.00389506277803935	-0.00163114574968819	0.00233478649222349	0.000950676689611753	SAS	-0.173161	-0.468537469062761	0.219527359915738
-0.0114594931204949	0.00664017934382382	0.0286649284244626	0.020733703938044	0.000900815528969898	-0.00132137024849711	-0.00405816518990096	-0.000734488981215168	0.000302201328082018	0.00200525240908987	SAS	0.558303	0.274371053845375	0.0752794751882217
-0.0114935858349488	0.00420670430005009	0.0316855866554047	0.0258623322369304	-0.00146304943475123	-0.00118142995257112	-0.00226972345354825	0.00141574232829221	0.00143024997454822	0.0011464328634354	SAS	0.294759	0.00127942990801855	1.63694088953235e-06
-0.0116188918992332	0.00708691765550168	0.0282321606939497	0.020559432448914	-0.000415997103216417	-0.000666144418001419	-0.00395444132929282	7.22849587673328e-05	-0.000676104619319537	0.000263172060195147	SAS	-0.270794	-0.551985664367174	0.30468817366687
-0.0115272822529748	0.00549741223405485	0.0328846507126525	0.0267615292759551	-0.000243873911073137	-0.00219214544210601	-0.000404963272638139	-0.000580201626967696	0.000107967886151528	0.000355339431952897	SAS	0.257706	-0.0295613177599991	0.000873871507707638
-0.0121213178468336	0.0113848258264581	0.0216791912259853	0.015528053392536	-0.00066740004046108	-0.00137370112251876	-0.00089248326575679	0.000296104914964796	-0.000642020726660839	-0.00223442677293922	SAS	0.0512683	-0.208026108672671	0.0432748618894939
-0.0113366073992741	0.00470958831334106	0.0332787966072211	0.0261689436651793	0.000202824864071404	-0.000654771054790253	0.000572129906670292	-0.00415394688923572	-0.000788408886328855	0.00252700528700255	SAS	0.506487	0.214293164365295	0.0459215602936913
-0.0114626311654922	0.00386168741201007	0.0330862553048493	0.0276430712376639	-0.00152662007574839	-0.00225021609375214	-0.00358900300376238	-0.00112655867589368	2.26614169108424e-05	0.000186983216534654	SAS	0.407284	0.112539504123356	0.0126651399883308
-0.0120303069165637	0.0102660252211817	0.0231708187597907	0.0164684419058502	-0.000733586020253939	-0.00301278493891489	-0.00535303853723602	-0.000172482393874971	-0.00237934068694404	0.000978460628813937	SAS	-0.553312	-0.818306363926954	0.669625305243353
-0.0112012544134827	0.00439191972955328	0.0329875898324151	0.0261043708708704	-0.000104835265925125	-0.000674865170922082	-0.00258549669000767	-0.00368412369866813	0.0015081641290112	0.00312216899851981	SAS	0.420069	0.126017256770032	0.0158803490038442
-0.011776577405491	0.0081775505318593	0.0252861533725335	0.0188414401102378	0.000488205395000747	-0.00200507938583606	-0.00162481914745313	0.00134443550843433	0.000102079405247029	-0.000546434198170069	SAS	-0.11612	-0.391324777911682	0.153135081807627
-0.0115040749095547	0.00658700258282063	0.0280346467507368	0.0211464408064858	0.000237447221799354	-0.00119296037227328	-0.00438014373453052	0.000116261597409711	-0.000615460152307755	0.00183413778670854	SAS	1.00897	0.725499214010742	0.526349109530204
-0.0113632968115648	0.00485661849217228	0.0331266781930348	0.0264395805490055	8.44710870507495e-05	-0.00272649978932025	-0.00143849163630596	-0.00207896303933347	0.000927463442938169	-0.000534677588029153	SAS	0.906119	0.614953995522617	0.378168416609231
-0.0113896059257409	0.00385861074547998	0.0337715284049132	0.0267515676707027	-0.000467568425824179	0.000689472962929807	-0.00308785529094063	-0.00117936534122899	0.00137642690522379	0.00246990164995858	SAS	0.372236	0.0763379458428586	0.00582748197550722
-0.0114118225002399	0.00424490496474	0.0318553132053173	0.0261965183278381	-0.00186702423063343	-0.000344982951368978	0.00232517589366502	0.000127111232365086	0.00242901515866635	0.00117601283380544	SAS	1.01741	0.723968332689487	0.524130146737196
-0.011942930298297	0.0110492823785665	0.0212369265443332	0.0144534395054039	-0.000129032285999226	-0.000555181887820723	-0.00155479026461714	-0.00274169542413218	0.000821605866349005	-0.00101630375619193	SAS	0.744516	0.482563018768475	0.232867067082943
-0.0119043527644379	0.00990759098407875	0.0249288018356723	0.0177622079782857	-0.000584307121082805	-0.000749826439677282	0.0019567263881072	0.00124264458442316	-0.00293247705647508	-0.00224526820502281	SAS	-0.440554	-0.70767593651985	0.500805231129247
-0.0113442215437988	0.00599628838192861	0.0281480415799797	0.0220587096280454	0.00141521205360945	-0.00177759293952566	-0.00284885333156687	-0.000992062014548079	-0.000187730625512169	0.00260470823329361	SAS	0.070037	-0.216233667987277	0.0467569991712319
-0.0114687493318214	0.00401389672608716	0.0343596174329708	0.026791259468518	-0.0001087039515552	-0.0015679814792023	-0.000902036872874321	-0.00219634359065384	0.00170132602268679	0.00179933193094928	SAS	-0.0541254	-0.349278334153249	0.121995354708868
-0.0114956769219675	0.00477905004553892	0.0318717092844916	0.0262056113357379	-0.00190226526072495	-0.00202536449704522	-0.00180086432580485	-0.00102907962120346	8.1327032813631e-05	-0.00018118935579292	SAS	0.924485	0.63384591718506	0.40176064673217
-0.0112607158786804	0.00468879174844482	0.0329097567566845	0.0258111466832279	-0.00120856727971939	-0.000506534740245433	-0.00300945284612224	-0.00135796082025606	0.00379789929803805	-0.00070487469514149	SAS	0.578744	0.286144413138167	0.0818786251701862
-0.0115555579422564	0.00511764475445561	0.0316290113336506	0.025741636287525	-0.00063143867212585	-0.000289724992847744	0.00240096263131824	-0.00127009262293557	-0.0019070072564332	-0.00185571532972455	SAS	0.169955	-0.119063867756198	0.0141762046050654
-0.0116663509855968	0.0090138034735239	0.0249293622762239	0.0184349618521955	-0.000348145025285173	-0.00103309606722172	-0.00599002437358664	-0.00110415570987578	-0.000832647421584295	-0.00266536232656852	SAS	-0.332352	-0.604066803957818	0.364896703643813
-0.0116578250139468	0.0076893184357912	0.0257752645833376	0.0190681136708997	-0.000569708576520086	-0.0022049299858228	-0.00478737337676782	0.000669591163576491	-0.000297309564932945	-0.000249775967358497	SAS	-0.408702	-0.686699859339081	0.471556696816314
-0.011297986164269	0.00415344215320064	0.0333181440790256	0.0268386100249419	-0.00170047116666071	1.55401160070366e-05	0.000375917068935997	-0.000950531405972673	0.00181234136729979	-0.00128965546237914	SAS	1.21401	0.919467559327838	0.845420592656291
-0.0117809091042548	0.00813181502065249	0.0260028715702588	0.0183506324245294	-0.000983568472071991	-0.00272663587312141	-0.00442014761044594	0.000422352387867178	7.01791077367355e-05	-0.000996971886835101	SAS	0.599038	0.322978427364552	0.104315064542879
-0.0117428731087568	0.00834458905842619	0.0255328804813107	0.0190188032127817	0.000907036360312297	-0.002771678962686	-0.00435191812199912	-0.00261075054263944	0.00177040741464649	-0.00156321245770265	SAS	1.59756	1.32302662252799	1.75039944391781
-0.0114143010758144	0.00577738881959697	0.0301872103983501	0.0237346122662691	-0.000893444936392641	-0.00181860056588261	-0.00294932960719627	-0.00159649019190643	-0.00112915575427276	0.000176729708156046	SAS	-0.0778164	-0.364787115449479	0.133069639597951
-0.0112515119833204	0.00460384650089426	0.0324981771041716	0.0261270217183597	-0.00140847781097572	-0.00147606976734245	-0.00149308328389221	-0.00447601642076118	0.000486502558490333	-0.00063223125997385	SAS	0.0719665	-0.220668360112491	0.0486945251547362
-0.0113315584809029	0.00532368664274437	0.0338482484650627	0.0261961013003632	-0.000335479118546252	-0.000685905918926915	-0.00223012756175832	-0.00124762795742024	0.000504580677770118	0.000831186458127471	SAS	0.0265311	-0.263032625536093	0.0691861620964105
-0.0115983773003104	0.00783600862394436	0.0245275206040046	0.0184683514139813	-0.000753894370124814	-0.00149407391236939	-0.00659562637030031	-0.00107867811454252	-0.00034371670367601	0.00186730087534128	SAS	0.831125	0.553831225281265	0.306729026096547
-0.0118900284149086	0.00836973553507584	0.0265436726351612	0.018017166090515	-0.000572165315551656	-0.00407730138261928	-0.00638608465132641	-0.000722572413775944	-0.000747161617668353	-0.0019194904988437	SAS	-1.03226	-1.30729867764572	1.70902983257425
-0.0114002221443847	0.00462311461480603	0.0326447253147666	0.0262523099666339	-0.00161380210092477	-0.00176102903651403	-0.000235438854165045	-0.000786417597240236	2.62508494012272e-05	-0.00090931174487128	SAS	0.841096	0.549061992274204	0.301469071360118
-0.0114720098081418	0.00776038914399657	0.0278978331145813	0.0199348293756659	-0.00124606260475534	-8.08745863055287e-05	-8.28753765418329e-05	0.00162683818887356	0.0017595677678054	2.35107967456032e-05	SAS	0.198117	-0.0806263245436824	0.0065006042094232
-0.0117410609425983	0.00659941278424213	0.0278871013422896	0.0226248739013389	-0.00139428428401262	-0.00289442764238863	-0.00500553778062123	0.00122632050616778	0.000650939203426818	0.000136829443965612	SAS	0.419156	0.137552095832953	0.0189205790680379
-0.0112033663236817	0.00393722011060532	0.0337913786710092	0.0269004009164338	-0.00081027664278661	-0.000606041670809467	0.000854331029446931	-0.00116804527851356	0.00312072366124889	0.00303578490414742	SAS	-0.443207	-0.739274192698452	0.546526331989947
-0.0111271001041874	0.00189289248000659	0.0323148084616591	0.0252254888093241	-0.000964482586117238	0.00077191176250041	0.00203814855262955	-0.00142338706443524	-0.00160639669913876	-0.000372627117879458	SAS	0.36314	0.0567958344825568	0.00322576681456998
-0.0113397864291801	0.00477506285893233	0.032156271917249	0.0257380323546435	-0.000934938711889989	-0.00243665345485777	-0.00277331072622336	-0.00102241477940607	-0.00108643560987089	-0.00132546317389205	SAS	0.981551	0.689936141294644	0.476011879064543
-0.011942448575625	0.0083305168443304	0.0261147286124182	0.0191636210069891	-0.00135906993124389	-0.00279415777789351	-0.00557186073251086	-0.00114016074788795	-0.000819168282340206	-0.000278966872056953	SAS	-1.09416	-1.36827354526969	1.87217249468487
-0.011429855487574	0.0058039666122303	0.0291229906760133	0.0238844985511757	0.000301323864407635	-0.00238378193961614	-0.00146987255561613	0.000678523558798214	-0.000479838300062016	-0.00161542116887841	SAS	0.185519	-0.100672589913727	0.0101349703599374
-0.0114852582927968	0.00405631994685006	0.0337582838379266	0.027679713102018	-0.00170645428488334	-0.002418937035603	-0.00136000418988681	-0.00167704732324767	0.000767883189771856	-0.00225268438898407	SAS	0.320546	0.0265007165069614	0.000702287975382336
-0.0114259582987594	0.00639226506528907	0.0291968298654162	0.0221161769832409	-0.00102294361107003	-0.00208458807934459	-0.00520788824477407	-0.00438031484857645	0.00231724909782588	0.00215759412877648	SAS	-0.444066	-0.728653684331114	0.530936191689306
-0.011994119885018	0.0102080596386329	0.0219184412287651	0.0165504060625694	1.09558376548579e-05	-0.00148529980705195	-0.00421341037840761	0.00243509903984525	-0.00193856495723849	-0.000526667004370756	SAS	-0.00685108	-0.271593318757108	0.0737629307935
-0.0115960167536439	0.0055623532060799	0.0302794885659792	0.0231945494962476	-0.000766722246350656	-0.00273184397544456	-0.00183960566634844	-0.0016373461321605	-0.000355328926475166	0.000968981213790955	SAS	0.226298	-0.0614656593115799	0.00377802727460721
-0.0110622487959252	0.00277318927688253	0.0317910378783497	0.0244531024228738	-0.000731461755108083	-0.00175748322100168	7.42717564142154e-05	0.00074539552791678	0.000981407083290262	0.000500469720284408	SAS	0.261815	-0.0408324297609845	0.00166728732018573
-0.0113233019345344	0.00326183781147573	0.0314138385136969	0.0238315918174484	-0.000287755859936796	-0.000974567746378642	0.0001027796113816	0.000810812311090478	0.00122863443519783	-0.00118813041228678	SAS	0.0888043	-0.210874648923491	0.0444681175586054
-0.0117562375665719	0.00997314515387025	0.02291210538423	0.0169496017791695	0.000287934393896744	-1.20330772702568e-05	-0.00380617631005257	5.09963682949763e-05	0.000494852614817774	-0.000327598428856516	SAS	0.776756	0.509886906512786	0.259984657433178
-0.0112937188620853	0.00479470796516663	0.0319757480164853	0.0262900489978798	-8.0499506140008e-05	0.001085240812568	0.000410576170690752	-0.00222436564171727	0.000859303964752763	-0.000446634565948787	SAS	0.161767	-0.129472403208193	0.0167631031925048
-0.0113720829428507	0.0039691198761063	0.032904091887309	0.0255630026669913	-0.00081531892337448	-0.00072791643870325	-0.0029658290305381	-0.0028349497047433	0.00126400995310091	-0.00136082992149891	SAS	0.294689	-0.0010908423447914	1.18993702119e-06
-0.011387389251479	0.00395935694051999	0.0329048566001264	0.0265690741658455	-0.00131417053462812	-0.00088836013812612	-0.00373154267447346	-0.000771783131457961	0.000262519851301676	0.001271262481261	SAS	0.144059	-0.151074976187961	0.0228236484301928
-0.011341378696289	0.00496412780491089	0.0314937267917355	0.0252014578431261	3.63833477305301e-05	-0.00231454982322082	-0.00458162857194542	-0.00352502577482224	0.000168305314895604	-0.00148386435952852	SAS	0.437359	0.146615566088236	0.0214961242193739
-0.0113304015906292	0.00504172661914849	0.033179494644913	0.0263346398711132	-0.000636367623526641	-0.000535938311965967	-0.00211598372982816	-0.00302443359940415	-0.00175993045820205	-0.000305163571477079	SAS	0.86398	0.573486789869242	0.328887098154528
-0.0112510830458348	0.00441432332077505	0.0333000875593238	0.0274531255397623	-0.000649477263819603	-0.00232021396324751	-0.00249762446816246	-0.00120165084617512	0.00187207899493586	0.000238997638737213	SAS	-0.130922	-0.423989820713442	0.179767368068616
-0.0113046738627293	0.00485849389971462	0.032689364972226	0.0253728747644608	-0.000380248023351456	-0.00155509327094937	-0.00209613776768632	-0.00101933090732607	0.000363282685667022	-0.00115116025101626	SAS	0.885377	0.593552199109436	0.352304213067647
-0.0113872452743619	0.00569612463006116	0.0302163539707777	0.0226247029203242	-0.000667443103870586	-0.000946531496005931	0.00214185222129162	-0.0036929426383256	0.00120547190297727	-0.000571868901819786	SAS	-0.664513	-0.95267935711285	0.907597957468952
-0.0114044500047431	0.0043672323887776	0.0337106793611633	0.0265610561713914	-0.00167770768706936	-0.00260660443688557	-0.00228440813023447	-0.00368090181693025	0.00112850745127968	0.000265673706429303	SAS	0.84104	0.547501654300907	0.29975806146223
-0.011100559000696	0.00447461426444824	0.0334541212709971	0.0271244274554287	-0.00115995951954856	-0.00138683336173059	-0.000712416261582665	-0.00148500231358772	0.00152379981528281	-0.00117208851805209	SAS	-0.13917	-0.432741456310193	0.187265168009467
-0.0114126382367256	0.00442553925051512	0.0309141503631951	0.0238517275433603	-0.000772823396642432	-0.00194208079838403	-0.00207016776345993	0.00220936983261696	0.000901109185653846	-0.000298433809156173	SAS	0.856968	0.563335853768548	0.317347284141138
-0.0113420753827735	0.00564567264190664	0.0299571734369651	0.0241358479523925	-0.000682611733748528	7.45291278289098e-05	0.000999048473975806	-0.00142569773982006	-0.000917464603165554	-0.00110628285296443	SAS	0.905291	0.617820430875672	0.381702084807401
-0.0113585052329623	0.00422999041255098	0.0319299162871638	0.0255766169313776	-0.00150476866104818	-0.000742557117771335	-0.000398434484670353	0.00195395576340755	-0.000102606782989939	-0.00238617379588603	SAS	0.362926	0.0688043715416435	0.00473404154324053
-0.0114540351068594	0.00532162087740562	0.0319320760981996	0.0247393891957017	-0.00167880635903161	-0.000478542586717157	0.000660414000118795	-0.00279790548526073	0.000795026710128247	0.00185930412932634	SAS	-0.394896	-0.684075128016555	0.467958780770866
-0.0113675298042057	0.00460386033142568	0.0332727460779026	0.0266318930973471	-0.000344658275923527	-0.00167229691404227	-0.00402012250127259	-0.00189098368543901	0.00141551107254159	-0.00319119103992821	SAS	0.382003	0.0897114989095834	0.00804815303660419
-0.011299499875953	0.00555558842208149	0.0324208085109808	0.0260425777426214	0.000354836568143224	-0.000787919321139932	-0.00324807168923192	-0.00222790180730275	0.00114488839762473	-0.00087806348380861	SAS	1.02609	0.738094539830119	0.544783549727035
-0.011493277494528	0.00415610138882348	0.0333763556716179	0.0267838505533359	-0.000990813725509775	-0.00162022293669889	-0.000639071408470679	-0.00392970010385945	-0.00106451753745906	-0.00126125210701703	SAS	0.336009	0.0420727772766355	0.00177011858776938
-0.0112995251678435	0.00413489734438794	0.033287783002902	0.0271488344073002	3.41791079392986e-05	-0.00106234221595233	0.00070098862328731	-0.000892259855467838	-0.000851032532202248	-0.00012146245251643	SAS	0.312412	0.0179991987155774	0.000323971154402842
-0.0112935727336471	0.00499624872639263	0.0326741469317538	0.026450875372366	-0.000895665635041883	-0.0023065687798245	-0.00103332949774351	-0.0049569018533	0.000339979255079542	0.00240695764788193	SAS	0.114814	-0.175703508255752	0.0308717228133792
-0.0115376300766718	0.00541386289268435	0.0307145156211671	0.0232563091558997	-0.000641166999349368	-0.000378582754092981	-0.00297121411374136	-0.00312051665891395	0.00225647597601641	0.000314210599197583	SAS	1.55977	1.27094138281366	1.6152919985483
-0.0113558496743677	0.00486504649773322	0.0335254672278248	0.0272202695949057	0.000194024086969421	0.000644380872496026	-0.000409896176325619	-0.00297898029820832	0.0029246957528427	-0.000508117836201013	SAS	0.521005	0.230162556363207	0.0529748023516464
-0.0114409820080031	0.00520846298242561	0.0326348047476467	0.025598481586571	-0.000929060037180079	-0.00293396479593881	-0.00362856783118915	-0.00169687568668774	0.00208346174977726	0.00106060838892448	SAS	0.693544	0.403999810597919	0.163215846963155
-0.0117274267732415	0.00974732770532619	0.0240838092922081	0.0174054122346073	-0.00114308845428093	-0.00126159880794995	-0.00512483906014818	-0.000546982266212909	-0.00192566689168538	0.00124811607318687	SAS	0.380093	0.111793972909173	0.012497892378817
-0.0110117095102718	0.00482859475724606	0.0332652949377192	0.0264941718201236	-0.000733167529701404	-0.00036046835706517	0.00012533051995513	-0.0033625652641506	0.00226423065291184	-0.00154858153200398	SAS	0.983581	0.691071134075216	0.477579312352005
-0.0114118175547146	0.00489107566749714	0.0333263479858349	0.0253493716944531	-0.00155601740959549	-0.00223116341317632	-0.00400165499886442	-0.00278172624256194	0.00230767507946444	0.00274876037017088	SAS	-0.00970717	-0.301335807613221	0.0908032689499122
-0.0114713918907995	0.00447289062345711	0.032258779470579	0.0256851667129451	-0.000934911623403196	-0.00117024914711854	-0.00122209370381115	-0.00124966560488318	0.000432870625882557	-0.000773555220328383	SAS	0.59862	0.305937766306468	0.0935979168525909
-0.011264457713273	0.00449855666276986	0.032690651460951	0.0257550263237493	-0.000691862383648416	-0.00159975724165677	-0.00268242798992813	0.000313237190296324	0.00144397672456394	-0.000705265639803802	SAS	0.158332	-0.135085118426273	0.0182479892202403
-0.0112802888103464	0.00454385767171338	0.0327459265920411	0.0266913246687192	-0.00180752270154598	-0.00101556276713144	-0.000198687309416214	-0.00267859410819503	5.29297720818356e-05	-0.00485290239282104	SAS	0.780548	0.487968225229515	0.238112988833643
-0.0114448777545979	0.00483927788249128	0.0320506574073116	0.0250909880328967	-0.00106048851327925	-0.00112622052269744	-0.00237336972854748	0.00255010769076557	0.00152535484981475	0.000433060756689694	SAS	-0.00128965	-0.292610083545457	0.0856206609924793
-0.0113708631135566	0.0043483429163553	0.0321938558398778	0.0259648597817385	-9.22965975377156e-05	-0.000525822443062306	-0.000392838237549193	-0.00286663063318901	0.00225311194802597	0.00128531622095408	SAS	0.439825	0.146425757315876	0.0214405024055279
-0.0113978345755292	0.00459591688513977	0.0300107455814268	0.0230767213061042	-0.000753793925279096	-0.00132256286056689	0.00156757814959451	-0.000691266440040342	0.000203863578577398	-0.00143355965611461	SAS	0.504475	0.211533518427697	0.0447464294184007
-0.0115295489938878	0.00417835025076248	0.0323700052111566	0.0256681054359759	-0.00120699432715278	-0.000771767581071386	-0.00291121191309415	0.000335713453167287	0.00161168608821044	-0.000517676479355215	SAS	1.1603	0.866358303566314	0.750576710158302
-0.0112793956586853	0.0048397254266838	0.0330903855257386	0.0256257602317018	-0.00153888142834643	-0.0018349180239991	-0.00024206849882991	0.00377004953611018	-0.000174104392812526	-0.000554112545987068	SAS	-0.429792	-0.721819900513005	0.521023968776605
-0.0111801998401705	0.00445879008387697	0.0334941432518128	0.0263506658111264	-0.000570801394653671	0.000310024987491466	0.00123323183143678	-0.00118768826665502	0.000378149277594565	-0.00108714118229973	SAS	0.0425735	-0.251317030537111	0.0631602498379914
-0.0115191923304555	0.00591785521715313	0.0280263003357973	0.0214272467121102	-0.000129532072491134	0.000846186346782994	-0.00218260175850372	-0.00119615971120416	-0.000235862619247366	-0.000913788557931251	SAS	0.0362183	-0.250179286421293	0.0625896753542673
-0.0113565139871999	0.00429059718732402	0.0329497018861224	0.0254066174269757	-0.00135668329462917	-0.000211728644963777	-0.00269714000954706	-0.00201296377358172	-0.00016667015039566	-7.73284521746426e-06	SAS	-0.0210732	-0.315508290542858	0.0995454814012767
-0.0111847680205286	0.00458914890596912	0.031893254327139	0.0258809103980194	-0.000102779397097687	-0.000832892299635445	0.000684082832786875	-0.00528497082976113	0.00239450351574064	0.000268423540886267	SAS	1.2285	0.935702200700175	0.875538608395151
-0.0114824718133172	0.00453386900856063	0.0330077686079097	0.026241791654053	-0.000359500812077302	-0.000769452494532703	-0.00184116435511064	-0.003720311012183	0.00122927500997413	-0.00109338225214557	SAS	0.848209	0.555850585992792	0.30896987394853
-0.0113283710646102	0.00446995051170533	0.0321703777118063	0.0253103109185852	-0.000950344900370356	-0.000584404914255788	-0.00246442976353505	-0.00318699413672901	0.000302598605980151	0.000427707590212331	SAS	0.294946	0.00157252667789493	2.47284015269125e-06
-0.0113588109547831	0.00462212733565947	0.0326881356549405	0.0263039159160148	0.000323249604915482	-0.00110331505733136	-0.00218499450858237	0.000381774068328381	0.00152590983230437	0.00174706129866042	SAS	-0.221533	-0.513698577990996	0.263886229029971
-0.0113566045305286	0.00437951611208393	0.0326911446616822	0.0262521076336195	-0.000684341087315948	-0.00200157749816313	-0.00101097796500487	-0.00402029281455458	0.00104370864636831	0.00209213395018701	SAS	-0.407696	-0.701049303204566	0.491470125523608
-0.0114434573663477	0.00469059451651655	0.0319281173593022	0.0259239762051465	-0.000376951447123317	-0.00181710829604995	-0.00121322657030177	0.00142523245090436	0.000915511045078362	0.000346880731031952	SAS	-0.0526734	-0.34411195872912	0.118413040140392
-0.0115132590388105	0.00370935733366477	0.0342667636739927	0.0267894241441573	-0.0013246657784902	-0.00359502367575098	-0.00154588599931108	-0.00322204830984217	0.00165212315748261	-0.000833359923440532	SAS	-0.159241	-0.455639777796294	0.207607607110256
-0.0115733848279063	0.00504327995834893	0.0317214837842541	0.0245373815050909	-0.00156547003147589	-0.00113536842512996	-0.00551079912175562	0.00132151231126574	-0.0010663207422457	-0.00277267974818367	SAS	0.490816	0.200694686864611	0.0402783573356844
-0.0113629931884828	0.00401317025598766	0.0315504116673922	0.0251101812278527	-0.00105189974995871	-0.00105499659898306	-0.00173738103000872	0.000702129787668062	0.0018832353359164	0.00145268369369784	SAS	-0.121212	-0.416459363451784	0.173438401406665
-0.0113446134433296	0.00439124586751964	0.0333999672434661	0.0266259553741906	-0.00111689451900467	-0.00154874642097388	0.000250984410873152	-0.000105557348988439	0.000458163739211705	-0.00127106410720089	SAS	0.428708	0.135271043249804	0.0182982551418903
-0.0112213755977702	0.0039205247086164	0.0326556869650646	0.0261790001224289	-0.000535516632340922	-0.00197637775038927	0.000571317127473142	0.00183044841632271	-0.00111466555113062	0.000175060297404053	SAS	0.274277	-0.021728275794244	0.000472117968990728
-0.0113221399755585	0.0042496124178515	0.0328573932431882	0.0266982924662031	-0.00204065805675961	-0.00278931366450575	-0.0028255748562421	-0.000399824287424856	8.41067403765801e-05	0.00127039269268437	SAS	0.217776	-0.076101441296913	0.00579142936746749
-0.0112575145069132	0.0043126329978029	0.0332191087366047	0.0270103760207316	-0.000781646868989249	-0.00146188375552332	-0.00132389635212502	-0.000925395195481295	0.000699564681538555	-2.76542990353323e-05	SAS	1.20551	0.911739937750591	0.831269714089452
-0.0115660932315529	0.0040620810688241	0.0326003978462063	0.0267922504435674	-0.00124309208598111	-0.00198642964872263	-0.00229783761009746	0.00210978244706894	0.000587749777335269	0.000288027652243165	SAS	1.06533	0.771568563652715	0.595318048417114
-0.0112708512193419	0.00456680020280785	0.0337309109110229	0.0256192954815278	-0.000581183178106038	0.000626491673653484	0.000706467323757021	-0.00126899826349218	7.27999756782115e-05	0.00294284358286946	SAS	0.492313	0.19865876174596	0.039465303618438
